"TimeCreated","RecordId","EventId","Channel","Provider","Level","Computer","UserSid","EventData","Message"
"2026-08-02T11:09:54.055Z","27326","16384","Application","Microsoft-Windows-Security-SPP","Information","LAPTOP-8SM7PKPU",,"{""Data"":["""",""""]}","Successfully scheduled Software Protection service for re-start at 2126-07-09T11:09:54Z. Reason: RulesEngine."
"2026-08-02T11:09:23.791Z","27325","16394","Application","Microsoft-Windows-Security-SPP","Information","LAPTOP-8SM7PKPU",,"{}","Offline downlevel migration succeeded."
"2026-08-02T10:45:56.295Z","27324","8224","Application","VSS","Information","LAPTOP-8SM7PKPU",,"{}","The VSS service is shutting down due to idle timeout. "
"2026-08-02T10:43:02.660Z","27323","1001","Application","Windows Error Reporting","Information","LAPTOP-8SM7PKPU","S-1-5-18","{""ReportId"":""feef7efa-b9b6-43a2-b252-e030ec2eaccd"",""StorePath"":""\\\\?\\C:\\ProgramData\\Microsoft\\Windows\\WER\\ReportQueue\\Kernel_193_5655eec2b36f7fc2c851bb4bca9c29fc33a437c5_00000000_feef7efa-b9b6-43a2-b252-e030ec2eaccd"",""P6"":""10_0_26200"",""P2"":""80e"",""P9"":"""",""Rechecking"":""0"",""EventName"":""LiveKernelEvent"",""P3"":""ffff87857aa0a080"",""BucketType"":""0"",""HashedBucket"":"""",""ReportStatus"":""2051"",""CabId"":""0"",""P10"":"""",""P8"":""256_1"",""P4"":""ffffd785658d03b0"",""CabGuid"":""0"",""Response"":""Not available"",""AnalysisSymbol"":"""",""P5"":""0"",""P7"":""0_0"",""P1"":""193"",""Bucket"":"""",""AttachedFiles"":""\n\\\\?\\C:\\Windows\\LiveKernelReports\\WATCHDOG\\WATCHDOG-20260623-1415.dmp\n\\\\?\\C:\\Windows\\SystemTemp\\WER-925533687-0.sysdata.xml\n\\\\?\\C:\\ProgramData\\Microsoft\\Windows\\WER\\Temp\\WER.075454f3-c917-42b7-ae22-5e544e0cc23d.tmp.WERInternalMetadata.xml\n\\\\?\\C:\\ProgramData\\Microsoft\\Windows\\WER\\Temp\\WER.5880debd-1665-4ca6-9ab1-df5268ec5dfb.tmp.csv\n\\\\?\\C:\\ProgramData\\Microsoft\\Windows\\WER\\Temp\\WER.57dfb2be-7aa4-48eb-8146-773e43864243.tmp.txt\n\\\\?\\C:\\ProgramData\\Microsoft\\Windows\\WER\\Temp\\WER.9f7087d1-37b2-4b1a-950e-d3fba7ffba02.tmp.xml""}","Fault bucket , type 0 Event Name: LiveKernelEvent Response: Not available Cab Id: 0  Problem signature: P1: 193 P2: 80e P3: ffff87857aa0a080 P4: ffffd785658d03b0 P5: 0 P6: 10_0_26200 P7: 0_0 P8: 256_1 P9:  P10:   Attached files: \\?\C:\Windows\LiveKernelReports\WATCHDOG\WATCHDOG-20260623-1415.dmp \\?\C:\Windows\SystemTemp\WER-925533687-0.sysdata.xml \\?\C:\ProgramData\Microsoft\Windows\WER\Temp\WER.075454f3-c917-42b7-ae22-5e544e0cc23d.tmp.WERInternalMetadata.xml \\?\C:\ProgramData\Microsoft\Windows\WER\Temp\WER.5880debd-1665-4ca6-9ab1-df5268ec5dfb.tmp.csv \\?\C:\ProgramData\Microsoft\Windows\WER\Temp\WER.57dfb2be-7aa4-48eb-8146-773e43864243.tmp.txt \\?\C:\ProgramData\Microsoft\Windows\WER\Temp\WER.9f7087d1-37b2-4b1a-950e-d3fba7ffba02.tmp.xml  These files may be available here: \\?\C:\ProgramData\Microsoft\Windows\WER\ReportQueue\Kernel_193_5655eec2b36f7fc2c851bb4bca9c29fc33a437c5_00000000_feef7efa-b9b6-43a2-b252-e030ec2eaccd  Analysis symbol:  Rechecking for solution: 0 Report Id: feef7efa-b9b6-43a2-b252-e030ec2eaccd Report Status: 2051 Hashed bucket:  Cab Guid: 0"
"2026-08-02T10:43:02.625Z","27322","1001","Application","Windows Error Reporting","Information","LAPTOP-8SM7PKPU","S-1-5-18","{""ReportId"":""4f9b6f3c-15ba-4eb1-9930-3e6a67b15959"",""StorePath"":""\\\\?\\C:\\ProgramData\\Microsoft\\Windows\\WER\\ReportQueue\\Kernel_193_984916d406ebc67914e7494a1c5ea15cd2f5f_00000000_4f9b6f3c-15ba-4eb1-9930-3e6a67b15959"",""P6"":""10_0_26200"",""P2"":""80e"",""P9"":"""",""Rechecking"":""0"",""EventName"":""LiveKernelEvent"",""P3"":""ffff8789999d3180"",""BucketType"":""0"",""HashedBucket"":"""",""ReportStatus"":""2051"",""CabId"":""0"",""P10"":"""",""P8"":""256_1"",""P4"":""ffffc506a0feead0"",""CabGuid"":""0"",""Response"":""Not available"",""AnalysisSymbol"":"""",""P5"":""0"",""P7"":""0_0"",""P1"":""193"",""Bucket"":"""",""AttachedFiles"":""\n\\\\?\\C:\\Windows\\LiveKernelReports\\WATCHDOG\\WATCHDOG-20260530-1357.dmp\n\\\\?\\C:\\Windows\\SystemTemp\\WER-1510141656-0.sysdata.xml\n\\\\?\\C:\\ProgramData\\Microsoft\\Windows\\WER\\Temp\\WER.6637a8e6-85d9-4a80-842f-cb34c6c4c222.tmp.WERInternalMetadata.xml\n\\\\?\\C:\\ProgramData\\Microsoft\\Windows\\WER\\Temp\\WER.0bbc6920-2e80-4246-bf72-8fea9f75ce6c.tmp.csv\n\\\\?\\C:\\ProgramData\\Microsoft\\Windows\\WER\\Temp\\WER.bc27b120-198f-4302-92cb-6ba411063d4c.tmp.txt\n\\\\?\\C:\\ProgramData\\Microsoft\\Windows\\WER\\Temp\\WER.fa00eff0-57de-44eb-b148-c27c58f53d37.tmp.xml""}","Fault bucket , type 0 Event Name: LiveKernelEvent Response: Not available Cab Id: 0  Problem signature: P1: 193 P2: 80e P3: ffff8789999d3180 P4: ffffc506a0feead0 P5: 0 P6: 10_0_26200 P7: 0_0 P8: 256_1 P9:  P10:   Attached files: \\?\C:\Windows\LiveKernelReports\WATCHDOG\WATCHDOG-20260530-1357.dmp \\?\C:\Windows\SystemTemp\WER-1510141656-0.sysdata.xml \\?\C:\ProgramData\Microsoft\Windows\WER\Temp\WER.6637a8e6-85d9-4a80-842f-cb34c6c4c222.tmp.WERInternalMetadata.xml \\?\C:\ProgramData\Microsoft\Windows\WER\Temp\WER.0bbc6920-2e80-4246-bf72-8fea9f75ce6c.tmp.csv \\?\C:\ProgramData\Microsoft\Windows\WER\Temp\WER.bc27b120-198f-4302-92cb-6ba411063d4c.tmp.txt \\?\C:\ProgramData\Microsoft\Windows\WER\Temp\WER.fa00eff0-57de-44eb-b148-c27c58f53d37.tmp.xml  These files may be available here: \\?\C:\ProgramData\Microsoft\Windows\WER\ReportQueue\Kernel_193_984916d406ebc67914e7494a1c5ea15cd2f5f_00000000_4f9b6f3c-15ba-4eb1-9930-3e6a67b15959  Analysis symbol:  Rechecking for solution: 0 Report Id: 4f9b6f3c-15ba-4eb1-9930-3e6a67b15959 Report Status: 2051 Hashed bucket:  Cab Guid: 0"
"2026-08-02T10:43:02.591Z","27321","1001","Application","Windows Error Reporting","Information","LAPTOP-8SM7PKPU","S-1-5-18","{""ReportId"":""3c66456f-e1f6-4dc9-b198-75831e559848"",""StorePath"":""\\\\?\\C:\\ProgramData\\Microsoft\\Windows\\WER\\ReportQueue\\Kernel_1d4_964e26076728cf242e9d4791629814ac6ec8c2_00000000_3c66456f-e1f6-4dc9-b198-75831e559848"",""P6"":""10_0_26200"",""P2"":""0"",""P9"":"""",""Rechecking"":""0"",""EventName"":""LiveKernelEvent"",""P3"":""12"",""BucketType"":""0"",""HashedBucket"":"""",""ReportStatus"":""2051"",""CabId"":""0"",""P10"":"""",""P8"":""256_1"",""P4"":""fffff003f90c7150"",""CabGuid"":""0"",""Response"":""Not available"",""AnalysisSymbol"":"""",""P5"":""102"",""P7"":""0_0"",""P1"":""1d4"",""Bucket"":"""",""AttachedFiles"":""\n\\\\?\\C:\\Windows\\LiveKernelReports\\UcmUcsiCx.sys\\UcmUcsiCx.sys-20260509-2322.dmp\n\\\\?\\C:\\Windows\\SystemTemp\\WER-272185656-0.sysdata.xml\n\\\\?\\C:\\ProgramData\\Microsoft\\Windows\\WER\\Temp\\WER.3717a5de-154e-48b1-ac4e-d44443386fbd.tmp.WERInternalMetadata.xml\n\\\\?\\C:\\ProgramData\\Microsoft\\Windows\\WER\\Temp\\WER.2db181bf-9033-4960-907d-6f3e6114edc7.tmp.csv\n\\\\?\\C:\\ProgramData\\Microsoft\\Windows\\WER\\Temp\\WER.ec817bed-6ca6-4940-b74f-447d9d491fbb.tmp.txt\n\\\\?\\C:\\ProgramData\\Microsoft\\Windows\\WER\\Temp\\WER.e923ea3d-4fe7-465b-9fe8-23da8900b4b2.tmp.xml""}","Fault bucket , type 0 Event Name: LiveKernelEvent Response: Not available Cab Id: 0  Problem signature: P1: 1d4 P2: 0 P3: 12 P4: fffff003f90c7150 P5: 102 P6: 10_0_26200 P7: 0_0 P8: 256_1 P9:  P10:   Attached files: \\?\C:\Windows\LiveKernelReports\UcmUcsiCx.sys\UcmUcsiCx.sys-20260509-2322.dmp \\?\C:\Windows\SystemTemp\WER-272185656-0.sysdata.xml \\?\C:\ProgramData\Microsoft\Windows\WER\Temp\WER.3717a5de-154e-48b1-ac4e-d44443386fbd.tmp.WERInternalMetadata.xml \\?\C:\ProgramData\Microsoft\Windows\WER\Temp\WER.2db181bf-9033-4960-907d-6f3e6114edc7.tmp.csv \\?\C:\ProgramData\Microsoft\Windows\WER\Temp\WER.ec817bed-6ca6-4940-b74f-447d9d491fbb.tmp.txt \\?\C:\ProgramData\Microsoft\Windows\WER\Temp\WER.e923ea3d-4fe7-465b-9fe8-23da8900b4b2.tmp.xml  These files may be available here: \\?\C:\ProgramData\Microsoft\Windows\WER\ReportQueue\Kernel_1d4_964e26076728cf242e9d4791629814ac6ec8c2_00000000_3c66456f-e1f6-4dc9-b198-75831e559848  Analysis symbol:  Rechecking for solution: 0 Report Id: 3c66456f-e1f6-4dc9-b198-75831e559848 Report Status: 2051 Hashed bucket:  Cab Guid: 0"
"2026-08-02T10:43:02.556Z","27320","1001","Application","Windows Error Reporting","Information","LAPTOP-8SM7PKPU","S-1-5-18","{""ReportId"":""0c16c476-a1b6-4770-a96b-5bd444952f3e"",""StorePath"":""\\\\?\\C:\\ProgramData\\Microsoft\\Windows\\WER\\ReportQueue\\Kernel_1d4_58376c2ce325d9ebb38ee5f5d37663c8816c04_00000000_0c16c476-a1b6-4770-a96b-5bd444952f3e"",""P6"":""10_0_26200"",""P2"":""0"",""P9"":"""",""Rechecking"":""0"",""EventName"":""LiveKernelEvent"",""P3"":""12"",""BucketType"":""0"",""HashedBucket"":"""",""ReportStatus"":""2051"",""CabId"":""0"",""P10"":"""",""P8"":""256_1"",""P4"":""ffff828f529b7150"",""CabGuid"":""0"",""Response"":""Not available"",""AnalysisSymbol"":"""",""P5"":""102"",""P7"":""0_0"",""P1"":""1d4"",""Bucket"":"""",""AttachedFiles"":""\n\\\\?\\C:\\Windows\\LiveKernelReports\\UcmUcsiCx.sys\\UcmUcsiCx.sys-20260408-0917.dmp\n\\\\?\\C:\\Windows\\SystemTemp\\WER-862550500-0.sysdata.xml\n\\\\?\\C:\\ProgramData\\Microsoft\\Windows\\WER\\Temp\\WER.cb02a0cc-3af2-42a0-8238-8c636f95d71e.tmp.WERInternalMetadata.xml\n\\\\?\\C:\\ProgramData\\Microsoft\\Windows\\WER\\Temp\\WER.732c3887-520a-4825-b2e4-5639e9365604.tmp.csv\n\\\\?\\C:\\ProgramData\\Microsoft\\Windows\\WER\\Temp\\WER.feffad12-c4be-4b35-888d-9e9ca76b7838.tmp.txt\n\\\\?\\C:\\ProgramData\\Microsoft\\Windows\\WER\\Temp\\WER.1255de6e-eacf-44c5-876a-efe17fd4315c.tmp.xml""}","Fault bucket , type 0 Event Name: LiveKernelEvent Response: Not available Cab Id: 0  Problem signature: P1: 1d4 P2: 0 P3: 12 P4: ffff828f529b7150 P5: 102 P6: 10_0_26200 P7: 0_0 P8: 256_1 P9:  P10:   Attached files: \\?\C:\Windows\LiveKernelReports\UcmUcsiCx.sys\UcmUcsiCx.sys-20260408-0917.dmp \\?\C:\Windows\SystemTemp\WER-862550500-0.sysdata.xml \\?\C:\ProgramData\Microsoft\Windows\WER\Temp\WER.cb02a0cc-3af2-42a0-8238-8c636f95d71e.tmp.WERInternalMetadata.xml \\?\C:\ProgramData\Microsoft\Windows\WER\Temp\WER.732c3887-520a-4825-b2e4-5639e9365604.tmp.csv \\?\C:\ProgramData\Microsoft\Windows\WER\Temp\WER.feffad12-c4be-4b35-888d-9e9ca76b7838.tmp.txt \\?\C:\ProgramData\Microsoft\Windows\WER\Temp\WER.1255de6e-eacf-44c5-876a-efe17fd4315c.tmp.xml  These files may be available here: \\?\C:\ProgramData\Microsoft\Windows\WER\ReportQueue\Kernel_1d4_58376c2ce325d9ebb38ee5f5d37663c8816c04_00000000_0c16c476-a1b6-4770-a96b-5bd444952f3e  Analysis symbol:  Rechecking for solution: 0 Report Id: 0c16c476-a1b6-4770-a96b-5bd444952f3e Report Status: 2051 Hashed bucket:  Cab Guid: 0"
"2026-08-02T10:43:02.521Z","27319","1001","Application","Windows Error Reporting","Information","LAPTOP-8SM7PKPU","S-1-5-18","{""ReportId"":""fd813499-7ee3-4b11-a99e-d55ee367584b"",""StorePath"":""\\\\?\\C:\\ProgramData\\Microsoft\\Windows\\WER\\ReportQueue\\Kernel_1d4_fed46974cfad8464b8c8641ec3cac3358d16d35_00000000_fd813499-7ee3-4b11-a99e-d55ee367584b"",""P6"":""10_0_26200"",""P2"":""0"",""P9"":"""",""Rechecking"":""0"",""EventName"":""LiveKernelEvent"",""P3"":""12"",""BucketType"":""0"",""HashedBucket"":"""",""ReportStatus"":""2051"",""CabId"":""0"",""P10"":"""",""P8"":""256_1"",""P4"":""ffffb70283eb0120"",""CabGuid"":""0"",""Response"":""Not available"",""AnalysisSymbol"":"""",""P5"":""102"",""P7"":""0_0"",""P1"":""1d4"",""Bucket"":"""",""AttachedFiles"":""\n\\\\?\\C:\\Windows\\LiveKernelReports\\UcmUcsiCx.sys\\UcmUcsiCx.sys-20251202-0826.dmp\n\\\\?\\C:\\Windows\\SystemTemp\\WER-143287890-0.sysdata.xml\n\\\\?\\C:\\ProgramData\\Microsoft\\Windows\\WER\\Temp\\WER.da7a0a1c-f212-46a3-8285-98673ebbfecf.tmp.WERInternalMetadata.xml\n\\\\?\\C:\\ProgramData\\Microsoft\\Windows\\WER\\Temp\\WER.fa91a330-f7ab-4be9-b50b-eb78ed451996.tmp.csv\n\\\\?\\C:\\ProgramData\\Microsoft\\Windows\\WER\\Temp\\WER.a4baff40-12e8-417b-aa39-708ac0828792.tmp.txt\n\\\\?\\C:\\ProgramData\\Microsoft\\Windows\\WER\\Temp\\WER.e95787e6-0218-43d5-906b-60f585b35cf9.tmp.xml""}","Fault bucket , type 0 Event Name: LiveKernelEvent Response: Not available Cab Id: 0  Problem signature: P1: 1d4 P2: 0 P3: 12 P4: ffffb70283eb0120 P5: 102 P6: 10_0_26200 P7: 0_0 P8: 256_1 P9:  P10:   Attached files: \\?\C:\Windows\LiveKernelReports\UcmUcsiCx.sys\UcmUcsiCx.sys-20251202-0826.dmp \\?\C:\Windows\SystemTemp\WER-143287890-0.sysdata.xml \\?\C:\ProgramData\Microsoft\Windows\WER\Temp\WER.da7a0a1c-f212-46a3-8285-98673ebbfecf.tmp.WERInternalMetadata.xml \\?\C:\ProgramData\Microsoft\Windows\WER\Temp\WER.fa91a330-f7ab-4be9-b50b-eb78ed451996.tmp.csv \\?\C:\ProgramData\Microsoft\Windows\WER\Temp\WER.a4baff40-12e8-417b-aa39-708ac0828792.tmp.txt \\?\C:\ProgramData\Microsoft\Windows\WER\Temp\WER.e95787e6-0218-43d5-906b-60f585b35cf9.tmp.xml  These files may be available here: \\?\C:\ProgramData\Microsoft\Windows\WER\ReportQueue\Kernel_1d4_fed46974cfad8464b8c8641ec3cac3358d16d35_00000000_fd813499-7ee3-4b11-a99e-d55ee367584b  Analysis symbol:  Rechecking for solution: 0 Report Id: fd813499-7ee3-4b11-a99e-d55ee367584b Report Status: 2051 Hashed bucket:  Cab Guid: 0"
"2026-08-02T10:43:02.394Z","27318","1001","Application","Windows Error Reporting","Information","LAPTOP-8SM7PKPU","S-1-5-18","{""ReportId"":""74bb6250-871a-45fb-b380-37a0c6df3fee"",""StorePath"":""\\\\?\\C:\\ProgramData\\Microsoft\\Windows\\WER\\ReportArchive\\NonCritical_Update;MoUpdateO_75253e2551bc3db4adfe5c338bb62eeed764c0f_00000000_74bb6250-871a-45fb-b380-37a0c6df3fee"",""P6"":""H"",""P2"":""80073d02"",""P9"":"""",""Rechecking"":""0"",""EventName"":""StoreAgentInstallFailure1"",""P3"":""26200"",""BucketType"":""5"",""HashedBucket"":""855ba864640edfe9d8676b92aab59792"",""ReportStatus"":""268435456"",""CabId"":""0"",""P10"":"""",""P8"":"""",""P4"":""8875"",""CabGuid"":""0"",""Response"":""Not available"",""AnalysisSymbol"":"""",""P5"":""Windows.Desktop"",""P7"":"""",""P1"":""Update;MoUpdateOrchestratorUserScan-MoUsoCoreWorker-SearchForAllUpdatesWithUpdateOptionsAsync"",""Bucket"":""1758492457184892818"",""AttachedFiles"":""\n\\\\?\\C:\\ProgramData\\Microsoft\\Windows\\WER\\Temp\\WER.56906885-172d-445a-a8da-62ff7e544f1c.tmp.WERInternalMetadata.xml""}","Fault bucket 1758492457184892818, type 5 Event Name: StoreAgentInstallFailure1 Response: Not available Cab Id: 0  Problem signature: P1: Update;MoUpdateOrchestratorUserScan-MoUsoCoreWorker-SearchForAllUpdatesWithUpdateOptionsAsync P2: 80073d02 P3: 26200 P4: 8875 P5: Windows.Desktop P6: H P7:  P8:  P9:  P10:   Attached files: \\?\C:\ProgramData\Microsoft\Windows\WER\Temp\WER.56906885-172d-445a-a8da-62ff7e544f1c.tmp.WERInternalMetadata.xml  These files may be available here: \\?\C:\ProgramData\Microsoft\Windows\WER\ReportArchive\NonCritical_Update;MoUpdateO_75253e2551bc3db4adfe5c338bb62eeed764c0f_00000000_74bb6250-871a-45fb-b380-37a0c6df3fee  Analysis symbol:  Rechecking for solution: 0 Report Id: 74bb6250-871a-45fb-b380-37a0c6df3fee Report Status: 268435456 Hashed bucket: 855ba864640edfe9d8676b92aab59792 Cab Guid: 0"
"2026-08-02T10:43:00.783Z","27317","1001","Application","Windows Error Reporting","Information","LAPTOP-8SM7PKPU","S-1-5-18","{""ReportId"":""158d29a4-95b4-4963-b0e2-de8048b82bd3"",""StorePath"":""\\\\?\\C:\\ProgramData\\Microsoft\\Windows\\WER\\ReportArchive\\NonCritical_Update;MoUpdateO_07d496ced751a660f079575cc6ebfb18a96e6_00000000_158d29a4-95b4-4963-b0e2-de8048b82bd3"",""P6"":""0"",""P2"":""80073d02"",""P9"":"""",""Rechecking"":""0"",""EventName"":""StoreAgentInstallFailure1"",""P3"":""26200"",""BucketType"":""5"",""HashedBucket"":""360c0966e19a9e438085bb96701dcf12"",""ReportStatus"":""268435456"",""CabId"":""0"",""P10"":"""",""P8"":"""",""P4"":""8875"",""CabGuid"":""0"",""Response"":""Not available"",""AnalysisSymbol"":"""",""P5"":""Windows.Desktop"",""P7"":"""",""P1"":""Update;MoUpdateOrchestratorUserScan-MoUsoCoreWorker-SearchForAllUpdatesWithUpdateOptionsAsync"",""Bucket"":""1190563931309854482"",""AttachedFiles"":""\n\\\\?\\C:\\ProgramData\\Microsoft\\Windows\\WER\\Temp\\WER.9dfeefce-a8bc-4d5e-9a9c-9f387f542153.tmp.WERInternalMetadata.xml""}","Fault bucket 1190563931309854482, type 5 Event Name: StoreAgentInstallFailure1 Response: Not available Cab Id: 0  Problem signature: P1: Update;MoUpdateOrchestratorUserScan-MoUsoCoreWorker-SearchForAllUpdatesWithUpdateOptionsAsync P2: 80073d02 P3: 26200 P4: 8875 P5: Windows.Desktop P6: 0 P7:  P8:  P9:  P10:   Attached files: \\?\C:\ProgramData\Microsoft\Windows\WER\Temp\WER.9dfeefce-a8bc-4d5e-9a9c-9f387f542153.tmp.WERInternalMetadata.xml  These files may be available here: \\?\C:\ProgramData\Microsoft\Windows\WER\ReportArchive\NonCritical_Update;MoUpdateO_07d496ced751a660f079575cc6ebfb18a96e6_00000000_158d29a4-95b4-4963-b0e2-de8048b82bd3  Analysis symbol:  Rechecking for solution: 0 Report Id: 158d29a4-95b4-4963-b0e2-de8048b82bd3 Report Status: 268435456 Hashed bucket: 360c0966e19a9e438085bb96701dcf12 Cab Guid: 0"
"2026-08-02T10:42:59.104Z","27316","1001","Application","Windows Error Reporting","Information","LAPTOP-8SM7PKPU","S-1-5-18","{""ReportId"":""feef7efa-b9b6-43a2-b252-e030ec2eaccd"",""StorePath"":""\\\\?\\C:\\ProgramData\\Microsoft\\Windows\\WER\\ReportQueue\\Kernel_193_5655eec2b36f7fc2c851bb4bca9c29fc33a437c5_00000000_feef7efa-b9b6-43a2-b252-e030ec2eaccd"",""P6"":""10_0_26200"",""P2"":""80e"",""P9"":"""",""Rechecking"":""0"",""EventName"":""LiveKernelEvent"",""P3"":""ffff87857aa0a080"",""BucketType"":""0"",""HashedBucket"":"""",""ReportStatus"":""2051"",""CabId"":""0"",""P10"":"""",""P8"":""256_1"",""P4"":""ffffd785658d03b0"",""CabGuid"":""0"",""Response"":""Not available"",""AnalysisSymbol"":"""",""P5"":""0"",""P7"":""0_0"",""P1"":""193"",""Bucket"":"""",""AttachedFiles"":""\n\\\\?\\C:\\Windows\\LiveKernelReports\\WATCHDOG\\WATCHDOG-20260623-1415.dmp\n\\\\?\\C:\\Windows\\SystemTemp\\WER-925533687-0.sysdata.xml\n\\\\?\\C:\\ProgramData\\Microsoft\\Windows\\WER\\Temp\\WER.075454f3-c917-42b7-ae22-5e544e0cc23d.tmp.WERInternalMetadata.xml\n\\\\?\\C:\\ProgramData\\Microsoft\\Windows\\WER\\Temp\\WER.5880debd-1665-4ca6-9ab1-df5268ec5dfb.tmp.csv\n\\\\?\\C:\\ProgramData\\Microsoft\\Windows\\WER\\Temp\\WER.57dfb2be-7aa4-48eb-8146-773e43864243.tmp.txt\n\\\\?\\C:\\ProgramData\\Microsoft\\Windows\\WER\\Temp\\WER.9f7087d1-37b2-4b1a-950e-d3fba7ffba02.tmp.xml""}","Fault bucket , type 0 Event Name: LiveKernelEvent Response: Not available Cab Id: 0  Problem signature: P1: 193 P2: 80e P3: ffff87857aa0a080 P4: ffffd785658d03b0 P5: 0 P6: 10_0_26200 P7: 0_0 P8: 256_1 P9:  P10:   Attached files: \\?\C:\Windows\LiveKernelReports\WATCHDOG\WATCHDOG-20260623-1415.dmp \\?\C:\Windows\SystemTemp\WER-925533687-0.sysdata.xml \\?\C:\ProgramData\Microsoft\Windows\WER\Temp\WER.075454f3-c917-42b7-ae22-5e544e0cc23d.tmp.WERInternalMetadata.xml \\?\C:\ProgramData\Microsoft\Windows\WER\Temp\WER.5880debd-1665-4ca6-9ab1-df5268ec5dfb.tmp.csv \\?\C:\ProgramData\Microsoft\Windows\WER\Temp\WER.57dfb2be-7aa4-48eb-8146-773e43864243.tmp.txt \\?\C:\ProgramData\Microsoft\Windows\WER\Temp\WER.9f7087d1-37b2-4b1a-950e-d3fba7ffba02.tmp.xml  These files may be available here: \\?\C:\ProgramData\Microsoft\Windows\WER\ReportQueue\Kernel_193_5655eec2b36f7fc2c851bb4bca9c29fc33a437c5_00000000_feef7efa-b9b6-43a2-b252-e030ec2eaccd  Analysis symbol:  Rechecking for solution: 0 Report Id: feef7efa-b9b6-43a2-b252-e030ec2eaccd Report Status: 2051 Hashed bucket:  Cab Guid: 0"
"2026-08-02T10:42:59.071Z","27315","1001","Application","Windows Error Reporting","Information","LAPTOP-8SM7PKPU","S-1-5-18","{""ReportId"":""4f9b6f3c-15ba-4eb1-9930-3e6a67b15959"",""StorePath"":""\\\\?\\C:\\ProgramData\\Microsoft\\Windows\\WER\\ReportQueue\\Kernel_193_984916d406ebc67914e7494a1c5ea15cd2f5f_00000000_4f9b6f3c-15ba-4eb1-9930-3e6a67b15959"",""P6"":""10_0_26200"",""P2"":""80e"",""P9"":"""",""Rechecking"":""0"",""EventName"":""LiveKernelEvent"",""P3"":""ffff8789999d3180"",""BucketType"":""0"",""HashedBucket"":"""",""ReportStatus"":""2051"",""CabId"":""0"",""P10"":"""",""P8"":""256_1"",""P4"":""ffffc506a0feead0"",""CabGuid"":""0"",""Response"":""Not available"",""AnalysisSymbol"":"""",""P5"":""0"",""P7"":""0_0"",""P1"":""193"",""Bucket"":"""",""AttachedFiles"":""\n\\\\?\\C:\\Windows\\LiveKernelReports\\WATCHDOG\\WATCHDOG-20260530-1357.dmp\n\\\\?\\C:\\Windows\\SystemTemp\\WER-1510141656-0.sysdata.xml\n\\\\?\\C:\\ProgramData\\Microsoft\\Windows\\WER\\Temp\\WER.6637a8e6-85d9-4a80-842f-cb34c6c4c222.tmp.WERInternalMetadata.xml\n\\\\?\\C:\\ProgramData\\Microsoft\\Windows\\WER\\Temp\\WER.0bbc6920-2e80-4246-bf72-8fea9f75ce6c.tmp.csv\n\\\\?\\C:\\ProgramData\\Microsoft\\Windows\\WER\\Temp\\WER.bc27b120-198f-4302-92cb-6ba411063d4c.tmp.txt\n\\\\?\\C:\\ProgramData\\Microsoft\\Windows\\WER\\Temp\\WER.fa00eff0-57de-44eb-b148-c27c58f53d37.tmp.xml""}","Fault bucket , type 0 Event Name: LiveKernelEvent Response: Not available Cab Id: 0  Problem signature: P1: 193 P2: 80e P3: ffff8789999d3180 P4: ffffc506a0feead0 P5: 0 P6: 10_0_26200 P7: 0_0 P8: 256_1 P9:  P10:   Attached files: \\?\C:\Windows\LiveKernelReports\WATCHDOG\WATCHDOG-20260530-1357.dmp \\?\C:\Windows\SystemTemp\WER-1510141656-0.sysdata.xml \\?\C:\ProgramData\Microsoft\Windows\WER\Temp\WER.6637a8e6-85d9-4a80-842f-cb34c6c4c222.tmp.WERInternalMetadata.xml \\?\C:\ProgramData\Microsoft\Windows\WER\Temp\WER.0bbc6920-2e80-4246-bf72-8fea9f75ce6c.tmp.csv \\?\C:\ProgramData\Microsoft\Windows\WER\Temp\WER.bc27b120-198f-4302-92cb-6ba411063d4c.tmp.txt \\?\C:\ProgramData\Microsoft\Windows\WER\Temp\WER.fa00eff0-57de-44eb-b148-c27c58f53d37.tmp.xml  These files may be available here: \\?\C:\ProgramData\Microsoft\Windows\WER\ReportQueue\Kernel_193_984916d406ebc67914e7494a1c5ea15cd2f5f_00000000_4f9b6f3c-15ba-4eb1-9930-3e6a67b15959  Analysis symbol:  Rechecking for solution: 0 Report Id: 4f9b6f3c-15ba-4eb1-9930-3e6a67b15959 Report Status: 2051 Hashed bucket:  Cab Guid: 0"
"2026-08-02T10:42:59.038Z","27314","1001","Application","Windows Error Reporting","Information","LAPTOP-8SM7PKPU","S-1-5-18","{""ReportId"":""3c66456f-e1f6-4dc9-b198-75831e559848"",""StorePath"":""\\\\?\\C:\\ProgramData\\Microsoft\\Windows\\WER\\ReportQueue\\Kernel_1d4_964e26076728cf242e9d4791629814ac6ec8c2_00000000_3c66456f-e1f6-4dc9-b198-75831e559848"",""P6"":""10_0_26200"",""P2"":""0"",""P9"":"""",""Rechecking"":""0"",""EventName"":""LiveKernelEvent"",""P3"":""12"",""BucketType"":""0"",""HashedBucket"":"""",""ReportStatus"":""2051"",""CabId"":""0"",""P10"":"""",""P8"":""256_1"",""P4"":""fffff003f90c7150"",""CabGuid"":""0"",""Response"":""Not available"",""AnalysisSymbol"":"""",""P5"":""102"",""P7"":""0_0"",""P1"":""1d4"",""Bucket"":"""",""AttachedFiles"":""\n\\\\?\\C:\\Windows\\LiveKernelReports\\UcmUcsiCx.sys\\UcmUcsiCx.sys-20260509-2322.dmp\n\\\\?\\C:\\Windows\\SystemTemp\\WER-272185656-0.sysdata.xml\n\\\\?\\C:\\ProgramData\\Microsoft\\Windows\\WER\\Temp\\WER.3717a5de-154e-48b1-ac4e-d44443386fbd.tmp.WERInternalMetadata.xml\n\\\\?\\C:\\ProgramData\\Microsoft\\Windows\\WER\\Temp\\WER.2db181bf-9033-4960-907d-6f3e6114edc7.tmp.csv\n\\\\?\\C:\\ProgramData\\Microsoft\\Windows\\WER\\Temp\\WER.ec817bed-6ca6-4940-b74f-447d9d491fbb.tmp.txt\n\\\\?\\C:\\ProgramData\\Microsoft\\Windows\\WER\\Temp\\WER.e923ea3d-4fe7-465b-9fe8-23da8900b4b2.tmp.xml""}","Fault bucket , type 0 Event Name: LiveKernelEvent Response: Not available Cab Id: 0  Problem signature: P1: 1d4 P2: 0 P3: 12 P4: fffff003f90c7150 P5: 102 P6: 10_0_26200 P7: 0_0 P8: 256_1 P9:  P10:   Attached files: \\?\C:\Windows\LiveKernelReports\UcmUcsiCx.sys\UcmUcsiCx.sys-20260509-2322.dmp \\?\C:\Windows\SystemTemp\WER-272185656-0.sysdata.xml \\?\C:\ProgramData\Microsoft\Windows\WER\Temp\WER.3717a5de-154e-48b1-ac4e-d44443386fbd.tmp.WERInternalMetadata.xml \\?\C:\ProgramData\Microsoft\Windows\WER\Temp\WER.2db181bf-9033-4960-907d-6f3e6114edc7.tmp.csv \\?\C:\ProgramData\Microsoft\Windows\WER\Temp\WER.ec817bed-6ca6-4940-b74f-447d9d491fbb.tmp.txt \\?\C:\ProgramData\Microsoft\Windows\WER\Temp\WER.e923ea3d-4fe7-465b-9fe8-23da8900b4b2.tmp.xml  These files may be available here: \\?\C:\ProgramData\Microsoft\Windows\WER\ReportQueue\Kernel_1d4_964e26076728cf242e9d4791629814ac6ec8c2_00000000_3c66456f-e1f6-4dc9-b198-75831e559848  Analysis symbol:  Rechecking for solution: 0 Report Id: 3c66456f-e1f6-4dc9-b198-75831e559848 Report Status: 2051 Hashed bucket:  Cab Guid: 0"
"2026-08-02T10:42:59.004Z","27313","1001","Application","Windows Error Reporting","Information","LAPTOP-8SM7PKPU","S-1-5-18","{""ReportId"":""0c16c476-a1b6-4770-a96b-5bd444952f3e"",""StorePath"":""\\\\?\\C:\\ProgramData\\Microsoft\\Windows\\WER\\ReportQueue\\Kernel_1d4_58376c2ce325d9ebb38ee5f5d37663c8816c04_00000000_0c16c476-a1b6-4770-a96b-5bd444952f3e"",""P6"":""10_0_26200"",""P2"":""0"",""P9"":"""",""Rechecking"":""0"",""EventName"":""LiveKernelEvent"",""P3"":""12"",""BucketType"":""0"",""HashedBucket"":"""",""ReportStatus"":""2051"",""CabId"":""0"",""P10"":"""",""P8"":""256_1"",""P4"":""ffff828f529b7150"",""CabGuid"":""0"",""Response"":""Not available"",""AnalysisSymbol"":"""",""P5"":""102"",""P7"":""0_0"",""P1"":""1d4"",""Bucket"":"""",""AttachedFiles"":""\n\\\\?\\C:\\Windows\\LiveKernelReports\\UcmUcsiCx.sys\\UcmUcsiCx.sys-20260408-0917.dmp\n\\\\?\\C:\\Windows\\SystemTemp\\WER-862550500-0.sysdata.xml\n\\\\?\\C:\\ProgramData\\Microsoft\\Windows\\WER\\Temp\\WER.cb02a0cc-3af2-42a0-8238-8c636f95d71e.tmp.WERInternalMetadata.xml\n\\\\?\\C:\\ProgramData\\Microsoft\\Windows\\WER\\Temp\\WER.732c3887-520a-4825-b2e4-5639e9365604.tmp.csv\n\\\\?\\C:\\ProgramData\\Microsoft\\Windows\\WER\\Temp\\WER.feffad12-c4be-4b35-888d-9e9ca76b7838.tmp.txt\n\\\\?\\C:\\ProgramData\\Microsoft\\Windows\\WER\\Temp\\WER.1255de6e-eacf-44c5-876a-efe17fd4315c.tmp.xml""}","Fault bucket , type 0 Event Name: LiveKernelEvent Response: Not available Cab Id: 0  Problem signature: P1: 1d4 P2: 0 P3: 12 P4: ffff828f529b7150 P5: 102 P6: 10_0_26200 P7: 0_0 P8: 256_1 P9:  P10:   Attached files: \\?\C:\Windows\LiveKernelReports\UcmUcsiCx.sys\UcmUcsiCx.sys-20260408-0917.dmp \\?\C:\Windows\SystemTemp\WER-862550500-0.sysdata.xml \\?\C:\ProgramData\Microsoft\Windows\WER\Temp\WER.cb02a0cc-3af2-42a0-8238-8c636f95d71e.tmp.WERInternalMetadata.xml \\?\C:\ProgramData\Microsoft\Windows\WER\Temp\WER.732c3887-520a-4825-b2e4-5639e9365604.tmp.csv \\?\C:\ProgramData\Microsoft\Windows\WER\Temp\WER.feffad12-c4be-4b35-888d-9e9ca76b7838.tmp.txt \\?\C:\ProgramData\Microsoft\Windows\WER\Temp\WER.1255de6e-eacf-44c5-876a-efe17fd4315c.tmp.xml  These files may be available here: \\?\C:\ProgramData\Microsoft\Windows\WER\ReportQueue\Kernel_1d4_58376c2ce325d9ebb38ee5f5d37663c8816c04_00000000_0c16c476-a1b6-4770-a96b-5bd444952f3e  Analysis symbol:  Rechecking for solution: 0 Report Id: 0c16c476-a1b6-4770-a96b-5bd444952f3e Report Status: 2051 Hashed bucket:  Cab Guid: 0"
"2026-08-02T10:42:58.970Z","27312","1001","Application","Windows Error Reporting","Information","LAPTOP-8SM7PKPU","S-1-5-18","{""ReportId"":""fd813499-7ee3-4b11-a99e-d55ee367584b"",""StorePath"":""\\\\?\\C:\\ProgramData\\Microsoft\\Windows\\WER\\ReportQueue\\Kernel_1d4_fed46974cfad8464b8c8641ec3cac3358d16d35_00000000_fd813499-7ee3-4b11-a99e-d55ee367584b"",""P6"":""10_0_26200"",""P2"":""0"",""P9"":"""",""Rechecking"":""0"",""EventName"":""LiveKernelEvent"",""P3"":""12"",""BucketType"":""0"",""HashedBucket"":"""",""ReportStatus"":""2051"",""CabId"":""0"",""P10"":"""",""P8"":""256_1"",""P4"":""ffffb70283eb0120"",""CabGuid"":""0"",""Response"":""Not available"",""AnalysisSymbol"":"""",""P5"":""102"",""P7"":""0_0"",""P1"":""1d4"",""Bucket"":"""",""AttachedFiles"":""\n\\\\?\\C:\\Windows\\LiveKernelReports\\UcmUcsiCx.sys\\UcmUcsiCx.sys-20251202-0826.dmp\n\\\\?\\C:\\Windows\\SystemTemp\\WER-143287890-0.sysdata.xml\n\\\\?\\C:\\ProgramData\\Microsoft\\Windows\\WER\\Temp\\WER.da7a0a1c-f212-46a3-8285-98673ebbfecf.tmp.WERInternalMetadata.xml\n\\\\?\\C:\\ProgramData\\Microsoft\\Windows\\WER\\Temp\\WER.fa91a330-f7ab-4be9-b50b-eb78ed451996.tmp.csv\n\\\\?\\C:\\ProgramData\\Microsoft\\Windows\\WER\\Temp\\WER.a4baff40-12e8-417b-aa39-708ac0828792.tmp.txt\n\\\\?\\C:\\ProgramData\\Microsoft\\Windows\\WER\\Temp\\WER.e95787e6-0218-43d5-906b-60f585b35cf9.tmp.xml""}","Fault bucket , type 0 Event Name: LiveKernelEvent Response: Not available Cab Id: 0  Problem signature: P1: 1d4 P2: 0 P3: 12 P4: ffffb70283eb0120 P5: 102 P6: 10_0_26200 P7: 0_0 P8: 256_1 P9:  P10:   Attached files: \\?\C:\Windows\LiveKernelReports\UcmUcsiCx.sys\UcmUcsiCx.sys-20251202-0826.dmp \\?\C:\Windows\SystemTemp\WER-143287890-0.sysdata.xml \\?\C:\ProgramData\Microsoft\Windows\WER\Temp\WER.da7a0a1c-f212-46a3-8285-98673ebbfecf.tmp.WERInternalMetadata.xml \\?\C:\ProgramData\Microsoft\Windows\WER\Temp\WER.fa91a330-f7ab-4be9-b50b-eb78ed451996.tmp.csv \\?\C:\ProgramData\Microsoft\Windows\WER\Temp\WER.a4baff40-12e8-417b-aa39-708ac0828792.tmp.txt \\?\C:\ProgramData\Microsoft\Windows\WER\Temp\WER.e95787e6-0218-43d5-906b-60f585b35cf9.tmp.xml  These files may be available here: \\?\C:\ProgramData\Microsoft\Windows\WER\ReportQueue\Kernel_1d4_fed46974cfad8464b8c8641ec3cac3358d16d35_00000000_fd813499-7ee3-4b11-a99e-d55ee367584b  Analysis symbol:  Rechecking for solution: 0 Report Id: fd813499-7ee3-4b11-a99e-d55ee367584b Report Status: 2051 Hashed bucket:  Cab Guid: 0"
"2026-08-02T10:42:58.847Z","27311","1001","Application","Windows Error Reporting","Information","LAPTOP-8SM7PKPU","S-1-5-18","{""ReportId"":""06a11c64-c70a-4505-a7ce-e50871c86831"",""StorePath"":""\\\\?\\C:\\ProgramData\\Microsoft\\Windows\\WER\\ReportArchive\\NonCritical_Update;MoUpdateO_a3518c34786b5d36f39dcd3465b240a5424fb02d_00000000_06a11c64-c70a-4505-a7ce-e50871c86831"",""P6"":""V"",""P2"":""80073d02"",""P9"":"""",""Rechecking"":""0"",""EventName"":""StoreAgentInstallFailure1"",""P3"":""26200"",""BucketType"":""5"",""HashedBucket"":""90fd991398782c160e381d61f49e6aee"",""ReportStatus"":""268435456"",""CabId"":""0"",""P10"":"""",""P8"":"""",""P4"":""8875"",""CabGuid"":""0"",""Response"":""Not available"",""AnalysisSymbol"":"""",""P5"":""Windows.Desktop"",""P7"":"""",""P1"":""Update;MoUpdateOrchestratorUserScan-MoUsoCoreWorker-SearchForAllUpdatesWithUpdateOptionsAsync"",""Bucket"":""2177522726386690798"",""AttachedFiles"":""\n\\\\?\\C:\\ProgramData\\Microsoft\\Windows\\WER\\Temp\\WER.2693c3ee-4d6a-4f2d-9b06-141b42ad7733.tmp.WERInternalMetadata.xml""}","Fault bucket 2177522726386690798, type 5 Event Name: StoreAgentInstallFailure1 Response: Not available Cab Id: 0  Problem signature: P1: Update;MoUpdateOrchestratorUserScan-MoUsoCoreWorker-SearchForAllUpdatesWithUpdateOptionsAsync P2: 80073d02 P3: 26200 P4: 8875 P5: Windows.Desktop P6: V P7:  P8:  P9:  P10:   Attached files: \\?\C:\ProgramData\Microsoft\Windows\WER\Temp\WER.2693c3ee-4d6a-4f2d-9b06-141b42ad7733.tmp.WERInternalMetadata.xml  These files may be available here: \\?\C:\ProgramData\Microsoft\Windows\WER\ReportArchive\NonCritical_Update;MoUpdateO_a3518c34786b5d36f39dcd3465b240a5424fb02d_00000000_06a11c64-c70a-4505-a7ce-e50871c86831  Analysis symbol:  Rechecking for solution: 0 Report Id: 06a11c64-c70a-4505-a7ce-e50871c86831 Report Status: 268435456 Hashed bucket: 90fd991398782c160e381d61f49e6aee Cab Guid: 0"
"2026-08-02T10:42:58.029Z","27310","1001","Application","Windows Error Reporting","Information","LAPTOP-8SM7PKPU","S-1-5-18","{""ReportId"":""74bb6250-871a-45fb-b380-37a0c6df3fee"",""StorePath"":""\\\\?\\C:\\ProgramData\\Microsoft\\Windows\\WER\\ReportQueue\\NonCritical_Update;MoUpdateO_75253e2551bc3db4adfe5c338bb62eeed764c0f_00000000_74bb6250-871a-45fb-b380-37a0c6df3fee"",""P6"":""H"",""P2"":""80073d02"",""P9"":"""",""Rechecking"":""0"",""EventName"":""StoreAgentInstallFailure1"",""P3"":""26200"",""BucketType"":""0"",""HashedBucket"":"""",""ReportStatus"":""4"",""CabId"":""0"",""P10"":"""",""P8"":"""",""P4"":""8875"",""CabGuid"":""0"",""Response"":""Not available"",""AnalysisSymbol"":"""",""P5"":""Windows.Desktop"",""P7"":"""",""P1"":""Update;MoUpdateOrchestratorUserScan-MoUsoCoreWorker-SearchForAllUpdatesWithUpdateOptionsAsync"",""Bucket"":"""",""AttachedFiles"":""""}","Fault bucket , type 0 Event Name: StoreAgentInstallFailure1 Response: Not available Cab Id: 0  Problem signature: P1: Update;MoUpdateOrchestratorUserScan-MoUsoCoreWorker-SearchForAllUpdatesWithUpdateOptionsAsync P2: 80073d02 P3: 26200 P4: 8875 P5: Windows.Desktop P6: H P7:  P8:  P9:  P10:   Attached files:  These files may be available here: \\?\C:\ProgramData\Microsoft\Windows\WER\ReportQueue\NonCritical_Update;MoUpdateO_75253e2551bc3db4adfe5c338bb62eeed764c0f_00000000_74bb6250-871a-45fb-b380-37a0c6df3fee  Analysis symbol:  Rechecking for solution: 0 Report Id: 74bb6250-871a-45fb-b380-37a0c6df3fee Report Status: 4 Hashed bucket:  Cab Guid: 0"
"2026-08-02T10:42:57.721Z","27309","1001","Application","Windows Error Reporting","Information","LAPTOP-8SM7PKPU","S-1-5-18","{""ReportId"":""158d29a4-95b4-4963-b0e2-de8048b82bd3"",""StorePath"":""\\\\?\\C:\\ProgramData\\Microsoft\\Windows\\WER\\ReportQueue\\NonCritical_Update;MoUpdateO_07d496ced751a660f079575cc6ebfb18a96e6_00000000_158d29a4-95b4-4963-b0e2-de8048b82bd3"",""P6"":""0"",""P2"":""80073d02"",""P9"":"""",""Rechecking"":""0"",""EventName"":""StoreAgentInstallFailure1"",""P3"":""26200"",""BucketType"":""0"",""HashedBucket"":"""",""ReportStatus"":""4"",""CabId"":""0"",""P10"":"""",""P8"":"""",""P4"":""8875"",""CabGuid"":""0"",""Response"":""Not available"",""AnalysisSymbol"":"""",""P5"":""Windows.Desktop"",""P7"":"""",""P1"":""Update;MoUpdateOrchestratorUserScan-MoUsoCoreWorker-SearchForAllUpdatesWithUpdateOptionsAsync"",""Bucket"":"""",""AttachedFiles"":""""}","Fault bucket , type 0 Event Name: StoreAgentInstallFailure1 Response: Not available Cab Id: 0  Problem signature: P1: Update;MoUpdateOrchestratorUserScan-MoUsoCoreWorker-SearchForAllUpdatesWithUpdateOptionsAsync P2: 80073d02 P3: 26200 P4: 8875 P5: Windows.Desktop P6: 0 P7:  P8:  P9:  P10:   Attached files:  These files may be available here: \\?\C:\ProgramData\Microsoft\Windows\WER\ReportQueue\NonCritical_Update;MoUpdateO_07d496ced751a660f079575cc6ebfb18a96e6_00000000_158d29a4-95b4-4963-b0e2-de8048b82bd3  Analysis symbol:  Rechecking for solution: 0 Report Id: 158d29a4-95b4-4963-b0e2-de8048b82bd3 Report Status: 4 Hashed bucket:  Cab Guid: 0"
"2026-08-02T10:42:57.168Z","27308","1001","Application","Windows Error Reporting","Information","LAPTOP-8SM7PKPU","S-1-5-18","{""ReportId"":""feef7efa-b9b6-43a2-b252-e030ec2eaccd"",""StorePath"":""\\\\?\\C:\\ProgramData\\Microsoft\\Windows\\WER\\ReportQueue\\Kernel_193_5655eec2b36f7fc2c851bb4bca9c29fc33a437c5_00000000_feef7efa-b9b6-43a2-b252-e030ec2eaccd"",""P6"":""10_0_26200"",""P2"":""80e"",""P9"":"""",""Rechecking"":""0"",""EventName"":""LiveKernelEvent"",""P3"":""ffff87857aa0a080"",""BucketType"":""0"",""HashedBucket"":"""",""ReportStatus"":""2051"",""CabId"":""0"",""P10"":"""",""P8"":""256_1"",""P4"":""ffffd785658d03b0"",""CabGuid"":""0"",""Response"":""Not available"",""AnalysisSymbol"":"""",""P5"":""0"",""P7"":""0_0"",""P1"":""193"",""Bucket"":"""",""AttachedFiles"":""\n\\\\?\\C:\\Windows\\LiveKernelReports\\WATCHDOG\\WATCHDOG-20260623-1415.dmp\n\\\\?\\C:\\Windows\\SystemTemp\\WER-925533687-0.sysdata.xml\n\\\\?\\C:\\ProgramData\\Microsoft\\Windows\\WER\\Temp\\WER.075454f3-c917-42b7-ae22-5e544e0cc23d.tmp.WERInternalMetadata.xml\n\\\\?\\C:\\ProgramData\\Microsoft\\Windows\\WER\\Temp\\WER.5880debd-1665-4ca6-9ab1-df5268ec5dfb.tmp.csv\n\\\\?\\C:\\ProgramData\\Microsoft\\Windows\\WER\\Temp\\WER.57dfb2be-7aa4-48eb-8146-773e43864243.tmp.txt\n\\\\?\\C:\\ProgramData\\Microsoft\\Windows\\WER\\Temp\\WER.9f7087d1-37b2-4b1a-950e-d3fba7ffba02.tmp.xml""}","Fault bucket , type 0 Event Name: LiveKernelEvent Response: Not available Cab Id: 0  Problem signature: P1: 193 P2: 80e P3: ffff87857aa0a080 P4: ffffd785658d03b0 P5: 0 P6: 10_0_26200 P7: 0_0 P8: 256_1 P9:  P10:   Attached files: \\?\C:\Windows\LiveKernelReports\WATCHDOG\WATCHDOG-20260623-1415.dmp \\?\C:\Windows\SystemTemp\WER-925533687-0.sysdata.xml \\?\C:\ProgramData\Microsoft\Windows\WER\Temp\WER.075454f3-c917-42b7-ae22-5e544e0cc23d.tmp.WERInternalMetadata.xml \\?\C:\ProgramData\Microsoft\Windows\WER\Temp\WER.5880debd-1665-4ca6-9ab1-df5268ec5dfb.tmp.csv \\?\C:\ProgramData\Microsoft\Windows\WER\Temp\WER.57dfb2be-7aa4-48eb-8146-773e43864243.tmp.txt \\?\C:\ProgramData\Microsoft\Windows\WER\Temp\WER.9f7087d1-37b2-4b1a-950e-d3fba7ffba02.tmp.xml  These files may be available here: \\?\C:\ProgramData\Microsoft\Windows\WER\ReportQueue\Kernel_193_5655eec2b36f7fc2c851bb4bca9c29fc33a437c5_00000000_feef7efa-b9b6-43a2-b252-e030ec2eaccd  Analysis symbol:  Rechecking for solution: 0 Report Id: feef7efa-b9b6-43a2-b252-e030ec2eaccd Report Status: 2051 Hashed bucket:  Cab Guid: 0"
"2026-08-02T10:42:57.112Z","27307","1001","Application","Windows Error Reporting","Information","LAPTOP-8SM7PKPU","S-1-5-18","{""ReportId"":""4f9b6f3c-15ba-4eb1-9930-3e6a67b15959"",""StorePath"":""\\\\?\\C:\\ProgramData\\Microsoft\\Windows\\WER\\ReportQueue\\Kernel_193_984916d406ebc67914e7494a1c5ea15cd2f5f_00000000_4f9b6f3c-15ba-4eb1-9930-3e6a67b15959"",""P6"":""10_0_26200"",""P2"":""80e"",""P9"":"""",""Rechecking"":""0"",""EventName"":""LiveKernelEvent"",""P3"":""ffff8789999d3180"",""BucketType"":""0"",""HashedBucket"":"""",""ReportStatus"":""2051"",""CabId"":""0"",""P10"":"""",""P8"":""256_1"",""P4"":""ffffc506a0feead0"",""CabGuid"":""0"",""Response"":""Not available"",""AnalysisSymbol"":"""",""P5"":""0"",""P7"":""0_0"",""P1"":""193"",""Bucket"":"""",""AttachedFiles"":""\n\\\\?\\C:\\Windows\\LiveKernelReports\\WATCHDOG\\WATCHDOG-20260530-1357.dmp\n\\\\?\\C:\\Windows\\SystemTemp\\WER-1510141656-0.sysdata.xml\n\\\\?\\C:\\ProgramData\\Microsoft\\Windows\\WER\\Temp\\WER.6637a8e6-85d9-4a80-842f-cb34c6c4c222.tmp.WERInternalMetadata.xml\n\\\\?\\C:\\ProgramData\\Microsoft\\Windows\\WER\\Temp\\WER.0bbc6920-2e80-4246-bf72-8fea9f75ce6c.tmp.csv\n\\\\?\\C:\\ProgramData\\Microsoft\\Windows\\WER\\Temp\\WER.bc27b120-198f-4302-92cb-6ba411063d4c.tmp.txt\n\\\\?\\C:\\ProgramData\\Microsoft\\Windows\\WER\\Temp\\WER.fa00eff0-57de-44eb-b148-c27c58f53d37.tmp.xml""}","Fault bucket , type 0 Event Name: LiveKernelEvent Response: Not available Cab Id: 0  Problem signature: P1: 193 P2: 80e P3: ffff8789999d3180 P4: ffffc506a0feead0 P5: 0 P6: 10_0_26200 P7: 0_0 P8: 256_1 P9:  P10:   Attached files: \\?\C:\Windows\LiveKernelReports\WATCHDOG\WATCHDOG-20260530-1357.dmp \\?\C:\Windows\SystemTemp\WER-1510141656-0.sysdata.xml \\?\C:\ProgramData\Microsoft\Windows\WER\Temp\WER.6637a8e6-85d9-4a80-842f-cb34c6c4c222.tmp.WERInternalMetadata.xml \\?\C:\ProgramData\Microsoft\Windows\WER\Temp\WER.0bbc6920-2e80-4246-bf72-8fea9f75ce6c.tmp.csv \\?\C:\ProgramData\Microsoft\Windows\WER\Temp\WER.bc27b120-198f-4302-92cb-6ba411063d4c.tmp.txt \\?\C:\ProgramData\Microsoft\Windows\WER\Temp\WER.fa00eff0-57de-44eb-b148-c27c58f53d37.tmp.xml  These files may be available here: \\?\C:\ProgramData\Microsoft\Windows\WER\ReportQueue\Kernel_193_984916d406ebc67914e7494a1c5ea15cd2f5f_00000000_4f9b6f3c-15ba-4eb1-9930-3e6a67b15959  Analysis symbol:  Rechecking for solution: 0 Report Id: 4f9b6f3c-15ba-4eb1-9930-3e6a67b15959 Report Status: 2051 Hashed bucket:  Cab Guid: 0"
"2026-08-02T10:42:57.074Z","27306","1001","Application","Windows Error Reporting","Information","LAPTOP-8SM7PKPU","S-1-5-18","{""ReportId"":""3c66456f-e1f6-4dc9-b198-75831e559848"",""StorePath"":""\\\\?\\C:\\ProgramData\\Microsoft\\Windows\\WER\\ReportQueue\\Kernel_1d4_964e26076728cf242e9d4791629814ac6ec8c2_00000000_3c66456f-e1f6-4dc9-b198-75831e559848"",""P6"":""10_0_26200"",""P2"":""0"",""P9"":"""",""Rechecking"":""0"",""EventName"":""LiveKernelEvent"",""P3"":""12"",""BucketType"":""0"",""HashedBucket"":"""",""ReportStatus"":""2051"",""CabId"":""0"",""P10"":"""",""P8"":""256_1"",""P4"":""fffff003f90c7150"",""CabGuid"":""0"",""Response"":""Not available"",""AnalysisSymbol"":"""",""P5"":""102"",""P7"":""0_0"",""P1"":""1d4"",""Bucket"":"""",""AttachedFiles"":""\n\\\\?\\C:\\Windows\\LiveKernelReports\\UcmUcsiCx.sys\\UcmUcsiCx.sys-20260509-2322.dmp\n\\\\?\\C:\\Windows\\SystemTemp\\WER-272185656-0.sysdata.xml\n\\\\?\\C:\\ProgramData\\Microsoft\\Windows\\WER\\Temp\\WER.3717a5de-154e-48b1-ac4e-d44443386fbd.tmp.WERInternalMetadata.xml\n\\\\?\\C:\\ProgramData\\Microsoft\\Windows\\WER\\Temp\\WER.2db181bf-9033-4960-907d-6f3e6114edc7.tmp.csv\n\\\\?\\C:\\ProgramData\\Microsoft\\Windows\\WER\\Temp\\WER.ec817bed-6ca6-4940-b74f-447d9d491fbb.tmp.txt\n\\\\?\\C:\\ProgramData\\Microsoft\\Windows\\WER\\Temp\\WER.e923ea3d-4fe7-465b-9fe8-23da8900b4b2.tmp.xml""}","Fault bucket , type 0 Event Name: LiveKernelEvent Response: Not available Cab Id: 0  Problem signature: P1: 1d4 P2: 0 P3: 12 P4: fffff003f90c7150 P5: 102 P6: 10_0_26200 P7: 0_0 P8: 256_1 P9:  P10:   Attached files: \\?\C:\Windows\LiveKernelReports\UcmUcsiCx.sys\UcmUcsiCx.sys-20260509-2322.dmp \\?\C:\Windows\SystemTemp\WER-272185656-0.sysdata.xml \\?\C:\ProgramData\Microsoft\Windows\WER\Temp\WER.3717a5de-154e-48b1-ac4e-d44443386fbd.tmp.WERInternalMetadata.xml \\?\C:\ProgramData\Microsoft\Windows\WER\Temp\WER.2db181bf-9033-4960-907d-6f3e6114edc7.tmp.csv \\?\C:\ProgramData\Microsoft\Windows\WER\Temp\WER.ec817bed-6ca6-4940-b74f-447d9d491fbb.tmp.txt \\?\C:\ProgramData\Microsoft\Windows\WER\Temp\WER.e923ea3d-4fe7-465b-9fe8-23da8900b4b2.tmp.xml  These files may be available here: \\?\C:\ProgramData\Microsoft\Windows\WER\ReportQueue\Kernel_1d4_964e26076728cf242e9d4791629814ac6ec8c2_00000000_3c66456f-e1f6-4dc9-b198-75831e559848  Analysis symbol:  Rechecking for solution: 0 Report Id: 3c66456f-e1f6-4dc9-b198-75831e559848 Report Status: 2051 Hashed bucket:  Cab Guid: 0"
"2026-08-02T10:42:57.035Z","27305","1001","Application","Windows Error Reporting","Information","LAPTOP-8SM7PKPU","S-1-5-18","{""ReportId"":""0c16c476-a1b6-4770-a96b-5bd444952f3e"",""StorePath"":""\\\\?\\C:\\ProgramData\\Microsoft\\Windows\\WER\\ReportQueue\\Kernel_1d4_58376c2ce325d9ebb38ee5f5d37663c8816c04_00000000_0c16c476-a1b6-4770-a96b-5bd444952f3e"",""P6"":""10_0_26200"",""P2"":""0"",""P9"":"""",""Rechecking"":""0"",""EventName"":""LiveKernelEvent"",""P3"":""12"",""BucketType"":""0"",""HashedBucket"":"""",""ReportStatus"":""2051"",""CabId"":""0"",""P10"":"""",""P8"":""256_1"",""P4"":""ffff828f529b7150"",""CabGuid"":""0"",""Response"":""Not available"",""AnalysisSymbol"":"""",""P5"":""102"",""P7"":""0_0"",""P1"":""1d4"",""Bucket"":"""",""AttachedFiles"":""\n\\\\?\\C:\\Windows\\LiveKernelReports\\UcmUcsiCx.sys\\UcmUcsiCx.sys-20260408-0917.dmp\n\\\\?\\C:\\Windows\\SystemTemp\\WER-862550500-0.sysdata.xml\n\\\\?\\C:\\ProgramData\\Microsoft\\Windows\\WER\\Temp\\WER.cb02a0cc-3af2-42a0-8238-8c636f95d71e.tmp.WERInternalMetadata.xml\n\\\\?\\C:\\ProgramData\\Microsoft\\Windows\\WER\\Temp\\WER.732c3887-520a-4825-b2e4-5639e9365604.tmp.csv\n\\\\?\\C:\\ProgramData\\Microsoft\\Windows\\WER\\Temp\\WER.feffad12-c4be-4b35-888d-9e9ca76b7838.tmp.txt\n\\\\?\\C:\\ProgramData\\Microsoft\\Windows\\WER\\Temp\\WER.1255de6e-eacf-44c5-876a-efe17fd4315c.tmp.xml""}","Fault bucket , type 0 Event Name: LiveKernelEvent Response: Not available Cab Id: 0  Problem signature: P1: 1d4 P2: 0 P3: 12 P4: ffff828f529b7150 P5: 102 P6: 10_0_26200 P7: 0_0 P8: 256_1 P9:  P10:   Attached files: \\?\C:\Windows\LiveKernelReports\UcmUcsiCx.sys\UcmUcsiCx.sys-20260408-0917.dmp \\?\C:\Windows\SystemTemp\WER-862550500-0.sysdata.xml \\?\C:\ProgramData\Microsoft\Windows\WER\Temp\WER.cb02a0cc-3af2-42a0-8238-8c636f95d71e.tmp.WERInternalMetadata.xml \\?\C:\ProgramData\Microsoft\Windows\WER\Temp\WER.732c3887-520a-4825-b2e4-5639e9365604.tmp.csv \\?\C:\ProgramData\Microsoft\Windows\WER\Temp\WER.feffad12-c4be-4b35-888d-9e9ca76b7838.tmp.txt \\?\C:\ProgramData\Microsoft\Windows\WER\Temp\WER.1255de6e-eacf-44c5-876a-efe17fd4315c.tmp.xml  These files may be available here: \\?\C:\ProgramData\Microsoft\Windows\WER\ReportQueue\Kernel_1d4_58376c2ce325d9ebb38ee5f5d37663c8816c04_00000000_0c16c476-a1b6-4770-a96b-5bd444952f3e  Analysis symbol:  Rechecking for solution: 0 Report Id: 0c16c476-a1b6-4770-a96b-5bd444952f3e Report Status: 2051 Hashed bucket:  Cab Guid: 0"
"2026-08-02T10:42:56.997Z","27304","1001","Application","Windows Error Reporting","Information","LAPTOP-8SM7PKPU","S-1-5-18","{""ReportId"":""fd813499-7ee3-4b11-a99e-d55ee367584b"",""StorePath"":""\\\\?\\C:\\ProgramData\\Microsoft\\Windows\\WER\\ReportQueue\\Kernel_1d4_fed46974cfad8464b8c8641ec3cac3358d16d35_00000000_fd813499-7ee3-4b11-a99e-d55ee367584b"",""P6"":""10_0_26200"",""P2"":""0"",""P9"":"""",""Rechecking"":""0"",""EventName"":""LiveKernelEvent"",""P3"":""12"",""BucketType"":""0"",""HashedBucket"":"""",""ReportStatus"":""2051"",""CabId"":""0"",""P10"":"""",""P8"":""256_1"",""P4"":""ffffb70283eb0120"",""CabGuid"":""0"",""Response"":""Not available"",""AnalysisSymbol"":"""",""P5"":""102"",""P7"":""0_0"",""P1"":""1d4"",""Bucket"":"""",""AttachedFiles"":""\n\\\\?\\C:\\Windows\\LiveKernelReports\\UcmUcsiCx.sys\\UcmUcsiCx.sys-20251202-0826.dmp\n\\\\?\\C:\\Windows\\SystemTemp\\WER-143287890-0.sysdata.xml\n\\\\?\\C:\\ProgramData\\Microsoft\\Windows\\WER\\Temp\\WER.da7a0a1c-f212-46a3-8285-98673ebbfecf.tmp.WERInternalMetadata.xml\n\\\\?\\C:\\ProgramData\\Microsoft\\Windows\\WER\\Temp\\WER.fa91a330-f7ab-4be9-b50b-eb78ed451996.tmp.csv\n\\\\?\\C:\\ProgramData\\Microsoft\\Windows\\WER\\Temp\\WER.a4baff40-12e8-417b-aa39-708ac0828792.tmp.txt\n\\\\?\\C:\\ProgramData\\Microsoft\\Windows\\WER\\Temp\\WER.e95787e6-0218-43d5-906b-60f585b35cf9.tmp.xml""}","Fault bucket , type 0 Event Name: LiveKernelEvent Response: Not available Cab Id: 0  Problem signature: P1: 1d4 P2: 0 P3: 12 P4: ffffb70283eb0120 P5: 102 P6: 10_0_26200 P7: 0_0 P8: 256_1 P9:  P10:   Attached files: \\?\C:\Windows\LiveKernelReports\UcmUcsiCx.sys\UcmUcsiCx.sys-20251202-0826.dmp \\?\C:\Windows\SystemTemp\WER-143287890-0.sysdata.xml \\?\C:\ProgramData\Microsoft\Windows\WER\Temp\WER.da7a0a1c-f212-46a3-8285-98673ebbfecf.tmp.WERInternalMetadata.xml \\?\C:\ProgramData\Microsoft\Windows\WER\Temp\WER.fa91a330-f7ab-4be9-b50b-eb78ed451996.tmp.csv \\?\C:\ProgramData\Microsoft\Windows\WER\Temp\WER.a4baff40-12e8-417b-aa39-708ac0828792.tmp.txt \\?\C:\ProgramData\Microsoft\Windows\WER\Temp\WER.e95787e6-0218-43d5-906b-60f585b35cf9.tmp.xml  These files may be available here: \\?\C:\ProgramData\Microsoft\Windows\WER\ReportQueue\Kernel_1d4_fed46974cfad8464b8c8641ec3cac3358d16d35_00000000_fd813499-7ee3-4b11-a99e-d55ee367584b  Analysis symbol:  Rechecking for solution: 0 Report Id: fd813499-7ee3-4b11-a99e-d55ee367584b Report Status: 2051 Hashed bucket:  Cab Guid: 0"
"2026-08-02T10:42:56.850Z","27303","1001","Application","Windows Error Reporting","Information","LAPTOP-8SM7PKPU","S-1-5-18","{""ReportId"":""3a0ee711-e0f7-43f1-a4c5-dfe4ce3b0f2c"",""StorePath"":""\\\\?\\C:\\ProgramData\\Microsoft\\Windows\\WER\\ReportArchive\\NonCritical_Update;MoUpdateO_2a9422f9feeeb1801f3f3660788e40e068fb602d_00000000_3a0ee711-e0f7-43f1-a4c5-dfe4ce3b0f2c"",""P6"":""9"",""P2"":""80073d02"",""P9"":"""",""Rechecking"":""0"",""EventName"":""StoreAgentInstallFailure1"",""P3"":""26200"",""BucketType"":""5"",""HashedBucket"":""32334460b6bef6967c8f59e515ed5832"",""ReportStatus"":""268435456"",""CabId"":""0"",""P10"":"""",""P8"":"""",""P4"":""8875"",""CabGuid"":""0"",""Response"":""Not available"",""AnalysisSymbol"":"""",""P5"":""Windows.Desktop"",""P7"":"""",""P1"":""Update;MoUpdateOrchestratorUserScan-MoUsoCoreWorker-SearchForAllUpdatesWithUpdateOptionsAsync"",""Bucket"":""2057962395181865010"",""AttachedFiles"":""\n\\\\?\\C:\\ProgramData\\Microsoft\\Windows\\WER\\Temp\\WER.0b567d1a-1c39-40b6-87b0-d6d93b63f91e.tmp.WERInternalMetadata.xml""}","Fault bucket 2057962395181865010, type 5 Event Name: StoreAgentInstallFailure1 Response: Not available Cab Id: 0  Problem signature: P1: Update;MoUpdateOrchestratorUserScan-MoUsoCoreWorker-SearchForAllUpdatesWithUpdateOptionsAsync P2: 80073d02 P3: 26200 P4: 8875 P5: Windows.Desktop P6: 9 P7:  P8:  P9:  P10:   Attached files: \\?\C:\ProgramData\Microsoft\Windows\WER\Temp\WER.0b567d1a-1c39-40b6-87b0-d6d93b63f91e.tmp.WERInternalMetadata.xml  These files may be available here: \\?\C:\ProgramData\Microsoft\Windows\WER\ReportArchive\NonCritical_Update;MoUpdateO_2a9422f9feeeb1801f3f3660788e40e068fb602d_00000000_3a0ee711-e0f7-43f1-a4c5-dfe4ce3b0f2c  Analysis symbol:  Rechecking for solution: 0 Report Id: 3a0ee711-e0f7-43f1-a4c5-dfe4ce3b0f2c Report Status: 268435456 Hashed bucket: 32334460b6bef6967c8f59e515ed5832 Cab Guid: 0"
"2026-08-02T10:42:56.310Z","27302","8216","Application","System Restore","Information","LAPTOP-8SM7PKPU",,"{""Data"":["""",""""]}","Skipping creation of restore point (Process = C:\Windows\system32\svchost.exe -k netsvcs -p -s wuauserv; Description = Windows Update) as there is a restore point available which is recent enough for System Restore."
"2026-08-02T10:42:56.072Z","27301","1001","Application","Windows Error Reporting","Information","LAPTOP-8SM7PKPU","S-1-5-18","{""ReportId"":""06a11c64-c70a-4505-a7ce-e50871c86831"",""StorePath"":""\\\\?\\C:\\ProgramData\\Microsoft\\Windows\\WER\\ReportQueue\\NonCritical_Update;MoUpdateO_a3518c34786b5d36f39dcd3465b240a5424fb02d_00000000_06a11c64-c70a-4505-a7ce-e50871c86831"",""P6"":""V"",""P2"":""80073d02"",""P9"":"""",""Rechecking"":""0"",""EventName"":""StoreAgentInstallFailure1"",""P3"":""26200"",""BucketType"":""0"",""HashedBucket"":"""",""ReportStatus"":""4"",""CabId"":""0"",""P10"":"""",""P8"":"""",""P4"":""8875"",""CabGuid"":""0"",""Response"":""Not available"",""AnalysisSymbol"":"""",""P5"":""Windows.Desktop"",""P7"":"""",""P1"":""Update;MoUpdateOrchestratorUserScan-MoUsoCoreWorker-SearchForAllUpdatesWithUpdateOptionsAsync"",""Bucket"":"""",""AttachedFiles"":""""}","Fault bucket , type 0 Event Name: StoreAgentInstallFailure1 Response: Not available Cab Id: 0  Problem signature: P1: Update;MoUpdateOrchestratorUserScan-MoUsoCoreWorker-SearchForAllUpdatesWithUpdateOptionsAsync P2: 80073d02 P3: 26200 P4: 8875 P5: Windows.Desktop P6: V P7:  P8:  P9:  P10:   Attached files:  These files may be available here: \\?\C:\ProgramData\Microsoft\Windows\WER\ReportQueue\NonCritical_Update;MoUpdateO_a3518c34786b5d36f39dcd3465b240a5424fb02d_00000000_06a11c64-c70a-4505-a7ce-e50871c86831  Analysis symbol:  Rechecking for solution: 0 Report Id: 06a11c64-c70a-4505-a7ce-e50871c86831 Report Status: 4 Hashed bucket:  Cab Guid: 0"
"2026-08-02T10:42:55.124Z","27300","1001","Application","Windows Error Reporting","Information","LAPTOP-8SM7PKPU","S-1-5-18","{""ReportId"":""feef7efa-b9b6-43a2-b252-e030ec2eaccd"",""StorePath"":""\\\\?\\C:\\ProgramData\\Microsoft\\Windows\\WER\\ReportQueue\\Kernel_193_5655eec2b36f7fc2c851bb4bca9c29fc33a437c5_00000000_feef7efa-b9b6-43a2-b252-e030ec2eaccd"",""P6"":""10_0_26200"",""P2"":""80e"",""P9"":"""",""Rechecking"":""0"",""EventName"":""LiveKernelEvent"",""P3"":""ffff87857aa0a080"",""BucketType"":""0"",""HashedBucket"":"""",""ReportStatus"":""2051"",""CabId"":""0"",""P10"":"""",""P8"":""256_1"",""P4"":""ffffd785658d03b0"",""CabGuid"":""0"",""Response"":""Not available"",""AnalysisSymbol"":"""",""P5"":""0"",""P7"":""0_0"",""P1"":""193"",""Bucket"":"""",""AttachedFiles"":""\n\\\\?\\C:\\Windows\\LiveKernelReports\\WATCHDOG\\WATCHDOG-20260623-1415.dmp\n\\\\?\\C:\\Windows\\SystemTemp\\WER-925533687-0.sysdata.xml\n\\\\?\\C:\\ProgramData\\Microsoft\\Windows\\WER\\Temp\\WER.075454f3-c917-42b7-ae22-5e544e0cc23d.tmp.WERInternalMetadata.xml\n\\\\?\\C:\\ProgramData\\Microsoft\\Windows\\WER\\Temp\\WER.5880debd-1665-4ca6-9ab1-df5268ec5dfb.tmp.csv\n\\\\?\\C:\\ProgramData\\Microsoft\\Windows\\WER\\Temp\\WER.57dfb2be-7aa4-48eb-8146-773e43864243.tmp.txt\n\\\\?\\C:\\ProgramData\\Microsoft\\Windows\\WER\\Temp\\WER.9f7087d1-37b2-4b1a-950e-d3fba7ffba02.tmp.xml""}","Fault bucket , type 0 Event Name: LiveKernelEvent Response: Not available Cab Id: 0  Problem signature: P1: 193 P2: 80e P3: ffff87857aa0a080 P4: ffffd785658d03b0 P5: 0 P6: 10_0_26200 P7: 0_0 P8: 256_1 P9:  P10:   Attached files: \\?\C:\Windows\LiveKernelReports\WATCHDOG\WATCHDOG-20260623-1415.dmp \\?\C:\Windows\SystemTemp\WER-925533687-0.sysdata.xml \\?\C:\ProgramData\Microsoft\Windows\WER\Temp\WER.075454f3-c917-42b7-ae22-5e544e0cc23d.tmp.WERInternalMetadata.xml \\?\C:\ProgramData\Microsoft\Windows\WER\Temp\WER.5880debd-1665-4ca6-9ab1-df5268ec5dfb.tmp.csv \\?\C:\ProgramData\Microsoft\Windows\WER\Temp\WER.57dfb2be-7aa4-48eb-8146-773e43864243.tmp.txt \\?\C:\ProgramData\Microsoft\Windows\WER\Temp\WER.9f7087d1-37b2-4b1a-950e-d3fba7ffba02.tmp.xml  These files may be available here: \\?\C:\ProgramData\Microsoft\Windows\WER\ReportQueue\Kernel_193_5655eec2b36f7fc2c851bb4bca9c29fc33a437c5_00000000_feef7efa-b9b6-43a2-b252-e030ec2eaccd  Analysis symbol:  Rechecking for solution: 0 Report Id: feef7efa-b9b6-43a2-b252-e030ec2eaccd Report Status: 2051 Hashed bucket:  Cab Guid: 0"
"2026-08-02T10:42:55.057Z","27299","1001","Application","Windows Error Reporting","Information","LAPTOP-8SM7PKPU","S-1-5-18","{""ReportId"":""4f9b6f3c-15ba-4eb1-9930-3e6a67b15959"",""StorePath"":""\\\\?\\C:\\ProgramData\\Microsoft\\Windows\\WER\\ReportQueue\\Kernel_193_984916d406ebc67914e7494a1c5ea15cd2f5f_00000000_4f9b6f3c-15ba-4eb1-9930-3e6a67b15959"",""P6"":""10_0_26200"",""P2"":""80e"",""P9"":"""",""Rechecking"":""0"",""EventName"":""LiveKernelEvent"",""P3"":""ffff8789999d3180"",""BucketType"":""0"",""HashedBucket"":"""",""ReportStatus"":""2051"",""CabId"":""0"",""P10"":"""",""P8"":""256_1"",""P4"":""ffffc506a0feead0"",""CabGuid"":""0"",""Response"":""Not available"",""AnalysisSymbol"":"""",""P5"":""0"",""P7"":""0_0"",""P1"":""193"",""Bucket"":"""",""AttachedFiles"":""\n\\\\?\\C:\\Windows\\LiveKernelReports\\WATCHDOG\\WATCHDOG-20260530-1357.dmp\n\\\\?\\C:\\Windows\\SystemTemp\\WER-1510141656-0.sysdata.xml\n\\\\?\\C:\\ProgramData\\Microsoft\\Windows\\WER\\Temp\\WER.6637a8e6-85d9-4a80-842f-cb34c6c4c222.tmp.WERInternalMetadata.xml\n\\\\?\\C:\\ProgramData\\Microsoft\\Windows\\WER\\Temp\\WER.0bbc6920-2e80-4246-bf72-8fea9f75ce6c.tmp.csv\n\\\\?\\C:\\ProgramData\\Microsoft\\Windows\\WER\\Temp\\WER.bc27b120-198f-4302-92cb-6ba411063d4c.tmp.txt\n\\\\?\\C:\\ProgramData\\Microsoft\\Windows\\WER\\Temp\\WER.fa00eff0-57de-44eb-b148-c27c58f53d37.tmp.xml""}","Fault bucket , type 0 Event Name: LiveKernelEvent Response: Not available Cab Id: 0  Problem signature: P1: 193 P2: 80e P3: ffff8789999d3180 P4: ffffc506a0feead0 P5: 0 P6: 10_0_26200 P7: 0_0 P8: 256_1 P9:  P10:   Attached files: \\?\C:\Windows\LiveKernelReports\WATCHDOG\WATCHDOG-20260530-1357.dmp \\?\C:\Windows\SystemTemp\WER-1510141656-0.sysdata.xml \\?\C:\ProgramData\Microsoft\Windows\WER\Temp\WER.6637a8e6-85d9-4a80-842f-cb34c6c4c222.tmp.WERInternalMetadata.xml \\?\C:\ProgramData\Microsoft\Windows\WER\Temp\WER.0bbc6920-2e80-4246-bf72-8fea9f75ce6c.tmp.csv \\?\C:\ProgramData\Microsoft\Windows\WER\Temp\WER.bc27b120-198f-4302-92cb-6ba411063d4c.tmp.txt \\?\C:\ProgramData\Microsoft\Windows\WER\Temp\WER.fa00eff0-57de-44eb-b148-c27c58f53d37.tmp.xml  These files may be available here: \\?\C:\ProgramData\Microsoft\Windows\WER\ReportQueue\Kernel_193_984916d406ebc67914e7494a1c5ea15cd2f5f_00000000_4f9b6f3c-15ba-4eb1-9930-3e6a67b15959  Analysis symbol:  Rechecking for solution: 0 Report Id: 4f9b6f3c-15ba-4eb1-9930-3e6a67b15959 Report Status: 2051 Hashed bucket:  Cab Guid: 0"
"2026-08-02T10:42:54.982Z","27298","1001","Application","Windows Error Reporting","Information","LAPTOP-8SM7PKPU","S-1-5-18","{""ReportId"":""3c66456f-e1f6-4dc9-b198-75831e559848"",""StorePath"":""\\\\?\\C:\\ProgramData\\Microsoft\\Windows\\WER\\ReportQueue\\Kernel_1d4_964e26076728cf242e9d4791629814ac6ec8c2_00000000_3c66456f-e1f6-4dc9-b198-75831e559848"",""P6"":""10_0_26200"",""P2"":""0"",""P9"":"""",""Rechecking"":""0"",""EventName"":""LiveKernelEvent"",""P3"":""12"",""BucketType"":""0"",""HashedBucket"":"""",""ReportStatus"":""2051"",""CabId"":""0"",""P10"":"""",""P8"":""256_1"",""P4"":""fffff003f90c7150"",""CabGuid"":""0"",""Response"":""Not available"",""AnalysisSymbol"":"""",""P5"":""102"",""P7"":""0_0"",""P1"":""1d4"",""Bucket"":"""",""AttachedFiles"":""\n\\\\?\\C:\\Windows\\LiveKernelReports\\UcmUcsiCx.sys\\UcmUcsiCx.sys-20260509-2322.dmp\n\\\\?\\C:\\Windows\\SystemTemp\\WER-272185656-0.sysdata.xml\n\\\\?\\C:\\ProgramData\\Microsoft\\Windows\\WER\\Temp\\WER.3717a5de-154e-48b1-ac4e-d44443386fbd.tmp.WERInternalMetadata.xml\n\\\\?\\C:\\ProgramData\\Microsoft\\Windows\\WER\\Temp\\WER.2db181bf-9033-4960-907d-6f3e6114edc7.tmp.csv\n\\\\?\\C:\\ProgramData\\Microsoft\\Windows\\WER\\Temp\\WER.ec817bed-6ca6-4940-b74f-447d9d491fbb.tmp.txt\n\\\\?\\C:\\ProgramData\\Microsoft\\Windows\\WER\\Temp\\WER.e923ea3d-4fe7-465b-9fe8-23da8900b4b2.tmp.xml""}","Fault bucket , type 0 Event Name: LiveKernelEvent Response: Not available Cab Id: 0  Problem signature: P1: 1d4 P2: 0 P3: 12 P4: fffff003f90c7150 P5: 102 P6: 10_0_26200 P7: 0_0 P8: 256_1 P9:  P10:   Attached files: \\?\C:\Windows\LiveKernelReports\UcmUcsiCx.sys\UcmUcsiCx.sys-20260509-2322.dmp \\?\C:\Windows\SystemTemp\WER-272185656-0.sysdata.xml \\?\C:\ProgramData\Microsoft\Windows\WER\Temp\WER.3717a5de-154e-48b1-ac4e-d44443386fbd.tmp.WERInternalMetadata.xml \\?\C:\ProgramData\Microsoft\Windows\WER\Temp\WER.2db181bf-9033-4960-907d-6f3e6114edc7.tmp.csv \\?\C:\ProgramData\Microsoft\Windows\WER\Temp\WER.ec817bed-6ca6-4940-b74f-447d9d491fbb.tmp.txt \\?\C:\ProgramData\Microsoft\Windows\WER\Temp\WER.e923ea3d-4fe7-465b-9fe8-23da8900b4b2.tmp.xml  These files may be available here: \\?\C:\ProgramData\Microsoft\Windows\WER\ReportQueue\Kernel_1d4_964e26076728cf242e9d4791629814ac6ec8c2_00000000_3c66456f-e1f6-4dc9-b198-75831e559848  Analysis symbol:  Rechecking for solution: 0 Report Id: 3c66456f-e1f6-4dc9-b198-75831e559848 Report Status: 2051 Hashed bucket:  Cab Guid: 0"
"2026-08-02T10:42:54.897Z","27297","1001","Application","Windows Error Reporting","Information","LAPTOP-8SM7PKPU","S-1-5-18","{""ReportId"":""0c16c476-a1b6-4770-a96b-5bd444952f3e"",""StorePath"":""\\\\?\\C:\\ProgramData\\Microsoft\\Windows\\WER\\ReportQueue\\Kernel_1d4_58376c2ce325d9ebb38ee5f5d37663c8816c04_00000000_0c16c476-a1b6-4770-a96b-5bd444952f3e"",""P6"":""10_0_26200"",""P2"":""0"",""P9"":"""",""Rechecking"":""0"",""EventName"":""LiveKernelEvent"",""P3"":""12"",""BucketType"":""0"",""HashedBucket"":"""",""ReportStatus"":""2051"",""CabId"":""0"",""P10"":"""",""P8"":""256_1"",""P4"":""ffff828f529b7150"",""CabGuid"":""0"",""Response"":""Not available"",""AnalysisSymbol"":"""",""P5"":""102"",""P7"":""0_0"",""P1"":""1d4"",""Bucket"":"""",""AttachedFiles"":""\n\\\\?\\C:\\Windows\\LiveKernelReports\\UcmUcsiCx.sys\\UcmUcsiCx.sys-20260408-0917.dmp\n\\\\?\\C:\\Windows\\SystemTemp\\WER-862550500-0.sysdata.xml\n\\\\?\\C:\\ProgramData\\Microsoft\\Windows\\WER\\Temp\\WER.cb02a0cc-3af2-42a0-8238-8c636f95d71e.tmp.WERInternalMetadata.xml\n\\\\?\\C:\\ProgramData\\Microsoft\\Windows\\WER\\Temp\\WER.732c3887-520a-4825-b2e4-5639e9365604.tmp.csv\n\\\\?\\C:\\ProgramData\\Microsoft\\Windows\\WER\\Temp\\WER.feffad12-c4be-4b35-888d-9e9ca76b7838.tmp.txt\n\\\\?\\C:\\ProgramData\\Microsoft\\Windows\\WER\\Temp\\WER.1255de6e-eacf-44c5-876a-efe17fd4315c.tmp.xml""}","Fault bucket , type 0 Event Name: LiveKernelEvent Response: Not available Cab Id: 0  Problem signature: P1: 1d4 P2: 0 P3: 12 P4: ffff828f529b7150 P5: 102 P6: 10_0_26200 P7: 0_0 P8: 256_1 P9:  P10:   Attached files: \\?\C:\Windows\LiveKernelReports\UcmUcsiCx.sys\UcmUcsiCx.sys-20260408-0917.dmp \\?\C:\Windows\SystemTemp\WER-862550500-0.sysdata.xml \\?\C:\ProgramData\Microsoft\Windows\WER\Temp\WER.cb02a0cc-3af2-42a0-8238-8c636f95d71e.tmp.WERInternalMetadata.xml \\?\C:\ProgramData\Microsoft\Windows\WER\Temp\WER.732c3887-520a-4825-b2e4-5639e9365604.tmp.csv \\?\C:\ProgramData\Microsoft\Windows\WER\Temp\WER.feffad12-c4be-4b35-888d-9e9ca76b7838.tmp.txt \\?\C:\ProgramData\Microsoft\Windows\WER\Temp\WER.1255de6e-eacf-44c5-876a-efe17fd4315c.tmp.xml  These files may be available here: \\?\C:\ProgramData\Microsoft\Windows\WER\ReportQueue\Kernel_1d4_58376c2ce325d9ebb38ee5f5d37663c8816c04_00000000_0c16c476-a1b6-4770-a96b-5bd444952f3e  Analysis symbol:  Rechecking for solution: 0 Report Id: 0c16c476-a1b6-4770-a96b-5bd444952f3e Report Status: 2051 Hashed bucket:  Cab Guid: 0"
"2026-08-02T10:42:54.852Z","27296","1001","Application","Windows Error Reporting","Information","LAPTOP-8SM7PKPU","S-1-5-18","{""ReportId"":""fd813499-7ee3-4b11-a99e-d55ee367584b"",""StorePath"":""\\\\?\\C:\\ProgramData\\Microsoft\\Windows\\WER\\ReportQueue\\Kernel_1d4_fed46974cfad8464b8c8641ec3cac3358d16d35_00000000_fd813499-7ee3-4b11-a99e-d55ee367584b"",""P6"":""10_0_26200"",""P2"":""0"",""P9"":"""",""Rechecking"":""0"",""EventName"":""LiveKernelEvent"",""P3"":""12"",""BucketType"":""0"",""HashedBucket"":"""",""ReportStatus"":""2051"",""CabId"":""0"",""P10"":"""",""P8"":""256_1"",""P4"":""ffffb70283eb0120"",""CabGuid"":""0"",""Response"":""Not available"",""AnalysisSymbol"":"""",""P5"":""102"",""P7"":""0_0"",""P1"":""1d4"",""Bucket"":"""",""AttachedFiles"":""\n\\\\?\\C:\\Windows\\LiveKernelReports\\UcmUcsiCx.sys\\UcmUcsiCx.sys-20251202-0826.dmp\n\\\\?\\C:\\Windows\\SystemTemp\\WER-143287890-0.sysdata.xml\n\\\\?\\C:\\ProgramData\\Microsoft\\Windows\\WER\\Temp\\WER.da7a0a1c-f212-46a3-8285-98673ebbfecf.tmp.WERInternalMetadata.xml\n\\\\?\\C:\\ProgramData\\Microsoft\\Windows\\WER\\Temp\\WER.fa91a330-f7ab-4be9-b50b-eb78ed451996.tmp.csv\n\\\\?\\C:\\ProgramData\\Microsoft\\Windows\\WER\\Temp\\WER.a4baff40-12e8-417b-aa39-708ac0828792.tmp.txt\n\\\\?\\C:\\ProgramData\\Microsoft\\Windows\\WER\\Temp\\WER.e95787e6-0218-43d5-906b-60f585b35cf9.tmp.xml""}","Fault bucket , type 0 Event Name: LiveKernelEvent Response: Not available Cab Id: 0  Problem signature: P1: 1d4 P2: 0 P3: 12 P4: ffffb70283eb0120 P5: 102 P6: 10_0_26200 P7: 0_0 P8: 256_1 P9:  P10:   Attached files: \\?\C:\Windows\LiveKernelReports\UcmUcsiCx.sys\UcmUcsiCx.sys-20251202-0826.dmp \\?\C:\Windows\SystemTemp\WER-143287890-0.sysdata.xml \\?\C:\ProgramData\Microsoft\Windows\WER\Temp\WER.da7a0a1c-f212-46a3-8285-98673ebbfecf.tmp.WERInternalMetadata.xml \\?\C:\ProgramData\Microsoft\Windows\WER\Temp\WER.fa91a330-f7ab-4be9-b50b-eb78ed451996.tmp.csv \\?\C:\ProgramData\Microsoft\Windows\WER\Temp\WER.a4baff40-12e8-417b-aa39-708ac0828792.tmp.txt \\?\C:\ProgramData\Microsoft\Windows\WER\Temp\WER.e95787e6-0218-43d5-906b-60f585b35cf9.tmp.xml  These files may be available here: \\?\C:\ProgramData\Microsoft\Windows\WER\ReportQueue\Kernel_1d4_fed46974cfad8464b8c8641ec3cac3358d16d35_00000000_fd813499-7ee3-4b11-a99e-d55ee367584b  Analysis symbol:  Rechecking for solution: 0 Report Id: fd813499-7ee3-4b11-a99e-d55ee367584b Report Status: 2051 Hashed bucket:  Cab Guid: 0"
"2026-08-02T10:42:54.759Z","27295","1001","Application","Windows Error Reporting","Information","LAPTOP-8SM7PKPU","S-1-5-18","{""ReportId"":""3a0ee711-e0f7-43f1-a4c5-dfe4ce3b0f2c"",""StorePath"":""\\\\?\\C:\\ProgramData\\Microsoft\\Windows\\WER\\ReportQueue\\NonCritical_Update;MoUpdateO_2a9422f9feeeb1801f3f3660788e40e068fb602d_00000000_3a0ee711-e0f7-43f1-a4c5-dfe4ce3b0f2c"",""P6"":""9"",""P2"":""80073d02"",""P9"":"""",""Rechecking"":""0"",""EventName"":""StoreAgentInstallFailure1"",""P3"":""26200"",""BucketType"":""0"",""HashedBucket"":"""",""ReportStatus"":""4"",""CabId"":""0"",""P10"":"""",""P8"":"""",""P4"":""8875"",""CabGuid"":""0"",""Response"":""Not available"",""AnalysisSymbol"":"""",""P5"":""Windows.Desktop"",""P7"":"""",""P1"":""Update;MoUpdateOrchestratorUserScan-MoUsoCoreWorker-SearchForAllUpdatesWithUpdateOptionsAsync"",""Bucket"":"""",""AttachedFiles"":""""}","Fault bucket , type 0 Event Name: StoreAgentInstallFailure1 Response: Not available Cab Id: 0  Problem signature: P1: Update;MoUpdateOrchestratorUserScan-MoUsoCoreWorker-SearchForAllUpdatesWithUpdateOptionsAsync P2: 80073d02 P3: 26200 P4: 8875 P5: Windows.Desktop P6: 9 P7:  P8:  P9:  P10:   Attached files:  These files may be available here: \\?\C:\ProgramData\Microsoft\Windows\WER\ReportQueue\NonCritical_Update;MoUpdateO_2a9422f9feeeb1801f3f3660788e40e068fb602d_00000000_3a0ee711-e0f7-43f1-a4c5-dfe4ce3b0f2c  Analysis symbol:  Rechecking for solution: 0 Report Id: 3a0ee711-e0f7-43f1-a4c5-dfe4ce3b0f2c Report Status: 4 Hashed bucket:  Cab Guid: 0"
"2026-08-02T10:42:54.283Z","27294","8216","Application","System Restore","Information","LAPTOP-8SM7PKPU",,"{""Data"":["""",""""]}","Skipping creation of restore point (Process = C:\Windows\system32\svchost.exe -k netsvcs -p -s wuauserv; Description = Windows Update) as there is a restore point available which is recent enough for System Restore."
"2026-08-02T10:42:53.240Z","27293","8216","Application","System Restore","Information","LAPTOP-8SM7PKPU",,"{""Data"":["""",""""]}","Skipping creation of restore point (Process = C:\Windows\system32\svchost.exe -k netsvcs -p -s wuauserv; Description = Windows Update) as there is a restore point available which is recent enough for System Restore."
"2026-08-02T10:42:50.307Z","27292","8231","Application","VSS","Information","LAPTOP-8SM7PKPU",,"{""Data"":["""","""","""","""",""""]}","Volume Shadow Copy Service information: Snapshot creation initiated for Snapshot Set {1ed1407a-4d8f-432e-a4e5-f2fc0667a419}.  Process command line: taskhostw.exe  Process Caller Stack:  Process[0]: taskhostw.exe  Process[1]: svchost.exe  Process[2]: services.exe "
"2026-08-02T10:33:44.548Z","27291","256","Application","Edge","Information","LAPTOP-8SM7PKPU","S-1-5-21-3119828605-3733597828-3599172180-1001","{""Data"":""""}","[15116:29652:0802/113344.547:INFO:chrome\browser\extensions\extension_garbage_collector.cc:188] Garbage collection for extensions on file thread is complete."
"2026-08-02T10:33:14.674Z","27290","257","Application","Edge","Warning","LAPTOP-8SM7PKPU","S-1-5-18","{""Data"":""""}","[0802/113314.673:WARNING:chrome\elevation_service\caller_validation.cc:163] Failed to authenticate caller process: C:\Program Files (x86)\Microsoft\Edge\Application\msedge.exe"
"2026-08-02T10:33:02.392Z","27289","256","Application","Edge","Information","LAPTOP-8SM7PKPU","S-1-5-21-3119828605-3733597828-3599172180-1001","{""Data"":""""}","[3824:6712:0802/113302.391:INFO:chrome\browser\extensions\extension_garbage_collector.cc:188] Garbage collection for extensions on file thread is complete."
"2026-08-02T10:32:32.556Z","27288","257","Application","Edge","Warning","LAPTOP-8SM7PKPU","S-1-5-18","{""Data"":""""}","[0802/113232.556:WARNING:chrome\elevation_service\caller_validation.cc:163] Failed to authenticate caller process: C:\Program Files (x86)\Microsoft\Edge\Application\msedge.exe"
"2026-08-02T10:32:31.637Z","27287","2562","Application","Microsoft-Windows-AppXDeploymentServer/Operational",,"LAPTOP-8SM7PKPU",,"{""Data"":["""","""","""",""""]}",""
"2026-08-02T10:30:25.321Z","27286","16384","Application","Microsoft-Windows-Security-SPP","Information","LAPTOP-8SM7PKPU",,"{""Data"":["""",""""]}","Successfully scheduled Software Protection service for re-start at 2126-07-09T10:30:25Z. Reason: RulesEngine."
"2026-08-02T10:30:04.207Z","27285","15","Application","SecurityCenter","Information","LAPTOP-8SM7PKPU",,"{""Data"":["""",""""]}","Updated Windows Defender status successfully to SECURITY_PRODUCT_STATE_ON."
"2026-08-02T10:29:41.969Z","27284","1033","Application","Microsoft-Windows-Security-SPP","Information","LAPTOP-8SM7PKPU",,"{""Data"":["""","""",""""]}","These policies are being excluded since they are only defined with override-only attribute. Policy Names=(Security-SPP-Reserved-EnableNotificationMode)  App Id=55c92734-d682-4d71-983e-d6ec3f16059f Sku Id=fe74f55b-0338-41d6-b267-4a201abe7285"
"2026-08-02T10:29:41.968Z","27283","1034","Application","Microsoft-Windows-Security-SPP","Information","LAPTOP-8SM7PKPU",,"{""Data"":["""",""""]}","Duplicate definition of policy found. Policy name=Security-SPP-WriteWauMarker  Priority=500"
"2026-08-02T10:29:41.964Z","27282","1034","Application","Microsoft-Windows-Security-SPP","Information","LAPTOP-8SM7PKPU",,"{""Data"":["""",""""]}","Duplicate definition of policy found. Policy name=AAD-AddDeviceJoinUserToAdminGroup-Policy  Priority=100"
"2026-08-02T10:29:41.956Z","27281","1034","Application","Microsoft-Windows-Security-SPP","Information","LAPTOP-8SM7PKPU",,"{""Data"":["""",""""]}","Duplicate definition of policy found. Policy name=AAD-AddDeviceJoinUserToAdminGroup-Policy  Priority=100"
"2026-08-02T10:29:41.947Z","27280","1034","Application","Microsoft-Windows-Security-SPP","Information","LAPTOP-8SM7PKPU",,"{""Data"":["""",""""]}","Duplicate definition of policy found. Policy name=AAD-AddDeviceJoinUserToAdminGroup-Policy  Priority=100"
"2026-08-02T10:29:41.939Z","27279","1034","Application","Microsoft-Windows-Security-SPP","Information","LAPTOP-8SM7PKPU",,"{""Data"":["""",""""]}","Duplicate definition of policy found. Policy name=AAD-AddDeviceJoinUserToAdminGroup-Policy  Priority=100"
"2026-08-02T10:29:41.930Z","27278","1034","Application","Microsoft-Windows-Security-SPP","Information","LAPTOP-8SM7PKPU",,"{""Data"":["""",""""]}","Duplicate definition of policy found. Policy name=AAD-AddDeviceJoinUserToAdminGroup-Policy  Priority=100"
"2026-08-02T10:29:41.922Z","27277","1034","Application","Microsoft-Windows-Security-SPP","Information","LAPTOP-8SM7PKPU",,"{""Data"":["""",""""]}","Duplicate definition of policy found. Policy name=AAD-AddDeviceJoinUserToAdminGroup-Policy  Priority=100"
"2026-08-02T10:29:41.913Z","27276","1034","Application","Microsoft-Windows-Security-SPP","Information","LAPTOP-8SM7PKPU",,"{""Data"":["""",""""]}","Duplicate definition of policy found. Policy name=AAD-AddDeviceJoinUserToAdminGroup-Policy  Priority=100"
"2026-08-02T10:29:41.905Z","27275","1034","Application","Microsoft-Windows-Security-SPP","Information","LAPTOP-8SM7PKPU",,"{""Data"":["""",""""]}","Duplicate definition of policy found. Policy name=AAD-AddDeviceJoinUserToAdminGroup-Policy  Priority=100"
"2026-08-02T10:29:41.896Z","27274","1034","Application","Microsoft-Windows-Security-SPP","Information","LAPTOP-8SM7PKPU",,"{""Data"":["""",""""]}","Duplicate definition of policy found. Policy name=AAD-AddDeviceJoinUserToAdminGroup-Policy  Priority=100"
"2026-08-02T10:29:41.887Z","27273","1034","Application","Microsoft-Windows-Security-SPP","Information","LAPTOP-8SM7PKPU",,"{""Data"":["""",""""]}","Duplicate definition of policy found. Policy name=AAD-AddDeviceJoinUserToAdminGroup-Policy  Priority=100"
"2026-08-02T10:29:41.879Z","27272","1034","Application","Microsoft-Windows-Security-SPP","Information","LAPTOP-8SM7PKPU",,"{""Data"":["""",""""]}","Duplicate definition of policy found. Policy name=AAD-AddDeviceJoinUserToAdminGroup-Policy  Priority=100"
"2026-08-02T10:29:41.432Z","27271","16394","Application","Microsoft-Windows-Security-SPP","Information","LAPTOP-8SM7PKPU",,"{}","Offline downlevel migration succeeded."
"2026-08-02T10:18:53.767Z","27270","8224","Application","VSS","Information","LAPTOP-8SM7PKPU",,"{}","The VSS service is shutting down due to idle timeout. "
"2026-08-02T10:18:13.172Z","27269","1042","Application","MsiInstaller","Information","LAPTOP-8SM7PKPU","S-1-5-18","{""Data"":["""","""","""","""","""",""""]}","Ending a Windows Installer transaction: c:\program files\microsoft office\root\integration\c2rint.16.msi. Client Process Id: 24492."
"2026-08-02T10:18:13.163Z","27268","1035","Application","MsiInstaller","Information","LAPTOP-8SM7PKPU","S-1-5-18","{""Data"":["""","""","""","""","""",""""]}","Windows Installer reconfigured the product. Product Name: Office 16 Click-to-Run Extensibility Component. Product Version: 16.0.20131.20112. Product Language: 0. Manufacturer: Microsoft Corporation. Reconfiguration success or error status: 0."
"2026-08-02T10:18:13.162Z","27267","11728","Application","MsiInstaller","Information","LAPTOP-8SM7PKPU","S-1-5-18","{""Data"":["""","""","""","""","""",""""]}","Product: Office 16 Click-to-Run Extensibility Component -- Configuration completed successfully."
"2026-08-02T10:18:11.958Z","27266","1040","Application","MsiInstaller","Information","LAPTOP-8SM7PKPU","S-1-5-18","{""Data"":["""","""","""","""","""",""""]}","Beginning a Windows Installer transaction: c:\program files\microsoft office\root\integration\c2rint.16.msi. Client Process Id: 24492."
"2026-08-02T10:17:12.346Z","27265","1003","Application","Microsoft-Windows-Search","Information","LAPTOP-8SM7PKPU",,"{""ExtraInfo"":""""}","The Windows Search Service started. "
"2026-08-02T10:17:11.577Z","27264","1013","Application","Microsoft-Windows-Search","Information","LAPTOP-8SM7PKPU",,"{""ExtraInfo"":""""}","Windows Search Service stopped normally. "
"2026-08-02T10:17:02.010Z","27263","16384","Application","Microsoft-Windows-Security-SPP","Information","LAPTOP-8SM7PKPU",,"{""Data"":["""",""""]}","Successfully scheduled Software Protection service for re-start at 2126-07-09T10:17:01Z. Reason: RulesEngine."
"2026-08-02T10:16:38.158Z","27262","1003","Application","Microsoft-Windows-Search","Information","LAPTOP-8SM7PKPU",,"{""ExtraInfo"":""""}","The Windows Search Service started. "
"2026-08-02T10:16:37.549Z","27261","1013","Application","Microsoft-Windows-Search","Information","LAPTOP-8SM7PKPU",,"{""ExtraInfo"":""""}","Windows Search Service stopped normally. "
"2026-08-02T10:16:31.912Z","27260","1004","Application","Microsoft-Windows-Security-SPP","Information","LAPTOP-8SM7PKPU",,"{""Data"":["""",""""]}","The Software Protection service has successfully installed the license. License Title=Office436366DE-5579-4F24-96DB-3893E4400030 PPD License License Id=24458741-e83d-5f5c-b43a-465eba244525"
"2026-08-02T10:16:31.782Z","27259","1004","Application","Microsoft-Windows-Security-SPP","Information","LAPTOP-8SM7PKPU",,"{""Data"":["""",""""]}","The Software Protection service has successfully installed the license. License Title=Office 16 UL oob License (Private) License Id=b0630698-7987-48ad-922b-83fe4992be73"
"2026-08-02T10:16:31.781Z","27258","1004","Application","Microsoft-Windows-Security-SPP","Information","LAPTOP-8SM7PKPU",,"{""Data"":["""",""""]}","The Software Protection service has successfully installed the license. License Title=Office 16 UL oob License (Public) License Id=84161302-57f7-40fd-8b32-06b42e2aec91"
"2026-08-02T10:16:31.678Z","27257","1004","Application","Microsoft-Windows-Security-SPP","Information","LAPTOP-8SM7PKPU",,"{""Data"":["""",""""]}","The Software Protection service has successfully installed the license. License Title=OfficeDFC5A8B0-E9FD-43F7-B4CA-D63F1E749711 PPD License License Id=f7fe38ac-364b-f4bd-7fb9-f893cecfda55"
"2026-08-02T10:16:31.526Z","27256","1004","Application","Microsoft-Windows-Security-SPP","Information","LAPTOP-8SM7PKPU",,"{""Data"":["""",""""]}","The Software Protection service has successfully installed the license. License Title=Office 16 UL oob License (Private) License Id=3eb95343-fe3b-4a15-970f-7f403a8f3018"
"2026-08-02T10:16:31.525Z","27255","1004","Application","Microsoft-Windows-Security-SPP","Information","LAPTOP-8SM7PKPU",,"{""Data"":["""",""""]}","The Software Protection service has successfully installed the license. License Title=Office 16 UL oob License (Public) License Id=e24d8bfc-84a3-4e90-9bd2-faee48b01126"
"2026-08-02T10:16:31.390Z","27254","1004","Application","Microsoft-Windows-Security-SPP","Information","LAPTOP-8SM7PKPU",,"{""Data"":["""",""""]}","The Software Protection service has successfully installed the license. License Title=Office 16 Publishing License (Private) License Id=30434df4-d10e-443f-9f10-a0d4f85a194b"
"2026-08-02T10:16:31.389Z","27253","1004","Application","Microsoft-Windows-Security-SPP","Information","LAPTOP-8SM7PKPU",,"{""Data"":["""",""""]}","The Software Protection service has successfully installed the license. License Title=Office 16 Publishing License (Public) License Id=3addec2e-f373-4954-b495-6477426c8060"
"2026-08-02T10:16:31.290Z","27252","1004","Application","Microsoft-Windows-Security-SPP","Information","LAPTOP-8SM7PKPU",,"{""Data"":["""",""""]}","The Software Protection service has successfully installed the license. License Title=OfficeE538D623-C066-433D-A6B7-E0708B1FADF7 PPD License License Id=ad074621-f7d3-65e0-c284-36b96210175c"
"2026-08-02T10:16:31.153Z","27251","1004","Application","Microsoft-Windows-Security-SPP","Information","LAPTOP-8SM7PKPU",,"{""Data"":["""",""""]}","The Software Protection service has successfully installed the license. License Title=Office 16 UL oob License (Private) License Id=393ab367-89a2-4595-b374-0165b581e5e1"
"2026-08-02T10:16:31.152Z","27250","1004","Application","Microsoft-Windows-Security-SPP","Information","LAPTOP-8SM7PKPU",,"{""Data"":["""",""""]}","The Software Protection service has successfully installed the license. License Title=Office 16 UL oob License (Public) License Id=8e3fdeb0-dccf-4483-8c8a-f71e430c91fa"
"2026-08-02T10:16:31.017Z","27249","1004","Application","Microsoft-Windows-Security-SPP","Information","LAPTOP-8SM7PKPU",,"{""Data"":["""",""""]}","The Software Protection service has successfully installed the license. License Title=Office 16 Publishing License (Private) License Id=86bbef73-dea2-454a-bed9-e8f2c8af4b39"
"2026-08-02T10:16:31.016Z","27248","1004","Application","Microsoft-Windows-Security-SPP","Information","LAPTOP-8SM7PKPU",,"{""Data"":["""",""""]}","The Software Protection service has successfully installed the license. License Title=Office 16 Publishing License (Public) License Id=b885db02-cead-4e4b-ba24-7b00e32d2aa6"
"2026-08-02T10:16:30.912Z","27247","1004","Application","Microsoft-Windows-Security-SPP","Information","LAPTOP-8SM7PKPU",,"{""Data"":["""",""""]}","The Software Protection service has successfully installed the license. License Title=OfficeB6B47040-B38E-4BE2-BF6A-DABF0C41540A PPD License License Id=c6c810c9-be79-8903-dbf9-e042a03d8d28"
"2026-08-02T10:16:30.775Z","27246","1004","Application","Microsoft-Windows-Security-SPP","Information","LAPTOP-8SM7PKPU",,"{""Data"":["""",""""]}","The Software Protection service has successfully installed the license. License Title=Office 16 UL oob License (Private) License Id=19c58458-f6df-49b1-a7ee-40df658b89ce"
"2026-08-02T10:16:30.774Z","27245","1004","Application","Microsoft-Windows-Security-SPP","Information","LAPTOP-8SM7PKPU",,"{""Data"":["""",""""]}","The Software Protection service has successfully installed the license. License Title=Office 16 UL oob License (Public) License Id=fa7b5ddd-4ff6-400d-8215-411733027e92"
"2026-08-02T10:16:30.641Z","27244","1004","Application","Microsoft-Windows-Security-SPP","Information","LAPTOP-8SM7PKPU",,"{""Data"":["""",""""]}","The Software Protection service has successfully installed the license. License Title=Office 16 Publishing License (Private) License Id=27998c70-15b7-4902-abd5-d894a03a50b0"
"2026-08-02T10:16:30.640Z","27243","1004","Application","Microsoft-Windows-Security-SPP","Information","LAPTOP-8SM7PKPU",,"{""Data"":["""",""""]}","The Software Protection service has successfully installed the license. License Title=Office 16 Publishing License (Public) License Id=d0537409-301d-4ecc-9c9e-039f227d8011"
"2026-08-02T10:16:30.540Z","27242","1004","Application","Microsoft-Windows-Security-SPP","Information","LAPTOP-8SM7PKPU",,"{""Data"":["""",""""]}","The Software Protection service has successfully installed the license. License Title=Office26B6A7CE-B174-40AA-A114-316AA56BA9FC PPD License License Id=776cd868-053a-1561-adf6-407c43ec688a"
"2026-08-02T10:16:30.383Z","27241","1004","Application","Microsoft-Windows-Security-SPP","Information","LAPTOP-8SM7PKPU",,"{""Data"":["""",""""]}","The Software Protection service has successfully installed the license. License Title=Office 16 UL oob License (Private) License Id=f96ffbc5-9caf-4e5f-9f85-0c85556640da"
"2026-08-02T10:16:30.382Z","27240","1004","Application","Microsoft-Windows-Security-SPP","Information","LAPTOP-8SM7PKPU",,"{""Data"":["""",""""]}","The Software Protection service has successfully installed the license. License Title=Office 16 UL oob License (Public) License Id=9c866b81-057f-40de-a626-00f88780fb00"
"2026-08-02T10:16:30.246Z","27239","1004","Application","Microsoft-Windows-Security-SPP","Information","LAPTOP-8SM7PKPU",,"{""Data"":["""",""""]}","The Software Protection service has successfully installed the license. License Title=Office 16 Publishing License (Private) License Id=d58999dc-ccbc-4ebe-bbf0-b9a56bac0f05"
"2026-08-02T10:16:30.245Z","27238","1004","Application","Microsoft-Windows-Security-SPP","Information","LAPTOP-8SM7PKPU",,"{""Data"":["""",""""]}","The Software Protection service has successfully installed the license. License Title=Office 16 Publishing License (Public) License Id=c618fcfe-0f5e-48dd-89bf-d61964e36f94"
"2026-08-02T10:16:30.140Z","27237","1004","Application","Microsoft-Windows-Security-SPP","Information","LAPTOP-8SM7PKPU",,"{""Data"":["""",""""]}","The Software Protection service has successfully installed the license. License Title=Office46D2C0BD-F912-4DDC-8E67-B90EADC3F83C PPD License License Id=903f0d79-fb37-4706-3779-1fb9e17a8fde"
"2026-08-02T10:16:29.993Z","27236","1004","Application","Microsoft-Windows-Security-SPP","Information","LAPTOP-8SM7PKPU",,"{""Data"":["""",""""]}","The Software Protection service has successfully installed the license. License Title=Office 16 UL oob License (Private) License Id=4e1005ad-7059-40fd-bb67-48e6b731d1c2"
"2026-08-02T10:16:29.992Z","27235","1004","Application","Microsoft-Windows-Security-SPP","Information","LAPTOP-8SM7PKPU",,"{""Data"":["""",""""]}","The Software Protection service has successfully installed the license. License Title=Office 16 UL oob License (Public) License Id=0e885754-1ab9-442b-b150-5c62d66d9e00"
"2026-08-02T10:16:29.851Z","27234","1004","Application","Microsoft-Windows-Security-SPP","Information","LAPTOP-8SM7PKPU",,"{""Data"":["""",""""]}","The Software Protection service has successfully installed the license. License Title=Office 16 Publishing License (Private) License Id=efd7acc5-840c-4a5b-bef1-afba4608aae3"
"2026-08-02T10:16:29.851Z","27233","1004","Application","Microsoft-Windows-Security-SPP","Information","LAPTOP-8SM7PKPU",,"{""Data"":["""",""""]}","The Software Protection service has successfully installed the license. License Title=Office 16 Publishing License (Public) License Id=8701d24b-f0af-42f2-98e8-dc8ba02046ec"
"2026-08-02T10:16:29.749Z","27232","1004","Application","Microsoft-Windows-Security-SPP","Information","LAPTOP-8SM7PKPU",,"{""Data"":["""",""""]}","The Software Protection service has successfully installed the license. License Title=OfficeFF02E86C-FEF0-4063-B39F-74275CDDD7C3 PPD License License Id=3c061f75-c879-76de-a8fd-328709dd9522"
"2026-08-02T10:16:29.611Z","27231","1004","Application","Microsoft-Windows-Security-SPP","Information","LAPTOP-8SM7PKPU",,"{""Data"":["""",""""]}","The Software Protection service has successfully installed the license. License Title=Office 16 UL oob License (Private) License Id=c9452f2f-1d90-459f-a1a1-459641010e48"
"2026-08-02T10:16:29.611Z","27230","1004","Application","Microsoft-Windows-Security-SPP","Information","LAPTOP-8SM7PKPU",,"{""Data"":["""",""""]}","The Software Protection service has successfully installed the license. License Title=Office 16 UL oob License (Public) License Id=11b65b29-324f-4f93-a982-1479d2fe8a94"
"2026-08-02T10:16:29.474Z","27229","1004","Application","Microsoft-Windows-Security-SPP","Information","LAPTOP-8SM7PKPU",,"{""Data"":["""",""""]}","The Software Protection service has successfully installed the license. License Title=Office 16 Publishing License (Private) License Id=a23480e5-ab55-4481-8c0d-c1b1bb3228d1"
"2026-08-02T10:16:29.474Z","27228","1004","Application","Microsoft-Windows-Security-SPP","Information","LAPTOP-8SM7PKPU",,"{""Data"":["""",""""]}","The Software Protection service has successfully installed the license. License Title=Office 16 Publishing License (Public) License Id=c02ddbaf-6b46-4670-ac37-8a3df12faf00"
"2026-08-02T10:16:29.420Z","27227","1004","Application","Microsoft-Windows-Security-SPP","Information","LAPTOP-8SM7PKPU",,"{""Data"":["""",""""]}","The Software Protection service has successfully installed the license. License Title=Office6E5DB8A5-78E6-4953-B793-7422351AFE88 PPD License License Id=51998d31-5bbb-2da1-28d0-143d3622a51e"
"2026-08-02T10:16:29.347Z","27226","1004","Application","Microsoft-Windows-Security-SPP","Information","LAPTOP-8SM7PKPU",,"{""Data"":["""",""""]}","The Software Protection service has successfully installed the license. License Title=Office 16 UL oob License (Private) License Id=1a18c6b5-651b-4aac-81ab-d164ffa02387"
"2026-08-02T10:16:29.346Z","27225","1004","Application","Microsoft-Windows-Security-SPP","Information","LAPTOP-8SM7PKPU",,"{""Data"":["""",""""]}","The Software Protection service has successfully installed the license. License Title=Office 16 UL oob License (Public) License Id=70b1229d-9360-4ca8-848d-003b58322cd1"
"2026-08-02T10:16:29.276Z","27224","1004","Application","Microsoft-Windows-Security-SPP","Information","LAPTOP-8SM7PKPU",,"{""Data"":["""",""""]}","The Software Protection service has successfully installed the license. License Title=Office 16 Publishing License (Private) License Id=17dbc5de-27e9-4e53-9e03-8d6cb6e59c79"
"2026-08-02T10:16:29.275Z","27223","1004","Application","Microsoft-Windows-Security-SPP","Information","LAPTOP-8SM7PKPU",,"{""Data"":["""",""""]}","The Software Protection service has successfully installed the license. License Title=Office 16 Publishing License (Public) License Id=a04a5b81-ff77-478e-992a-99ed9b73e614"
"2026-08-02T10:16:29.218Z","27222","1004","Application","Microsoft-Windows-Security-SPP","Information","LAPTOP-8SM7PKPU",,"{""Data"":["""",""""]}","The Software Protection service has successfully installed the license. License Title=OfficeA8119E32-B17C-4BD3-8950-7D1853F4B412 PPD License License Id=5030ae0a-fae7-c88e-0803-7856aea4cc5f"
"2026-08-02T10:16:29.134Z","27221","1004","Application","Microsoft-Windows-Security-SPP","Information","LAPTOP-8SM7PKPU",,"{""Data"":["""",""""]}","The Software Protection service has successfully installed the license. License Title=Office 16 UL oob License (Private) License Id=7076fa7c-4f14-47bf-9e12-cecb495cfd4f"
"2026-08-02T10:16:29.133Z","27220","1004","Application","Microsoft-Windows-Security-SPP","Information","LAPTOP-8SM7PKPU",,"{""Data"":["""",""""]}","The Software Protection service has successfully installed the license. License Title=Office 16 UL oob License (Public) License Id=8d334dfd-817b-415a-9755-79e2c7af70ef"
"2026-08-02T10:16:29.039Z","27219","1004","Application","Microsoft-Windows-Security-SPP","Information","LAPTOP-8SM7PKPU",,"{""Data"":["""",""""]}","The Software Protection service has successfully installed the license. License Title=Office 16 Publishing License (Private) License Id=d0adc255-4c78-42c4-8a51-ee4b56700b55"
"2026-08-02T10:16:29.038Z","27218","1004","Application","Microsoft-Windows-Security-SPP","Information","LAPTOP-8SM7PKPU",,"{""Data"":["""",""""]}","The Software Protection service has successfully installed the license. License Title=Office 16 Publishing License (Public) License Id=c49b644f-a28e-488c-bb24-5a4425840fb8"
"2026-08-02T10:16:28.971Z","27217","1004","Application","Microsoft-Windows-Security-SPP","Information","LAPTOP-8SM7PKPU",,"{""Data"":["""",""""]}","The Software Protection service has successfully installed the license. License Title=OfficeE3DACC06-3BC2-4E13-8E59-8E05F3232325 PPD License License Id=5bdbd507-73c3-5f87-d372-f0e5bb6a31cd"
"2026-08-02T10:16:28.899Z","27216","1004","Application","Microsoft-Windows-Security-SPP","Information","LAPTOP-8SM7PKPU",,"{""Data"":["""",""""]}","The Software Protection service has successfully installed the license. License Title=Office 16 UL oob License (Private) License Id=d2cbd487-c92b-4918-b6af-ab75a5ba6882"
"2026-08-02T10:16:28.899Z","27215","1004","Application","Microsoft-Windows-Security-SPP","Information","LAPTOP-8SM7PKPU",,"{""Data"":["""",""""]}","The Software Protection service has successfully installed the license. License Title=Office 16 UL oob License (Public) License Id=cb111526-131c-408d-89a2-2475514e80b8"
"2026-08-02T10:16:28.818Z","27214","1004","Application","Microsoft-Windows-Security-SPP","Information","LAPTOP-8SM7PKPU",,"{""Data"":["""",""""]}","The Software Protection service has successfully installed the license. License Title=Office 16 Publishing License (Private) License Id=7d5605dd-af09-4f2e-9319-e8898601cc34"
"2026-08-02T10:16:28.817Z","27213","1004","Application","Microsoft-Windows-Security-SPP","Information","LAPTOP-8SM7PKPU",,"{""Data"":["""",""""]}","The Software Protection service has successfully installed the license. License Title=Office 16 Publishing License (Public) License Id=4b715906-9564-43d9-8e14-bb21fe726e09"
"2026-08-02T10:16:28.761Z","27212","1004","Application","Microsoft-Windows-Security-SPP","Information","LAPTOP-8SM7PKPU",,"{""Data"":["""",""""]}","The Software Protection service has successfully installed the license. License Title=Office149DBCE7-A48E-44DB-8364-A53386CD4580 PPD License License Id=9dc6cf18-3bdc-6b55-055c-77d5e1c67e08"
"2026-08-02T10:16:28.685Z","27211","1004","Application","Microsoft-Windows-Security-SPP","Information","LAPTOP-8SM7PKPU",,"{""Data"":["""",""""]}","The Software Protection service has successfully installed the license. License Title=Office 16 UL oob License (Private) License Id=0042b0f8-3469-428c-aff4-29dc986efd59"
"2026-08-02T10:16:28.685Z","27210","1004","Application","Microsoft-Windows-Security-SPP","Information","LAPTOP-8SM7PKPU",,"{""Data"":["""",""""]}","The Software Protection service has successfully installed the license. License Title=Office 16 UL oob License (Public) License Id=799225a6-654f-4daf-9721-5f400b040f79"
"2026-08-02T10:16:28.612Z","27209","1004","Application","Microsoft-Windows-Security-SPP","Information","LAPTOP-8SM7PKPU",,"{""Data"":["""",""""]}","The Software Protection service has successfully installed the license. License Title=Office 16 Publishing License (Private) License Id=04d5a4ab-5e3a-4997-b707-97f5470619b3"
"2026-08-02T10:16:28.612Z","27208","1004","Application","Microsoft-Windows-Security-SPP","Information","LAPTOP-8SM7PKPU",,"{""Data"":["""",""""]}","The Software Protection service has successfully installed the license. License Title=Office 16 Publishing License (Public) License Id=5af7232c-1067-49fb-b3aa-c3407e52ce1d"
"2026-08-02T10:16:28.552Z","27207","1004","Application","Microsoft-Windows-Security-SPP","Information","LAPTOP-8SM7PKPU",,"{""Data"":["""",""""]}","The Software Protection service has successfully installed the license. License Title=Office3AD61E22-E4FE-497F-BDB1-3E51BD872173 PPD License License Id=32757964-6b92-d375-42e1-fbbd7da16454"
"2026-08-02T10:16:28.471Z","27206","1004","Application","Microsoft-Windows-Security-SPP","Information","LAPTOP-8SM7PKPU",,"{""Data"":["""",""""]}","The Software Protection service has successfully installed the license. License Title=Office 16 UL oob License (Private) License Id=8b085e63-33b5-47dc-80ed-79674f091a36"
"2026-08-02T10:16:28.470Z","27205","1004","Application","Microsoft-Windows-Security-SPP","Information","LAPTOP-8SM7PKPU",,"{""Data"":["""",""""]}","The Software Protection service has successfully installed the license. License Title=Office 16 UL oob License (Public) License Id=3c42d53b-20c5-42c6-9279-768cd35aa252"
"2026-08-02T10:16:28.409Z","27204","1004","Application","Microsoft-Windows-Security-SPP","Information","LAPTOP-8SM7PKPU",,"{""Data"":["""",""""]}","The Software Protection service has successfully installed the license. License Title=OfficeB27B3D00-9A95-4FCD-A0C2-118CBD5E699B PPD License License Id=d25bdc86-1b23-f231-8b98-db36cc3b4b7b"
"2026-08-02T10:16:28.330Z","27203","1004","Application","Microsoft-Windows-Security-SPP","Information","LAPTOP-8SM7PKPU",,"{""Data"":["""",""""]}","The Software Protection service has successfully installed the license. License Title=Office 16 UL oob License (Private) License Id=b114da48-667a-4ba0-937c-d4dd46887b06"
"2026-08-02T10:16:28.329Z","27202","1004","Application","Microsoft-Windows-Security-SPP","Information","LAPTOP-8SM7PKPU",,"{""Data"":["""",""""]}","The Software Protection service has successfully installed the license. License Title=Office 16 UL oob License (Public) License Id=10edc725-764f-4bf7-acf0-7d2f9e5858c4"
"2026-08-02T10:16:28.249Z","27201","1004","Application","Microsoft-Windows-Security-SPP","Information","LAPTOP-8SM7PKPU",,"{""Data"":["""",""""]}","The Software Protection service has successfully installed the license. License Title=Office 16 Publishing License (Private) License Id=8d1d674c-a636-4854-83cc-0ae8816ba7e9"
"2026-08-02T10:16:28.249Z","27200","1004","Application","Microsoft-Windows-Security-SPP","Information","LAPTOP-8SM7PKPU",,"{""Data"":["""",""""]}","The Software Protection service has successfully installed the license. License Title=Office 16 Publishing License (Public) License Id=fc72d3e7-d4c4-4713-ad73-1a5d58cd0f60"
"2026-08-02T10:16:28.180Z","27199","1004","Application","Microsoft-Windows-Security-SPP","Information","LAPTOP-8SM7PKPU",,"{""Data"":["""",""""]}","The Software Protection service has successfully installed the license. License Title=OfficeCBECB6F5-DA49-4029-BE25-5945AC9750B3 PPD License License Id=62eec107-c849-49d8-d78e-10daa0a5c173"
"2026-08-02T10:16:28.095Z","27198","1004","Application","Microsoft-Windows-Security-SPP","Information","LAPTOP-8SM7PKPU",,"{""Data"":["""",""""]}","The Software Protection service has successfully installed the license. License Title=Office 16 UL oob License (Private) License Id=eba87059-0da6-4fdc-b697-ef7b8b902278"
"2026-08-02T10:16:28.094Z","27197","1004","Application","Microsoft-Windows-Security-SPP","Information","LAPTOP-8SM7PKPU",,"{""Data"":["""",""""]}","The Software Protection service has successfully installed the license. License Title=Office 16 UL oob License (Public) License Id=4a4d45fb-ed8b-4815-9ce0-3ce17b8280e4"
"2026-08-02T10:16:28.012Z","27196","1004","Application","Microsoft-Windows-Security-SPP","Information","LAPTOP-8SM7PKPU",,"{""Data"":["""",""""]}","The Software Protection service has successfully installed the license. License Title=Office 16 Publishing License (Private) License Id=26ebece4-964d-4b64-a8df-388332f40577"
"2026-08-02T10:16:28.012Z","27195","1004","Application","Microsoft-Windows-Security-SPP","Information","LAPTOP-8SM7PKPU",,"{""Data"":["""",""""]}","The Software Protection service has successfully installed the license. License Title=Office 16 Publishing License (Public) License Id=3be3b4fb-4ce3-4f2f-af08-dd0561848d4d"
"2026-08-02T10:16:27.952Z","27194","1004","Application","Microsoft-Windows-Security-SPP","Information","LAPTOP-8SM7PKPU",,"{""Data"":["""",""""]}","The Software Protection service has successfully installed the license. License Title=Office24FC428E-A37E-4996-AC66-8EA0304A152D PPD License License Id=5fb7168b-b17b-81fc-a5cd-efac97cde83c"
"2026-08-02T10:16:27.874Z","27193","1004","Application","Microsoft-Windows-Security-SPP","Information","LAPTOP-8SM7PKPU",,"{""Data"":["""",""""]}","The Software Protection service has successfully installed the license. License Title=Office 16 UL oob License (Private) License Id=65994ac1-76a3-4f38-9ba6-d38a40eae01e"
"2026-08-02T10:16:27.874Z","27192","1004","Application","Microsoft-Windows-Security-SPP","Information","LAPTOP-8SM7PKPU",,"{""Data"":["""",""""]}","The Software Protection service has successfully installed the license. License Title=Office 16 UL oob License (Public) License Id=eeb991ca-46a5-4e73-be36-8038e67895d3"
"2026-08-02T10:16:27.799Z","27191","1004","Application","Microsoft-Windows-Security-SPP","Information","LAPTOP-8SM7PKPU",,"{""Data"":["""",""""]}","The Software Protection service has successfully installed the license. License Title=Office 16 Publishing License (Private) License Id=bd8b81cb-c0cb-4e88-9f77-24aac7253eae"
"2026-08-02T10:16:27.798Z","27190","1004","Application","Microsoft-Windows-Security-SPP","Information","LAPTOP-8SM7PKPU",,"{""Data"":["""",""""]}","The Software Protection service has successfully installed the license. License Title=Office 16 Publishing License (Public) License Id=19e3fd2f-0b02-45f2-b816-a0f868a82685"
"2026-08-02T10:16:27.743Z","27189","1004","Application","Microsoft-Windows-Security-SPP","Information","LAPTOP-8SM7PKPU",,"{""Data"":["""",""""]}","The Software Protection service has successfully installed the license. License Title=Office7984D9ED-81F9-4D50-913D-317ECD863065 PPD License License Id=2a9a2991-4b78-245f-e862-11366e07a43f"
"2026-08-02T10:16:27.667Z","27188","1004","Application","Microsoft-Windows-Security-SPP","Information","LAPTOP-8SM7PKPU",,"{""Data"":["""",""""]}","The Software Protection service has successfully installed the license. License Title=Office 16 UL oob License (Private) License Id=efcfae5a-d351-41eb-a8fd-a9cb5767e63a"
"2026-08-02T10:16:27.666Z","27187","1004","Application","Microsoft-Windows-Security-SPP","Information","LAPTOP-8SM7PKPU",,"{""Data"":["""",""""]}","The Software Protection service has successfully installed the license. License Title=Office 16 UL oob License (Public) License Id=820bf08c-5c79-4704-8f51-29bf83bc726f"
"2026-08-02T10:16:27.592Z","27186","1004","Application","Microsoft-Windows-Security-SPP","Information","LAPTOP-8SM7PKPU",,"{""Data"":["""",""""]}","The Software Protection service has successfully installed the license. License Title=Office 16 Publishing License (Private) License Id=be7a8b41-caa7-441c-b6c2-8dac2f9ec4dc"
"2026-08-02T10:16:27.591Z","27185","1004","Application","Microsoft-Windows-Security-SPP","Information","LAPTOP-8SM7PKPU",,"{""Data"":["""",""""]}","The Software Protection service has successfully installed the license. License Title=Office 16 Publishing License (Public) License Id=8151f4ee-800d-4732-8ce4-e5874fd427ce"
"2026-08-02T10:16:27.530Z","27184","1004","Application","Microsoft-Windows-Security-SPP","Information","LAPTOP-8SM7PKPU",,"{""Data"":["""",""""]}","The Software Protection service has successfully installed the license. License Title=Office35EC6E0E-2DF4-4629-9EE3-D525E806B988 PPD License License Id=5acfc3a7-97b1-0683-9c66-fa18579ff15c"
"2026-08-02T10:16:27.450Z","27183","1004","Application","Microsoft-Windows-Security-SPP","Information","LAPTOP-8SM7PKPU",,"{""Data"":["""",""""]}","The Software Protection service has successfully installed the license. License Title=Office 16 UL oob License (Private) License Id=d3f27319-4d8a-4d8f-9b04-100acb88f9f7"
"2026-08-02T10:16:27.449Z","27182","1004","Application","Microsoft-Windows-Security-SPP","Information","LAPTOP-8SM7PKPU",,"{""Data"":["""",""""]}","The Software Protection service has successfully installed the license. License Title=Office 16 UL oob License (Public) License Id=2bc30cbf-0cce-4c3b-9a2f-596d9937208f"
"2026-08-02T10:16:27.387Z","27181","1004","Application","Microsoft-Windows-Security-SPP","Information","LAPTOP-8SM7PKPU",,"{""Data"":["""",""""]}","The Software Protection service has successfully installed the license. License Title=client-issuance-bridge-office Issuance License License Id=4d4a5396-01a7-4ae5-9973-b53bb1af5c30"
"2026-08-02T10:16:27.328Z","27180","1004","Application","Microsoft-Windows-Security-SPP","Information","LAPTOP-8SM7PKPU",,"{""Data"":["""",""""]}","The Software Protection service has successfully installed the license. License Title=client-issuance-root-bridge-test Issuance License License Id=7256a55f-e989-4e06-b2c2-c527f49e4527"
"2026-08-02T10:16:26.280Z","27179","10000","Application","Microsoft-Windows-RestartManager","Information","LAPTOP-8SM7PKPU","S-1-5-18","{""RmSessionId"":""0"",""UTCStartTime"":""2026-08-02T10:16:26.2801169Z""}","Starting session 0 - ‎2026‎-‎08‎-‎02T10:16:26.280116900Z."
"2026-08-02T10:16:27.267Z","27178","1004","Application","Microsoft-Windows-Security-SPP","Information","LAPTOP-8SM7PKPU",,"{""Data"":["""",""""]}","The Software Protection service has successfully installed the license. License Title=client-issuance-ul-oob Issuance License License Id=7209e8e3-cce2-49dd-8f6e-2cc8a611f202"
"2026-08-02T10:16:27.201Z","27177","1004","Application","Microsoft-Windows-Security-SPP","Information","LAPTOP-8SM7PKPU",,"{""Data"":["""",""""]}","The Software Protection service has successfully installed the license. License Title=client-issuance-ul Issuance License License Id=ce939c0e-53f7-4011-a286-78b6975fa5f0"
"2026-08-02T10:16:27.143Z","27176","1004","Application","Microsoft-Windows-Security-SPP","Information","LAPTOP-8SM7PKPU",,"{""Data"":["""",""""]}","The Software Protection service has successfully installed the license. License Title=client-issuance-stil Issuance License License Id=285583cd-fc43-4806-ace6-d247b7edd434"
"2026-08-02T10:16:27.082Z","27175","1004","Application","Microsoft-Windows-Security-SPP","Information","LAPTOP-8SM7PKPU",,"{""Data"":["""",""""]}","The Software Protection service has successfully installed the license. License Title=client-issuance-root Issuance License License Id=7cbeb41c-1778-47f2-aa36-51a5a618f716"
"2026-08-02T10:16:27.026Z","27174","1004","Application","Microsoft-Windows-Security-SPP","Information","LAPTOP-8SM7PKPU",,"{""Data"":["""",""""]}","The Software Protection service has successfully installed the license. License Title=XrML 2.1 License - Product Key Configuration License Id=dc6454b3-ceba-4e40-b6cc-26afb8fe8fa6"
"2026-08-02T10:16:26.932Z","27173","1004","Application","Microsoft-Windows-Security-SPP","Information","LAPTOP-8SM7PKPU",,"{""Data"":["""",""""]}","The Software Protection service has successfully installed the license. License Title=XrML 2.1 License - Product Key Configuration License Id=6040a6e7-445d-4609-b6c4-8a66b709cb54"
"2026-08-02T10:16:05.450Z","27172","16394","Application","Microsoft-Windows-Security-SPP","Information","LAPTOP-8SM7PKPU",,"{}","Offline downlevel migration succeeded."
"2026-08-02T10:16:03.662Z","27171","0","Application","edgeupdate","Information","LAPTOP-8SM7PKPU",,"{""Data"":""""}","Service stopped."
"2026-08-02T10:15:58.446Z","27170","10001","Application","Microsoft-Windows-RestartManager","Information","LAPTOP-8SM7PKPU","S-1-5-18","{""RmSessionId"":""0"",""UTCStartTime"":""2026-08-02T10:15:58.3351419Z""}","Ending session 0 started ‎2026‎-‎08‎-‎02T10:15:58.335141900Z."
"2026-08-02T10:15:58.335Z","27169","10000","Application","Microsoft-Windows-RestartManager","Information","LAPTOP-8SM7PKPU","S-1-5-18","{""RmSessionId"":""0"",""UTCStartTime"":""2026-08-02T10:15:58.3351419Z""}","Starting session 0 - ‎2026‎-‎08‎-‎02T10:15:58.335141900Z."
"2026-08-02T10:15:58.335Z","27168","10001","Application","Microsoft-Windows-RestartManager","Information","LAPTOP-8SM7PKPU","S-1-5-18","{""RmSessionId"":""0"",""UTCStartTime"":""2026-08-02T10:15:44.4725271Z""}","Ending session 0 started ‎2026‎-‎08‎-‎02T10:15:44.472527100Z."
"2026-08-02T10:15:53.763Z","27167","8216","Application","System Restore","Information","LAPTOP-8SM7PKPU",,"{""Data"":["""",""""]}","Skipping creation of restore point (Process = C:\Windows\system32\svchost.exe -k netsvcs -p -s wuauserv; Description = Windows Update) as there is a restore point available which is recent enough for System Restore."
"2026-08-02T10:15:48.818Z","27166","1001","Application","Windows Error Reporting","Information","LAPTOP-8SM7PKPU","S-1-5-18","{""ReportId"":""975a6b71-7948-422a-8007-d5b6591692fd"",""StorePath"":""NULL"",""P6"":"""",""P2"":""151.0.4129.59"",""P9"":"""",""Rechecking"":""0"",""EventName"":""crashpad_log"",""P3"":""EdgeInstallerError|msedge"",""BucketType"":""0"",""HashedBucket"":"""",""ReportStatus"":""268697600"",""CabId"":""0"",""P10"":"""",""P8"":"""",""P4"":""0x21f"",""CabGuid"":""0"",""Response"":""Not available"",""AnalysisSymbol"":"""",""P5"":"""",""P7"":"""",""P1"":""setup.exe"",""Bucket"":"""",""AttachedFiles"":""\n\\\\?\\C:\\Windows\\SystemTemp\\msedge_installer.log""}","Fault bucket , type 0 Event Name: crashpad_log Response: Not available Cab Id: 0  Problem signature: P1: setup.exe P2: 151.0.4129.59 P3: EdgeInstallerError|msedge P4: 0x21f P5:  P6:  P7:  P8:  P9:  P10:   Attached files: \\?\C:\Windows\SystemTemp\msedge_installer.log  These files may be available here: NULL  Analysis symbol:  Rechecking for solution: 0 Report Id: 975a6b71-7948-422a-8007-d5b6591692fd Report Status: 268697600 Hashed bucket:  Cab Guid: 0"
"2026-08-02T10:15:48.810Z","27165","1001","Application","Windows Error Reporting","Information","LAPTOP-8SM7PKPU","S-1-5-18","{""ReportId"":""975a6b71-7948-422a-8007-d5b6591692fd"",""StorePath"":""\\\\?\\C:\\ProgramData\\Microsoft\\Windows\\WER\\ReportArchive\\NonCritical_setup.exe_394af94a6aa793d85ebd40fee01e9f7501cb1_00000000_975a6b71-7948-422a-8007-d5b6591692fd"",""P6"":"""",""P2"":""151.0.4129.59"",""P9"":"""",""Rechecking"":""0"",""EventName"":""crashpad_log"",""P3"":""EdgeInstallerError|msedge"",""BucketType"":""5"",""HashedBucket"":""c91e4dd320c604a029eb046c9a4c4801"",""ReportStatus"":""268435456"",""CabId"":""0"",""P10"":"""",""P8"":"""",""P4"":""0x21f"",""CabGuid"":""0"",""Response"":""Not available"",""AnalysisSymbol"":"""",""P5"":"""",""P7"":"""",""P1"":""setup.exe"",""Bucket"":""1867591334966872065"",""AttachedFiles"":""\n\\\\?\\C:\\Windows\\SystemTemp\\msedge_installer.log\n\\\\?\\C:\\ProgramData\\Microsoft\\Windows\\WER\\Temp\\WER.9ff435e3-a0ad-4714-b059-3ebb4c219d25.tmp.WERInternalMetadata.xml\n\\\\?\\C:\\ProgramData\\Microsoft\\Windows\\WER\\Temp\\WER.ee9822f5-8661-4576-80bb-8d9bd7cadbe0.tmp.csv\n\\\\?\\C:\\ProgramData\\Microsoft\\Windows\\WER\\Temp\\WER.6bf05018-2a41-42a0-aa44-c513e69f35e7.tmp.txt\n\\\\?\\C:\\ProgramData\\Microsoft\\Windows\\WER\\Temp\\WER.9096d4c9-5640-4d09-a5d0-26ed65014d96.tmp.xml""}","Fault bucket 1867591334966872065, type 5 Event Name: crashpad_log Response: Not available Cab Id: 0  Problem signature: P1: setup.exe P2: 151.0.4129.59 P3: EdgeInstallerError|msedge P4: 0x21f P5:  P6:  P7:  P8:  P9:  P10:   Attached files: \\?\C:\Windows\SystemTemp\msedge_installer.log \\?\C:\ProgramData\Microsoft\Windows\WER\Temp\WER.9ff435e3-a0ad-4714-b059-3ebb4c219d25.tmp.WERInternalMetadata.xml \\?\C:\ProgramData\Microsoft\Windows\WER\Temp\WER.ee9822f5-8661-4576-80bb-8d9bd7cadbe0.tmp.csv \\?\C:\ProgramData\Microsoft\Windows\WER\Temp\WER.6bf05018-2a41-42a0-aa44-c513e69f35e7.tmp.txt \\?\C:\ProgramData\Microsoft\Windows\WER\Temp\WER.9096d4c9-5640-4d09-a5d0-26ed65014d96.tmp.xml  These files may be available here: \\?\C:\ProgramData\Microsoft\Windows\WER\ReportArchive\NonCritical_setup.exe_394af94a6aa793d85ebd40fee01e9f7501cb1_00000000_975a6b71-7948-422a-8007-d5b6591692fd  Analysis symbol:  Rechecking for solution: 0 Report Id: 975a6b71-7948-422a-8007-d5b6591692fd Report Status: 268435456 Hashed bucket: c91e4dd320c604a029eb046c9a4c4801 Cab Guid: 0"
"2026-08-02T10:15:44.473Z","27164","10000","Application","Microsoft-Windows-RestartManager","Information","LAPTOP-8SM7PKPU","S-1-5-18","{""RmSessionId"":""0"",""UTCStartTime"":""2026-08-02T10:15:44.4725271Z""}","Starting session 0 - ‎2026‎-‎08‎-‎02T10:15:44.472527100Z."
"2026-08-02T10:15:19.951Z","27163","16384","Application","Microsoft-Windows-Security-SPP","Information","LAPTOP-8SM7PKPU",,"{""Data"":["""",""""]}","Successfully scheduled Software Protection service for re-start at 2126-07-09T10:15:19Z. Reason: RulesEngine."
"2026-08-02T10:14:36.640Z","27162","1001","Application","Windows Error Reporting","Information","LAPTOP-8SM7PKPU","S-1-5-18","{""ReportId"":""feef7efa-b9b6-43a2-b252-e030ec2eaccd"",""StorePath"":""\\\\?\\C:\\ProgramData\\Microsoft\\Windows\\WER\\ReportQueue\\Kernel_193_5655eec2b36f7fc2c851bb4bca9c29fc33a437c5_00000000_feef7efa-b9b6-43a2-b252-e030ec2eaccd"",""P6"":""10_0_26200"",""P2"":""80e"",""P9"":"""",""Rechecking"":""0"",""EventName"":""LiveKernelEvent"",""P3"":""ffff87857aa0a080"",""BucketType"":""0"",""HashedBucket"":"""",""ReportStatus"":""2051"",""CabId"":""0"",""P10"":"""",""P8"":""256_1"",""P4"":""ffffd785658d03b0"",""CabGuid"":""0"",""Response"":""Not available"",""AnalysisSymbol"":"""",""P5"":""0"",""P7"":""0_0"",""P1"":""193"",""Bucket"":"""",""AttachedFiles"":""\n\\\\?\\C:\\Windows\\LiveKernelReports\\WATCHDOG\\WATCHDOG-20260623-1415.dmp\n\\\\?\\C:\\Windows\\SystemTemp\\WER-925533687-0.sysdata.xml\n\\\\?\\C:\\ProgramData\\Microsoft\\Windows\\WER\\Temp\\WER.075454f3-c917-42b7-ae22-5e544e0cc23d.tmp.WERInternalMetadata.xml\n\\\\?\\C:\\ProgramData\\Microsoft\\Windows\\WER\\Temp\\WER.5880debd-1665-4ca6-9ab1-df5268ec5dfb.tmp.csv\n\\\\?\\C:\\ProgramData\\Microsoft\\Windows\\WER\\Temp\\WER.57dfb2be-7aa4-48eb-8146-773e43864243.tmp.txt\n\\\\?\\C:\\ProgramData\\Microsoft\\Windows\\WER\\Temp\\WER.9f7087d1-37b2-4b1a-950e-d3fba7ffba02.tmp.xml""}","Fault bucket , type 0 Event Name: LiveKernelEvent Response: Not available Cab Id: 0  Problem signature: P1: 193 P2: 80e P3: ffff87857aa0a080 P4: ffffd785658d03b0 P5: 0 P6: 10_0_26200 P7: 0_0 P8: 256_1 P9:  P10:   Attached files: \\?\C:\Windows\LiveKernelReports\WATCHDOG\WATCHDOG-20260623-1415.dmp \\?\C:\Windows\SystemTemp\WER-925533687-0.sysdata.xml \\?\C:\ProgramData\Microsoft\Windows\WER\Temp\WER.075454f3-c917-42b7-ae22-5e544e0cc23d.tmp.WERInternalMetadata.xml \\?\C:\ProgramData\Microsoft\Windows\WER\Temp\WER.5880debd-1665-4ca6-9ab1-df5268ec5dfb.tmp.csv \\?\C:\ProgramData\Microsoft\Windows\WER\Temp\WER.57dfb2be-7aa4-48eb-8146-773e43864243.tmp.txt \\?\C:\ProgramData\Microsoft\Windows\WER\Temp\WER.9f7087d1-37b2-4b1a-950e-d3fba7ffba02.tmp.xml  These files may be available here: \\?\C:\ProgramData\Microsoft\Windows\WER\ReportQueue\Kernel_193_5655eec2b36f7fc2c851bb4bca9c29fc33a437c5_00000000_feef7efa-b9b6-43a2-b252-e030ec2eaccd  Analysis symbol:  Rechecking for solution: 0 Report Id: feef7efa-b9b6-43a2-b252-e030ec2eaccd Report Status: 2051 Hashed bucket:  Cab Guid: 0"
"2026-08-02T10:14:36.580Z","27161","1001","Application","Windows Error Reporting","Information","LAPTOP-8SM7PKPU","S-1-5-18","{""ReportId"":""4f9b6f3c-15ba-4eb1-9930-3e6a67b15959"",""StorePath"":""\\\\?\\C:\\ProgramData\\Microsoft\\Windows\\WER\\ReportQueue\\Kernel_193_984916d406ebc67914e7494a1c5ea15cd2f5f_00000000_4f9b6f3c-15ba-4eb1-9930-3e6a67b15959"",""P6"":""10_0_26200"",""P2"":""80e"",""P9"":"""",""Rechecking"":""0"",""EventName"":""LiveKernelEvent"",""P3"":""ffff8789999d3180"",""BucketType"":""0"",""HashedBucket"":"""",""ReportStatus"":""2051"",""CabId"":""0"",""P10"":"""",""P8"":""256_1"",""P4"":""ffffc506a0feead0"",""CabGuid"":""0"",""Response"":""Not available"",""AnalysisSymbol"":"""",""P5"":""0"",""P7"":""0_0"",""P1"":""193"",""Bucket"":"""",""AttachedFiles"":""\n\\\\?\\C:\\Windows\\LiveKernelReports\\WATCHDOG\\WATCHDOG-20260530-1357.dmp\n\\\\?\\C:\\Windows\\SystemTemp\\WER-1510141656-0.sysdata.xml\n\\\\?\\C:\\ProgramData\\Microsoft\\Windows\\WER\\Temp\\WER.6637a8e6-85d9-4a80-842f-cb34c6c4c222.tmp.WERInternalMetadata.xml\n\\\\?\\C:\\ProgramData\\Microsoft\\Windows\\WER\\Temp\\WER.0bbc6920-2e80-4246-bf72-8fea9f75ce6c.tmp.csv\n\\\\?\\C:\\ProgramData\\Microsoft\\Windows\\WER\\Temp\\WER.bc27b120-198f-4302-92cb-6ba411063d4c.tmp.txt\n\\\\?\\C:\\ProgramData\\Microsoft\\Windows\\WER\\Temp\\WER.fa00eff0-57de-44eb-b148-c27c58f53d37.tmp.xml""}","Fault bucket , type 0 Event Name: LiveKernelEvent Response: Not available Cab Id: 0  Problem signature: P1: 193 P2: 80e P3: ffff8789999d3180 P4: ffffc506a0feead0 P5: 0 P6: 10_0_26200 P7: 0_0 P8: 256_1 P9:  P10:   Attached files: \\?\C:\Windows\LiveKernelReports\WATCHDOG\WATCHDOG-20260530-1357.dmp \\?\C:\Windows\SystemTemp\WER-1510141656-0.sysdata.xml \\?\C:\ProgramData\Microsoft\Windows\WER\Temp\WER.6637a8e6-85d9-4a80-842f-cb34c6c4c222.tmp.WERInternalMetadata.xml \\?\C:\ProgramData\Microsoft\Windows\WER\Temp\WER.0bbc6920-2e80-4246-bf72-8fea9f75ce6c.tmp.csv \\?\C:\ProgramData\Microsoft\Windows\WER\Temp\WER.bc27b120-198f-4302-92cb-6ba411063d4c.tmp.txt \\?\C:\ProgramData\Microsoft\Windows\WER\Temp\WER.fa00eff0-57de-44eb-b148-c27c58f53d37.tmp.xml  These files may be available here: \\?\C:\ProgramData\Microsoft\Windows\WER\ReportQueue\Kernel_193_984916d406ebc67914e7494a1c5ea15cd2f5f_00000000_4f9b6f3c-15ba-4eb1-9930-3e6a67b15959  Analysis symbol:  Rechecking for solution: 0 Report Id: 4f9b6f3c-15ba-4eb1-9930-3e6a67b15959 Report Status: 2051 Hashed bucket:  Cab Guid: 0"
"2026-08-02T10:14:36.357Z","27160","1001","Application","Windows Error Reporting","Information","LAPTOP-8SM7PKPU","S-1-5-18","{""ReportId"":""3c66456f-e1f6-4dc9-b198-75831e559848"",""StorePath"":""\\\\?\\C:\\ProgramData\\Microsoft\\Windows\\WER\\ReportQueue\\Kernel_1d4_964e26076728cf242e9d4791629814ac6ec8c2_00000000_3c66456f-e1f6-4dc9-b198-75831e559848"",""P6"":""10_0_26200"",""P2"":""0"",""P9"":"""",""Rechecking"":""0"",""EventName"":""LiveKernelEvent"",""P3"":""12"",""BucketType"":""0"",""HashedBucket"":"""",""ReportStatus"":""2051"",""CabId"":""0"",""P10"":"""",""P8"":""256_1"",""P4"":""fffff003f90c7150"",""CabGuid"":""0"",""Response"":""Not available"",""AnalysisSymbol"":"""",""P5"":""102"",""P7"":""0_0"",""P1"":""1d4"",""Bucket"":"""",""AttachedFiles"":""\n\\\\?\\C:\\Windows\\LiveKernelReports\\UcmUcsiCx.sys\\UcmUcsiCx.sys-20260509-2322.dmp\n\\\\?\\C:\\Windows\\SystemTemp\\WER-272185656-0.sysdata.xml\n\\\\?\\C:\\ProgramData\\Microsoft\\Windows\\WER\\Temp\\WER.3717a5de-154e-48b1-ac4e-d44443386fbd.tmp.WERInternalMetadata.xml\n\\\\?\\C:\\ProgramData\\Microsoft\\Windows\\WER\\Temp\\WER.2db181bf-9033-4960-907d-6f3e6114edc7.tmp.csv\n\\\\?\\C:\\ProgramData\\Microsoft\\Windows\\WER\\Temp\\WER.ec817bed-6ca6-4940-b74f-447d9d491fbb.tmp.txt\n\\\\?\\C:\\ProgramData\\Microsoft\\Windows\\WER\\Temp\\WER.e923ea3d-4fe7-465b-9fe8-23da8900b4b2.tmp.xml""}","Fault bucket , type 0 Event Name: LiveKernelEvent Response: Not available Cab Id: 0  Problem signature: P1: 1d4 P2: 0 P3: 12 P4: fffff003f90c7150 P5: 102 P6: 10_0_26200 P7: 0_0 P8: 256_1 P9:  P10:   Attached files: \\?\C:\Windows\LiveKernelReports\UcmUcsiCx.sys\UcmUcsiCx.sys-20260509-2322.dmp \\?\C:\Windows\SystemTemp\WER-272185656-0.sysdata.xml \\?\C:\ProgramData\Microsoft\Windows\WER\Temp\WER.3717a5de-154e-48b1-ac4e-d44443386fbd.tmp.WERInternalMetadata.xml \\?\C:\ProgramData\Microsoft\Windows\WER\Temp\WER.2db181bf-9033-4960-907d-6f3e6114edc7.tmp.csv \\?\C:\ProgramData\Microsoft\Windows\WER\Temp\WER.ec817bed-6ca6-4940-b74f-447d9d491fbb.tmp.txt \\?\C:\ProgramData\Microsoft\Windows\WER\Temp\WER.e923ea3d-4fe7-465b-9fe8-23da8900b4b2.tmp.xml  These files may be available here: \\?\C:\ProgramData\Microsoft\Windows\WER\ReportQueue\Kernel_1d4_964e26076728cf242e9d4791629814ac6ec8c2_00000000_3c66456f-e1f6-4dc9-b198-75831e559848  Analysis symbol:  Rechecking for solution: 0 Report Id: 3c66456f-e1f6-4dc9-b198-75831e559848 Report Status: 2051 Hashed bucket:  Cab Guid: 0"
"2026-08-02T10:14:36.103Z","27159","1001","Application","Windows Error Reporting","Information","LAPTOP-8SM7PKPU","S-1-5-18","{""ReportId"":""0c16c476-a1b6-4770-a96b-5bd444952f3e"",""StorePath"":""\\\\?\\C:\\ProgramData\\Microsoft\\Windows\\WER\\ReportQueue\\Kernel_1d4_58376c2ce325d9ebb38ee5f5d37663c8816c04_00000000_0c16c476-a1b6-4770-a96b-5bd444952f3e"",""P6"":""10_0_26200"",""P2"":""0"",""P9"":"""",""Rechecking"":""0"",""EventName"":""LiveKernelEvent"",""P3"":""12"",""BucketType"":""0"",""HashedBucket"":"""",""ReportStatus"":""2051"",""CabId"":""0"",""P10"":"""",""P8"":""256_1"",""P4"":""ffff828f529b7150"",""CabGuid"":""0"",""Response"":""Not available"",""AnalysisSymbol"":"""",""P5"":""102"",""P7"":""0_0"",""P1"":""1d4"",""Bucket"":"""",""AttachedFiles"":""\n\\\\?\\C:\\Windows\\LiveKernelReports\\UcmUcsiCx.sys\\UcmUcsiCx.sys-20260408-0917.dmp\n\\\\?\\C:\\Windows\\SystemTemp\\WER-862550500-0.sysdata.xml\n\\\\?\\C:\\ProgramData\\Microsoft\\Windows\\WER\\Temp\\WER.cb02a0cc-3af2-42a0-8238-8c636f95d71e.tmp.WERInternalMetadata.xml\n\\\\?\\C:\\ProgramData\\Microsoft\\Windows\\WER\\Temp\\WER.732c3887-520a-4825-b2e4-5639e9365604.tmp.csv\n\\\\?\\C:\\ProgramData\\Microsoft\\Windows\\WER\\Temp\\WER.feffad12-c4be-4b35-888d-9e9ca76b7838.tmp.txt\n\\\\?\\C:\\ProgramData\\Microsoft\\Windows\\WER\\Temp\\WER.1255de6e-eacf-44c5-876a-efe17fd4315c.tmp.xml""}","Fault bucket , type 0 Event Name: LiveKernelEvent Response: Not available Cab Id: 0  Problem signature: P1: 1d4 P2: 0 P3: 12 P4: ffff828f529b7150 P5: 102 P6: 10_0_26200 P7: 0_0 P8: 256_1 P9:  P10:   Attached files: \\?\C:\Windows\LiveKernelReports\UcmUcsiCx.sys\UcmUcsiCx.sys-20260408-0917.dmp \\?\C:\Windows\SystemTemp\WER-862550500-0.sysdata.xml \\?\C:\ProgramData\Microsoft\Windows\WER\Temp\WER.cb02a0cc-3af2-42a0-8238-8c636f95d71e.tmp.WERInternalMetadata.xml \\?\C:\ProgramData\Microsoft\Windows\WER\Temp\WER.732c3887-520a-4825-b2e4-5639e9365604.tmp.csv \\?\C:\ProgramData\Microsoft\Windows\WER\Temp\WER.feffad12-c4be-4b35-888d-9e9ca76b7838.tmp.txt \\?\C:\ProgramData\Microsoft\Windows\WER\Temp\WER.1255de6e-eacf-44c5-876a-efe17fd4315c.tmp.xml  These files may be available here: \\?\C:\ProgramData\Microsoft\Windows\WER\ReportQueue\Kernel_1d4_58376c2ce325d9ebb38ee5f5d37663c8816c04_00000000_0c16c476-a1b6-4770-a96b-5bd444952f3e  Analysis symbol:  Rechecking for solution: 0 Report Id: 0c16c476-a1b6-4770-a96b-5bd444952f3e Report Status: 2051 Hashed bucket:  Cab Guid: 0"
"2026-08-02T10:14:36.025Z","27158","1001","Application","Windows Error Reporting","Information","LAPTOP-8SM7PKPU","S-1-5-18","{""ReportId"":""fd813499-7ee3-4b11-a99e-d55ee367584b"",""StorePath"":""\\\\?\\C:\\ProgramData\\Microsoft\\Windows\\WER\\ReportQueue\\Kernel_1d4_fed46974cfad8464b8c8641ec3cac3358d16d35_00000000_fd813499-7ee3-4b11-a99e-d55ee367584b"",""P6"":""10_0_26200"",""P2"":""0"",""P9"":"""",""Rechecking"":""0"",""EventName"":""LiveKernelEvent"",""P3"":""12"",""BucketType"":""0"",""HashedBucket"":"""",""ReportStatus"":""2051"",""CabId"":""0"",""P10"":"""",""P8"":""256_1"",""P4"":""ffffb70283eb0120"",""CabGuid"":""0"",""Response"":""Not available"",""AnalysisSymbol"":"""",""P5"":""102"",""P7"":""0_0"",""P1"":""1d4"",""Bucket"":"""",""AttachedFiles"":""\n\\\\?\\C:\\Windows\\LiveKernelReports\\UcmUcsiCx.sys\\UcmUcsiCx.sys-20251202-0826.dmp\n\\\\?\\C:\\Windows\\SystemTemp\\WER-143287890-0.sysdata.xml\n\\\\?\\C:\\ProgramData\\Microsoft\\Windows\\WER\\Temp\\WER.da7a0a1c-f212-46a3-8285-98673ebbfecf.tmp.WERInternalMetadata.xml\n\\\\?\\C:\\ProgramData\\Microsoft\\Windows\\WER\\Temp\\WER.fa91a330-f7ab-4be9-b50b-eb78ed451996.tmp.csv\n\\\\?\\C:\\ProgramData\\Microsoft\\Windows\\WER\\Temp\\WER.a4baff40-12e8-417b-aa39-708ac0828792.tmp.txt\n\\\\?\\C:\\ProgramData\\Microsoft\\Windows\\WER\\Temp\\WER.e95787e6-0218-43d5-906b-60f585b35cf9.tmp.xml""}","Fault bucket , type 0 Event Name: LiveKernelEvent Response: Not available Cab Id: 0  Problem signature: P1: 1d4 P2: 0 P3: 12 P4: ffffb70283eb0120 P5: 102 P6: 10_0_26200 P7: 0_0 P8: 256_1 P9:  P10:   Attached files: \\?\C:\Windows\LiveKernelReports\UcmUcsiCx.sys\UcmUcsiCx.sys-20251202-0826.dmp \\?\C:\Windows\SystemTemp\WER-143287890-0.sysdata.xml \\?\C:\ProgramData\Microsoft\Windows\WER\Temp\WER.da7a0a1c-f212-46a3-8285-98673ebbfecf.tmp.WERInternalMetadata.xml \\?\C:\ProgramData\Microsoft\Windows\WER\Temp\WER.fa91a330-f7ab-4be9-b50b-eb78ed451996.tmp.csv \\?\C:\ProgramData\Microsoft\Windows\WER\Temp\WER.a4baff40-12e8-417b-aa39-708ac0828792.tmp.txt \\?\C:\ProgramData\Microsoft\Windows\WER\Temp\WER.e95787e6-0218-43d5-906b-60f585b35cf9.tmp.xml  These files may be available here: \\?\C:\ProgramData\Microsoft\Windows\WER\ReportQueue\Kernel_1d4_fed46974cfad8464b8c8641ec3cac3358d16d35_00000000_fd813499-7ee3-4b11-a99e-d55ee367584b  Analysis symbol:  Rechecking for solution: 0 Report Id: fd813499-7ee3-4b11-a99e-d55ee367584b Report Status: 2051 Hashed bucket:  Cab Guid: 0"
"2026-08-02T10:14:36.071Z","27157","16394","Application","Microsoft-Windows-Security-SPP","Information","LAPTOP-8SM7PKPU",,"{}","Offline downlevel migration succeeded."
"2026-08-02T06:09:27.256Z","27156","16384","Application","Microsoft-Windows-Security-SPP","Information","LAPTOP-8SM7PKPU",,"{""Data"":["""",""""]}","Successfully scheduled Software Protection service for re-start at 2126-07-09T06:09:27Z. Reason: RulesEngine."
"2026-08-02T06:09:00.184Z","27155","0","Application","edgeupdate","Information","LAPTOP-8SM7PKPU",,"{""Data"":""""}","Service stopped."
"2026-08-02T06:08:41.184Z","27154","1001","Application","Windows Error Reporting","Information","LAPTOP-8SM7PKPU","S-1-5-18","{""ReportId"":""feef7efa-b9b6-43a2-b252-e030ec2eaccd"",""StorePath"":""\\\\?\\C:\\ProgramData\\Microsoft\\Windows\\WER\\ReportQueue\\Kernel_193_5655eec2b36f7fc2c851bb4bca9c29fc33a437c5_00000000_feef7efa-b9b6-43a2-b252-e030ec2eaccd"",""P6"":""10_0_26200"",""P2"":""80e"",""P9"":"""",""Rechecking"":""0"",""EventName"":""LiveKernelEvent"",""P3"":""ffff87857aa0a080"",""BucketType"":""0"",""HashedBucket"":"""",""ReportStatus"":""2051"",""CabId"":""0"",""P10"":"""",""P8"":""256_1"",""P4"":""ffffd785658d03b0"",""CabGuid"":""0"",""Response"":""Not available"",""AnalysisSymbol"":"""",""P5"":""0"",""P7"":""0_0"",""P1"":""193"",""Bucket"":"""",""AttachedFiles"":""\n\\\\?\\C:\\Windows\\LiveKernelReports\\WATCHDOG\\WATCHDOG-20260623-1415.dmp\n\\\\?\\C:\\Windows\\SystemTemp\\WER-925533687-0.sysdata.xml\n\\\\?\\C:\\ProgramData\\Microsoft\\Windows\\WER\\Temp\\WER.075454f3-c917-42b7-ae22-5e544e0cc23d.tmp.WERInternalMetadata.xml\n\\\\?\\C:\\ProgramData\\Microsoft\\Windows\\WER\\Temp\\WER.5880debd-1665-4ca6-9ab1-df5268ec5dfb.tmp.csv\n\\\\?\\C:\\ProgramData\\Microsoft\\Windows\\WER\\Temp\\WER.57dfb2be-7aa4-48eb-8146-773e43864243.tmp.txt\n\\\\?\\C:\\ProgramData\\Microsoft\\Windows\\WER\\Temp\\WER.9f7087d1-37b2-4b1a-950e-d3fba7ffba02.tmp.xml""}","Fault bucket , type 0 Event Name: LiveKernelEvent Response: Not available Cab Id: 0  Problem signature: P1: 193 P2: 80e P3: ffff87857aa0a080 P4: ffffd785658d03b0 P5: 0 P6: 10_0_26200 P7: 0_0 P8: 256_1 P9:  P10:   Attached files: \\?\C:\Windows\LiveKernelReports\WATCHDOG\WATCHDOG-20260623-1415.dmp \\?\C:\Windows\SystemTemp\WER-925533687-0.sysdata.xml \\?\C:\ProgramData\Microsoft\Windows\WER\Temp\WER.075454f3-c917-42b7-ae22-5e544e0cc23d.tmp.WERInternalMetadata.xml \\?\C:\ProgramData\Microsoft\Windows\WER\Temp\WER.5880debd-1665-4ca6-9ab1-df5268ec5dfb.tmp.csv \\?\C:\ProgramData\Microsoft\Windows\WER\Temp\WER.57dfb2be-7aa4-48eb-8146-773e43864243.tmp.txt \\?\C:\ProgramData\Microsoft\Windows\WER\Temp\WER.9f7087d1-37b2-4b1a-950e-d3fba7ffba02.tmp.xml  These files may be available here: \\?\C:\ProgramData\Microsoft\Windows\WER\ReportQueue\Kernel_193_5655eec2b36f7fc2c851bb4bca9c29fc33a437c5_00000000_feef7efa-b9b6-43a2-b252-e030ec2eaccd  Analysis symbol:  Rechecking for solution: 0 Report Id: feef7efa-b9b6-43a2-b252-e030ec2eaccd Report Status: 2051 Hashed bucket:  Cab Guid: 0"
"2026-08-02T06:08:41.105Z","27153","1001","Application","Windows Error Reporting","Information","LAPTOP-8SM7PKPU","S-1-5-18","{""ReportId"":""4f9b6f3c-15ba-4eb1-9930-3e6a67b15959"",""StorePath"":""\\\\?\\C:\\ProgramData\\Microsoft\\Windows\\WER\\ReportQueue\\Kernel_193_984916d406ebc67914e7494a1c5ea15cd2f5f_00000000_4f9b6f3c-15ba-4eb1-9930-3e6a67b15959"",""P6"":""10_0_26200"",""P2"":""80e"",""P9"":"""",""Rechecking"":""0"",""EventName"":""LiveKernelEvent"",""P3"":""ffff8789999d3180"",""BucketType"":""0"",""HashedBucket"":"""",""ReportStatus"":""2051"",""CabId"":""0"",""P10"":"""",""P8"":""256_1"",""P4"":""ffffc506a0feead0"",""CabGuid"":""0"",""Response"":""Not available"",""AnalysisSymbol"":"""",""P5"":""0"",""P7"":""0_0"",""P1"":""193"",""Bucket"":"""",""AttachedFiles"":""\n\\\\?\\C:\\Windows\\LiveKernelReports\\WATCHDOG\\WATCHDOG-20260530-1357.dmp\n\\\\?\\C:\\Windows\\SystemTemp\\WER-1510141656-0.sysdata.xml\n\\\\?\\C:\\ProgramData\\Microsoft\\Windows\\WER\\Temp\\WER.6637a8e6-85d9-4a80-842f-cb34c6c4c222.tmp.WERInternalMetadata.xml\n\\\\?\\C:\\ProgramData\\Microsoft\\Windows\\WER\\Temp\\WER.0bbc6920-2e80-4246-bf72-8fea9f75ce6c.tmp.csv\n\\\\?\\C:\\ProgramData\\Microsoft\\Windows\\WER\\Temp\\WER.bc27b120-198f-4302-92cb-6ba411063d4c.tmp.txt\n\\\\?\\C:\\ProgramData\\Microsoft\\Windows\\WER\\Temp\\WER.fa00eff0-57de-44eb-b148-c27c58f53d37.tmp.xml""}","Fault bucket , type 0 Event Name: LiveKernelEvent Response: Not available Cab Id: 0  Problem signature: P1: 193 P2: 80e P3: ffff8789999d3180 P4: ffffc506a0feead0 P5: 0 P6: 10_0_26200 P7: 0_0 P8: 256_1 P9:  P10:   Attached files: \\?\C:\Windows\LiveKernelReports\WATCHDOG\WATCHDOG-20260530-1357.dmp \\?\C:\Windows\SystemTemp\WER-1510141656-0.sysdata.xml \\?\C:\ProgramData\Microsoft\Windows\WER\Temp\WER.6637a8e6-85d9-4a80-842f-cb34c6c4c222.tmp.WERInternalMetadata.xml \\?\C:\ProgramData\Microsoft\Windows\WER\Temp\WER.0bbc6920-2e80-4246-bf72-8fea9f75ce6c.tmp.csv \\?\C:\ProgramData\Microsoft\Windows\WER\Temp\WER.bc27b120-198f-4302-92cb-6ba411063d4c.tmp.txt \\?\C:\ProgramData\Microsoft\Windows\WER\Temp\WER.fa00eff0-57de-44eb-b148-c27c58f53d37.tmp.xml  These files may be available here: \\?\C:\ProgramData\Microsoft\Windows\WER\ReportQueue\Kernel_193_984916d406ebc67914e7494a1c5ea15cd2f5f_00000000_4f9b6f3c-15ba-4eb1-9930-3e6a67b15959  Analysis symbol:  Rechecking for solution: 0 Report Id: 4f9b6f3c-15ba-4eb1-9930-3e6a67b15959 Report Status: 2051 Hashed bucket:  Cab Guid: 0"
"2026-08-02T06:08:41.020Z","27152","1001","Application","Windows Error Reporting","Information","LAPTOP-8SM7PKPU","S-1-5-18","{""ReportId"":""3c66456f-e1f6-4dc9-b198-75831e559848"",""StorePath"":""\\\\?\\C:\\ProgramData\\Microsoft\\Windows\\WER\\ReportQueue\\Kernel_1d4_964e26076728cf242e9d4791629814ac6ec8c2_00000000_3c66456f-e1f6-4dc9-b198-75831e559848"",""P6"":""10_0_26200"",""P2"":""0"",""P9"":"""",""Rechecking"":""0"",""EventName"":""LiveKernelEvent"",""P3"":""12"",""BucketType"":""0"",""HashedBucket"":"""",""ReportStatus"":""2051"",""CabId"":""0"",""P10"":"""",""P8"":""256_1"",""P4"":""fffff003f90c7150"",""CabGuid"":""0"",""Response"":""Not available"",""AnalysisSymbol"":"""",""P5"":""102"",""P7"":""0_0"",""P1"":""1d4"",""Bucket"":"""",""AttachedFiles"":""\n\\\\?\\C:\\Windows\\LiveKernelReports\\UcmUcsiCx.sys\\UcmUcsiCx.sys-20260509-2322.dmp\n\\\\?\\C:\\Windows\\SystemTemp\\WER-272185656-0.sysdata.xml\n\\\\?\\C:\\ProgramData\\Microsoft\\Windows\\WER\\Temp\\WER.3717a5de-154e-48b1-ac4e-d44443386fbd.tmp.WERInternalMetadata.xml\n\\\\?\\C:\\ProgramData\\Microsoft\\Windows\\WER\\Temp\\WER.2db181bf-9033-4960-907d-6f3e6114edc7.tmp.csv\n\\\\?\\C:\\ProgramData\\Microsoft\\Windows\\WER\\Temp\\WER.ec817bed-6ca6-4940-b74f-447d9d491fbb.tmp.txt\n\\\\?\\C:\\ProgramData\\Microsoft\\Windows\\WER\\Temp\\WER.e923ea3d-4fe7-465b-9fe8-23da8900b4b2.tmp.xml""}","Fault bucket , type 0 Event Name: LiveKernelEvent Response: Not available Cab Id: 0  Problem signature: P1: 1d4 P2: 0 P3: 12 P4: fffff003f90c7150 P5: 102 P6: 10_0_26200 P7: 0_0 P8: 256_1 P9:  P10:   Attached files: \\?\C:\Windows\LiveKernelReports\UcmUcsiCx.sys\UcmUcsiCx.sys-20260509-2322.dmp \\?\C:\Windows\SystemTemp\WER-272185656-0.sysdata.xml \\?\C:\ProgramData\Microsoft\Windows\WER\Temp\WER.3717a5de-154e-48b1-ac4e-d44443386fbd.tmp.WERInternalMetadata.xml \\?\C:\ProgramData\Microsoft\Windows\WER\Temp\WER.2db181bf-9033-4960-907d-6f3e6114edc7.tmp.csv \\?\C:\ProgramData\Microsoft\Windows\WER\Temp\WER.ec817bed-6ca6-4940-b74f-447d9d491fbb.tmp.txt \\?\C:\ProgramData\Microsoft\Windows\WER\Temp\WER.e923ea3d-4fe7-465b-9fe8-23da8900b4b2.tmp.xml  These files may be available here: \\?\C:\ProgramData\Microsoft\Windows\WER\ReportQueue\Kernel_1d4_964e26076728cf242e9d4791629814ac6ec8c2_00000000_3c66456f-e1f6-4dc9-b198-75831e559848  Analysis symbol:  Rechecking for solution: 0 Report Id: 3c66456f-e1f6-4dc9-b198-75831e559848 Report Status: 2051 Hashed bucket:  Cab Guid: 0"
"2026-08-02T06:08:40.832Z","27151","1001","Application","Windows Error Reporting","Information","LAPTOP-8SM7PKPU","S-1-5-18","{""ReportId"":""0c16c476-a1b6-4770-a96b-5bd444952f3e"",""StorePath"":""\\\\?\\C:\\ProgramData\\Microsoft\\Windows\\WER\\ReportQueue\\Kernel_1d4_58376c2ce325d9ebb38ee5f5d37663c8816c04_00000000_0c16c476-a1b6-4770-a96b-5bd444952f3e"",""P6"":""10_0_26200"",""P2"":""0"",""P9"":"""",""Rechecking"":""0"",""EventName"":""LiveKernelEvent"",""P3"":""12"",""BucketType"":""0"",""HashedBucket"":"""",""ReportStatus"":""2051"",""CabId"":""0"",""P10"":"""",""P8"":""256_1"",""P4"":""ffff828f529b7150"",""CabGuid"":""0"",""Response"":""Not available"",""AnalysisSymbol"":"""",""P5"":""102"",""P7"":""0_0"",""P1"":""1d4"",""Bucket"":"""",""AttachedFiles"":""\n\\\\?\\C:\\Windows\\LiveKernelReports\\UcmUcsiCx.sys\\UcmUcsiCx.sys-20260408-0917.dmp\n\\\\?\\C:\\Windows\\SystemTemp\\WER-862550500-0.sysdata.xml\n\\\\?\\C:\\ProgramData\\Microsoft\\Windows\\WER\\Temp\\WER.cb02a0cc-3af2-42a0-8238-8c636f95d71e.tmp.WERInternalMetadata.xml\n\\\\?\\C:\\ProgramData\\Microsoft\\Windows\\WER\\Temp\\WER.732c3887-520a-4825-b2e4-5639e9365604.tmp.csv\n\\\\?\\C:\\ProgramData\\Microsoft\\Windows\\WER\\Temp\\WER.feffad12-c4be-4b35-888d-9e9ca76b7838.tmp.txt\n\\\\?\\C:\\ProgramData\\Microsoft\\Windows\\WER\\Temp\\WER.1255de6e-eacf-44c5-876a-efe17fd4315c.tmp.xml""}","Fault bucket , type 0 Event Name: LiveKernelEvent Response: Not available Cab Id: 0  Problem signature: P1: 1d4 P2: 0 P3: 12 P4: ffff828f529b7150 P5: 102 P6: 10_0_26200 P7: 0_0 P8: 256_1 P9:  P10:   Attached files: \\?\C:\Windows\LiveKernelReports\UcmUcsiCx.sys\UcmUcsiCx.sys-20260408-0917.dmp \\?\C:\Windows\SystemTemp\WER-862550500-0.sysdata.xml \\?\C:\ProgramData\Microsoft\Windows\WER\Temp\WER.cb02a0cc-3af2-42a0-8238-8c636f95d71e.tmp.WERInternalMetadata.xml \\?\C:\ProgramData\Microsoft\Windows\WER\Temp\WER.732c3887-520a-4825-b2e4-5639e9365604.tmp.csv \\?\C:\ProgramData\Microsoft\Windows\WER\Temp\WER.feffad12-c4be-4b35-888d-9e9ca76b7838.tmp.txt \\?\C:\ProgramData\Microsoft\Windows\WER\Temp\WER.1255de6e-eacf-44c5-876a-efe17fd4315c.tmp.xml  These files may be available here: \\?\C:\ProgramData\Microsoft\Windows\WER\ReportQueue\Kernel_1d4_58376c2ce325d9ebb38ee5f5d37663c8816c04_00000000_0c16c476-a1b6-4770-a96b-5bd444952f3e  Analysis symbol:  Rechecking for solution: 0 Report Id: 0c16c476-a1b6-4770-a96b-5bd444952f3e Report Status: 2051 Hashed bucket:  Cab Guid: 0"
"2026-08-02T06:08:41.577Z","27150","16394","Application","Microsoft-Windows-Security-SPP","Information","LAPTOP-8SM7PKPU",,"{}","Offline downlevel migration succeeded."
"2026-08-02T06:08:40.722Z","27149","1001","Application","Windows Error Reporting","Information","LAPTOP-8SM7PKPU","S-1-5-18","{""ReportId"":""fd813499-7ee3-4b11-a99e-d55ee367584b"",""StorePath"":""\\\\?\\C:\\ProgramData\\Microsoft\\Windows\\WER\\ReportQueue\\Kernel_1d4_fed46974cfad8464b8c8641ec3cac3358d16d35_00000000_fd813499-7ee3-4b11-a99e-d55ee367584b"",""P6"":""10_0_26200"",""P2"":""0"",""P9"":"""",""Rechecking"":""0"",""EventName"":""LiveKernelEvent"",""P3"":""12"",""BucketType"":""0"",""HashedBucket"":"""",""ReportStatus"":""2051"",""CabId"":""0"",""P10"":"""",""P8"":""256_1"",""P4"":""ffffb70283eb0120"",""CabGuid"":""0"",""Response"":""Not available"",""AnalysisSymbol"":"""",""P5"":""102"",""P7"":""0_0"",""P1"":""1d4"",""Bucket"":"""",""AttachedFiles"":""\n\\\\?\\C:\\Windows\\LiveKernelReports\\UcmUcsiCx.sys\\UcmUcsiCx.sys-20251202-0826.dmp\n\\\\?\\C:\\Windows\\SystemTemp\\WER-143287890-0.sysdata.xml\n\\\\?\\C:\\ProgramData\\Microsoft\\Windows\\WER\\Temp\\WER.da7a0a1c-f212-46a3-8285-98673ebbfecf.tmp.WERInternalMetadata.xml\n\\\\?\\C:\\ProgramData\\Microsoft\\Windows\\WER\\Temp\\WER.fa91a330-f7ab-4be9-b50b-eb78ed451996.tmp.csv\n\\\\?\\C:\\ProgramData\\Microsoft\\Windows\\WER\\Temp\\WER.a4baff40-12e8-417b-aa39-708ac0828792.tmp.txt\n\\\\?\\C:\\ProgramData\\Microsoft\\Windows\\WER\\Temp\\WER.e95787e6-0218-43d5-906b-60f585b35cf9.tmp.xml""}","Fault bucket , type 0 Event Name: LiveKernelEvent Response: Not available Cab Id: 0  Problem signature: P1: 1d4 P2: 0 P3: 12 P4: ffffb70283eb0120 P5: 102 P6: 10_0_26200 P7: 0_0 P8: 256_1 P9:  P10:   Attached files: \\?\C:\Windows\LiveKernelReports\UcmUcsiCx.sys\UcmUcsiCx.sys-20251202-0826.dmp \\?\C:\Windows\SystemTemp\WER-143287890-0.sysdata.xml \\?\C:\ProgramData\Microsoft\Windows\WER\Temp\WER.da7a0a1c-f212-46a3-8285-98673ebbfecf.tmp.WERInternalMetadata.xml \\?\C:\ProgramData\Microsoft\Windows\WER\Temp\WER.fa91a330-f7ab-4be9-b50b-eb78ed451996.tmp.csv \\?\C:\ProgramData\Microsoft\Windows\WER\Temp\WER.a4baff40-12e8-417b-aa39-708ac0828792.tmp.txt \\?\C:\ProgramData\Microsoft\Windows\WER\Temp\WER.e95787e6-0218-43d5-906b-60f585b35cf9.tmp.xml  These files may be available here: \\?\C:\ProgramData\Microsoft\Windows\WER\ReportQueue\Kernel_1d4_fed46974cfad8464b8c8641ec3cac3358d16d35_00000000_fd813499-7ee3-4b11-a99e-d55ee367584b  Analysis symbol:  Rechecking for solution: 0 Report Id: fd813499-7ee3-4b11-a99e-d55ee367584b Report Status: 2051 Hashed bucket:  Cab Guid: 0"
"2026-08-02T06:08:40.223Z","27148","257","Application","Edge","Warning","LAPTOP-8SM7PKPU","S-1-5-18","{""Data"":""""}","[0802/070840.223:WARNING:chrome\elevation_service\caller_validation.cc:163] Failed to authenticate caller process: C:\Program Files (x86)\Microsoft\Edge\Application\msedge.exe"
"2026-08-02T04:20:37.579Z","27147","16384","Application","Microsoft-Windows-Security-SPP","Information","LAPTOP-8SM7PKPU",,"{""Data"":["""",""""]}","Successfully scheduled Software Protection service for re-start at 2126-07-09T04:20:08Z. Reason: RulesEngine."
"2026-08-02T04:06:38.537Z","27146","16394","Application","Microsoft-Windows-Security-SPP","Information","LAPTOP-8SM7PKPU",,"{}","Offline downlevel migration succeeded."
"2026-08-02T00:08:59.366Z","27145","16384","Application","Microsoft-Windows-Security-SPP","Information","LAPTOP-8SM7PKPU",,"{""Data"":["""",""""]}","Successfully scheduled Software Protection service for re-start at 2126-07-09T00:08:59Z. Reason: RulesEngine."
"2026-08-02T00:06:03.590Z","27144","16394","Application","Microsoft-Windows-Security-SPP","Information","LAPTOP-8SM7PKPU",,"{}","Offline downlevel migration succeeded."
"2026-08-01T22:26:13.850Z","27143","16384","Application","Microsoft-Windows-Security-SPP","Information","LAPTOP-8SM7PKPU",,"{""Data"":["""",""""]}","Successfully scheduled Software Protection service for re-start at 2126-07-08T22:26:13Z. Reason: RulesEngine."
"2026-08-01T22:18:27.469Z","27142","15","Application","SecurityCenter","Information","LAPTOP-8SM7PKPU",,"{""Data"":["""",""""]}","Updated Windows Defender status successfully to SECURITY_PRODUCT_STATE_ON."
"2026-08-01T22:17:53.782Z","27141","16394","Application","Microsoft-Windows-Security-SPP","Information","LAPTOP-8SM7PKPU",,"{}","Offline downlevel migration succeeded."
"2026-08-01T20:09:16.386Z","27140","16384","Application","Microsoft-Windows-Security-SPP","Information","LAPTOP-8SM7PKPU",,"{""Data"":["""",""""]}","Successfully scheduled Software Protection service for re-start at 2126-07-08T20:09:16Z. Reason: RulesEngine."
"2026-08-01T20:08:39.302Z","27139","15","Application","SecurityCenter","Information","LAPTOP-8SM7PKPU",,"{""Data"":["""",""""]}","Updated Windows Defender status successfully to SECURITY_PRODUCT_STATE_ON."
"2026-08-01T20:08:38.566Z","27138","16394","Application","Microsoft-Windows-Security-SPP","Information","LAPTOP-8SM7PKPU",,"{}","Offline downlevel migration succeeded."
"2026-08-01T20:08:37.287Z","27137","15","Application","SecurityCenter","Information","LAPTOP-8SM7PKPU",,"{""Data"":["""",""""]}","Updated Windows Defender status successfully to SECURITY_PRODUCT_STATE_ON."
"2026-08-01T20:08:35.849Z","27136","1001","Application","Windows Error Reporting","Information","LAPTOP-8SM7PKPU","S-1-5-18","{""ReportId"":""feef7efa-b9b6-43a2-b252-e030ec2eaccd"",""StorePath"":""\\\\?\\C:\\ProgramData\\Microsoft\\Windows\\WER\\ReportQueue\\Kernel_193_5655eec2b36f7fc2c851bb4bca9c29fc33a437c5_00000000_feef7efa-b9b6-43a2-b252-e030ec2eaccd"",""P6"":""10_0_26200"",""P2"":""80e"",""P9"":"""",""Rechecking"":""0"",""EventName"":""LiveKernelEvent"",""P3"":""ffff87857aa0a080"",""BucketType"":""0"",""HashedBucket"":"""",""ReportStatus"":""2051"",""CabId"":""0"",""P10"":"""",""P8"":""256_1"",""P4"":""ffffd785658d03b0"",""CabGuid"":""0"",""Response"":""Not available"",""AnalysisSymbol"":"""",""P5"":""0"",""P7"":""0_0"",""P1"":""193"",""Bucket"":"""",""AttachedFiles"":""\n\\\\?\\C:\\Windows\\LiveKernelReports\\WATCHDOG\\WATCHDOG-20260623-1415.dmp\n\\\\?\\C:\\Windows\\SystemTemp\\WER-925533687-0.sysdata.xml\n\\\\?\\C:\\ProgramData\\Microsoft\\Windows\\WER\\Temp\\WER.075454f3-c917-42b7-ae22-5e544e0cc23d.tmp.WERInternalMetadata.xml\n\\\\?\\C:\\ProgramData\\Microsoft\\Windows\\WER\\Temp\\WER.5880debd-1665-4ca6-9ab1-df5268ec5dfb.tmp.csv\n\\\\?\\C:\\ProgramData\\Microsoft\\Windows\\WER\\Temp\\WER.57dfb2be-7aa4-48eb-8146-773e43864243.tmp.txt\n\\\\?\\C:\\ProgramData\\Microsoft\\Windows\\WER\\Temp\\WER.9f7087d1-37b2-4b1a-950e-d3fba7ffba02.tmp.xml""}","Fault bucket , type 0 Event Name: LiveKernelEvent Response: Not available Cab Id: 0  Problem signature: P1: 193 P2: 80e P3: ffff87857aa0a080 P4: ffffd785658d03b0 P5: 0 P6: 10_0_26200 P7: 0_0 P8: 256_1 P9:  P10:   Attached files: \\?\C:\Windows\LiveKernelReports\WATCHDOG\WATCHDOG-20260623-1415.dmp \\?\C:\Windows\SystemTemp\WER-925533687-0.sysdata.xml \\?\C:\ProgramData\Microsoft\Windows\WER\Temp\WER.075454f3-c917-42b7-ae22-5e544e0cc23d.tmp.WERInternalMetadata.xml \\?\C:\ProgramData\Microsoft\Windows\WER\Temp\WER.5880debd-1665-4ca6-9ab1-df5268ec5dfb.tmp.csv \\?\C:\ProgramData\Microsoft\Windows\WER\Temp\WER.57dfb2be-7aa4-48eb-8146-773e43864243.tmp.txt \\?\C:\ProgramData\Microsoft\Windows\WER\Temp\WER.9f7087d1-37b2-4b1a-950e-d3fba7ffba02.tmp.xml  These files may be available here: \\?\C:\ProgramData\Microsoft\Windows\WER\ReportQueue\Kernel_193_5655eec2b36f7fc2c851bb4bca9c29fc33a437c5_00000000_feef7efa-b9b6-43a2-b252-e030ec2eaccd  Analysis symbol:  Rechecking for solution: 0 Report Id: feef7efa-b9b6-43a2-b252-e030ec2eaccd Report Status: 2051 Hashed bucket:  Cab Guid: 0"
"2026-08-01T20:08:35.790Z","27135","1001","Application","Windows Error Reporting","Information","LAPTOP-8SM7PKPU","S-1-5-18","{""ReportId"":""4f9b6f3c-15ba-4eb1-9930-3e6a67b15959"",""StorePath"":""\\\\?\\C:\\ProgramData\\Microsoft\\Windows\\WER\\ReportQueue\\Kernel_193_984916d406ebc67914e7494a1c5ea15cd2f5f_00000000_4f9b6f3c-15ba-4eb1-9930-3e6a67b15959"",""P6"":""10_0_26200"",""P2"":""80e"",""P9"":"""",""Rechecking"":""0"",""EventName"":""LiveKernelEvent"",""P3"":""ffff8789999d3180"",""BucketType"":""0"",""HashedBucket"":"""",""ReportStatus"":""2051"",""CabId"":""0"",""P10"":"""",""P8"":""256_1"",""P4"":""ffffc506a0feead0"",""CabGuid"":""0"",""Response"":""Not available"",""AnalysisSymbol"":"""",""P5"":""0"",""P7"":""0_0"",""P1"":""193"",""Bucket"":"""",""AttachedFiles"":""\n\\\\?\\C:\\Windows\\LiveKernelReports\\WATCHDOG\\WATCHDOG-20260530-1357.dmp\n\\\\?\\C:\\Windows\\SystemTemp\\WER-1510141656-0.sysdata.xml\n\\\\?\\C:\\ProgramData\\Microsoft\\Windows\\WER\\Temp\\WER.6637a8e6-85d9-4a80-842f-cb34c6c4c222.tmp.WERInternalMetadata.xml\n\\\\?\\C:\\ProgramData\\Microsoft\\Windows\\WER\\Temp\\WER.0bbc6920-2e80-4246-bf72-8fea9f75ce6c.tmp.csv\n\\\\?\\C:\\ProgramData\\Microsoft\\Windows\\WER\\Temp\\WER.bc27b120-198f-4302-92cb-6ba411063d4c.tmp.txt\n\\\\?\\C:\\ProgramData\\Microsoft\\Windows\\WER\\Temp\\WER.fa00eff0-57de-44eb-b148-c27c58f53d37.tmp.xml""}","Fault bucket , type 0 Event Name: LiveKernelEvent Response: Not available Cab Id: 0  Problem signature: P1: 193 P2: 80e P3: ffff8789999d3180 P4: ffffc506a0feead0 P5: 0 P6: 10_0_26200 P7: 0_0 P8: 256_1 P9:  P10:   Attached files: \\?\C:\Windows\LiveKernelReports\WATCHDOG\WATCHDOG-20260530-1357.dmp \\?\C:\Windows\SystemTemp\WER-1510141656-0.sysdata.xml \\?\C:\ProgramData\Microsoft\Windows\WER\Temp\WER.6637a8e6-85d9-4a80-842f-cb34c6c4c222.tmp.WERInternalMetadata.xml \\?\C:\ProgramData\Microsoft\Windows\WER\Temp\WER.0bbc6920-2e80-4246-bf72-8fea9f75ce6c.tmp.csv \\?\C:\ProgramData\Microsoft\Windows\WER\Temp\WER.bc27b120-198f-4302-92cb-6ba411063d4c.tmp.txt \\?\C:\ProgramData\Microsoft\Windows\WER\Temp\WER.fa00eff0-57de-44eb-b148-c27c58f53d37.tmp.xml  These files may be available here: \\?\C:\ProgramData\Microsoft\Windows\WER\ReportQueue\Kernel_193_984916d406ebc67914e7494a1c5ea15cd2f5f_00000000_4f9b6f3c-15ba-4eb1-9930-3e6a67b15959  Analysis symbol:  Rechecking for solution: 0 Report Id: 4f9b6f3c-15ba-4eb1-9930-3e6a67b15959 Report Status: 2051 Hashed bucket:  Cab Guid: 0"
"2026-08-01T20:08:35.591Z","27134","1001","Application","Windows Error Reporting","Information","LAPTOP-8SM7PKPU","S-1-5-18","{""ReportId"":""3c66456f-e1f6-4dc9-b198-75831e559848"",""StorePath"":""\\\\?\\C:\\ProgramData\\Microsoft\\Windows\\WER\\ReportQueue\\Kernel_1d4_964e26076728cf242e9d4791629814ac6ec8c2_00000000_3c66456f-e1f6-4dc9-b198-75831e559848"",""P6"":""10_0_26200"",""P2"":""0"",""P9"":"""",""Rechecking"":""0"",""EventName"":""LiveKernelEvent"",""P3"":""12"",""BucketType"":""0"",""HashedBucket"":"""",""ReportStatus"":""2051"",""CabId"":""0"",""P10"":"""",""P8"":""256_1"",""P4"":""fffff003f90c7150"",""CabGuid"":""0"",""Response"":""Not available"",""AnalysisSymbol"":"""",""P5"":""102"",""P7"":""0_0"",""P1"":""1d4"",""Bucket"":"""",""AttachedFiles"":""\n\\\\?\\C:\\Windows\\LiveKernelReports\\UcmUcsiCx.sys\\UcmUcsiCx.sys-20260509-2322.dmp\n\\\\?\\C:\\Windows\\SystemTemp\\WER-272185656-0.sysdata.xml\n\\\\?\\C:\\ProgramData\\Microsoft\\Windows\\WER\\Temp\\WER.3717a5de-154e-48b1-ac4e-d44443386fbd.tmp.WERInternalMetadata.xml\n\\\\?\\C:\\ProgramData\\Microsoft\\Windows\\WER\\Temp\\WER.2db181bf-9033-4960-907d-6f3e6114edc7.tmp.csv\n\\\\?\\C:\\ProgramData\\Microsoft\\Windows\\WER\\Temp\\WER.ec817bed-6ca6-4940-b74f-447d9d491fbb.tmp.txt\n\\\\?\\C:\\ProgramData\\Microsoft\\Windows\\WER\\Temp\\WER.e923ea3d-4fe7-465b-9fe8-23da8900b4b2.tmp.xml""}","Fault bucket , type 0 Event Name: LiveKernelEvent Response: Not available Cab Id: 0  Problem signature: P1: 1d4 P2: 0 P3: 12 P4: fffff003f90c7150 P5: 102 P6: 10_0_26200 P7: 0_0 P8: 256_1 P9:  P10:   Attached files: \\?\C:\Windows\LiveKernelReports\UcmUcsiCx.sys\UcmUcsiCx.sys-20260509-2322.dmp \\?\C:\Windows\SystemTemp\WER-272185656-0.sysdata.xml \\?\C:\ProgramData\Microsoft\Windows\WER\Temp\WER.3717a5de-154e-48b1-ac4e-d44443386fbd.tmp.WERInternalMetadata.xml \\?\C:\ProgramData\Microsoft\Windows\WER\Temp\WER.2db181bf-9033-4960-907d-6f3e6114edc7.tmp.csv \\?\C:\ProgramData\Microsoft\Windows\WER\Temp\WER.ec817bed-6ca6-4940-b74f-447d9d491fbb.tmp.txt \\?\C:\ProgramData\Microsoft\Windows\WER\Temp\WER.e923ea3d-4fe7-465b-9fe8-23da8900b4b2.tmp.xml  These files may be available here: \\?\C:\ProgramData\Microsoft\Windows\WER\ReportQueue\Kernel_1d4_964e26076728cf242e9d4791629814ac6ec8c2_00000000_3c66456f-e1f6-4dc9-b198-75831e559848  Analysis symbol:  Rechecking for solution: 0 Report Id: 3c66456f-e1f6-4dc9-b198-75831e559848 Report Status: 2051 Hashed bucket:  Cab Guid: 0"
"2026-08-01T20:08:35.413Z","27133","1001","Application","Windows Error Reporting","Information","LAPTOP-8SM7PKPU","S-1-5-18","{""ReportId"":""0c16c476-a1b6-4770-a96b-5bd444952f3e"",""StorePath"":""\\\\?\\C:\\ProgramData\\Microsoft\\Windows\\WER\\ReportQueue\\Kernel_1d4_58376c2ce325d9ebb38ee5f5d37663c8816c04_00000000_0c16c476-a1b6-4770-a96b-5bd444952f3e"",""P6"":""10_0_26200"",""P2"":""0"",""P9"":"""",""Rechecking"":""0"",""EventName"":""LiveKernelEvent"",""P3"":""12"",""BucketType"":""0"",""HashedBucket"":"""",""ReportStatus"":""2051"",""CabId"":""0"",""P10"":"""",""P8"":""256_1"",""P4"":""ffff828f529b7150"",""CabGuid"":""0"",""Response"":""Not available"",""AnalysisSymbol"":"""",""P5"":""102"",""P7"":""0_0"",""P1"":""1d4"",""Bucket"":"""",""AttachedFiles"":""\n\\\\?\\C:\\Windows\\LiveKernelReports\\UcmUcsiCx.sys\\UcmUcsiCx.sys-20260408-0917.dmp\n\\\\?\\C:\\Windows\\SystemTemp\\WER-862550500-0.sysdata.xml\n\\\\?\\C:\\ProgramData\\Microsoft\\Windows\\WER\\Temp\\WER.cb02a0cc-3af2-42a0-8238-8c636f95d71e.tmp.WERInternalMetadata.xml\n\\\\?\\C:\\ProgramData\\Microsoft\\Windows\\WER\\Temp\\WER.732c3887-520a-4825-b2e4-5639e9365604.tmp.csv\n\\\\?\\C:\\ProgramData\\Microsoft\\Windows\\WER\\Temp\\WER.feffad12-c4be-4b35-888d-9e9ca76b7838.tmp.txt\n\\\\?\\C:\\ProgramData\\Microsoft\\Windows\\WER\\Temp\\WER.1255de6e-eacf-44c5-876a-efe17fd4315c.tmp.xml""}","Fault bucket , type 0 Event Name: LiveKernelEvent Response: Not available Cab Id: 0  Problem signature: P1: 1d4 P2: 0 P3: 12 P4: ffff828f529b7150 P5: 102 P6: 10_0_26200 P7: 0_0 P8: 256_1 P9:  P10:   Attached files: \\?\C:\Windows\LiveKernelReports\UcmUcsiCx.sys\UcmUcsiCx.sys-20260408-0917.dmp \\?\C:\Windows\SystemTemp\WER-862550500-0.sysdata.xml \\?\C:\ProgramData\Microsoft\Windows\WER\Temp\WER.cb02a0cc-3af2-42a0-8238-8c636f95d71e.tmp.WERInternalMetadata.xml \\?\C:\ProgramData\Microsoft\Windows\WER\Temp\WER.732c3887-520a-4825-b2e4-5639e9365604.tmp.csv \\?\C:\ProgramData\Microsoft\Windows\WER\Temp\WER.feffad12-c4be-4b35-888d-9e9ca76b7838.tmp.txt \\?\C:\ProgramData\Microsoft\Windows\WER\Temp\WER.1255de6e-eacf-44c5-876a-efe17fd4315c.tmp.xml  These files may be available here: \\?\C:\ProgramData\Microsoft\Windows\WER\ReportQueue\Kernel_1d4_58376c2ce325d9ebb38ee5f5d37663c8816c04_00000000_0c16c476-a1b6-4770-a96b-5bd444952f3e  Analysis symbol:  Rechecking for solution: 0 Report Id: 0c16c476-a1b6-4770-a96b-5bd444952f3e Report Status: 2051 Hashed bucket:  Cab Guid: 0"
"2026-08-01T20:08:35.327Z","27132","1001","Application","Windows Error Reporting","Information","LAPTOP-8SM7PKPU","S-1-5-18","{""ReportId"":""fd813499-7ee3-4b11-a99e-d55ee367584b"",""StorePath"":""\\\\?\\C:\\ProgramData\\Microsoft\\Windows\\WER\\ReportQueue\\Kernel_1d4_fed46974cfad8464b8c8641ec3cac3358d16d35_00000000_fd813499-7ee3-4b11-a99e-d55ee367584b"",""P6"":""10_0_26200"",""P2"":""0"",""P9"":"""",""Rechecking"":""0"",""EventName"":""LiveKernelEvent"",""P3"":""12"",""BucketType"":""0"",""HashedBucket"":"""",""ReportStatus"":""2051"",""CabId"":""0"",""P10"":"""",""P8"":""256_1"",""P4"":""ffffb70283eb0120"",""CabGuid"":""0"",""Response"":""Not available"",""AnalysisSymbol"":"""",""P5"":""102"",""P7"":""0_0"",""P1"":""1d4"",""Bucket"":"""",""AttachedFiles"":""\n\\\\?\\C:\\Windows\\LiveKernelReports\\UcmUcsiCx.sys\\UcmUcsiCx.sys-20251202-0826.dmp\n\\\\?\\C:\\Windows\\SystemTemp\\WER-143287890-0.sysdata.xml\n\\\\?\\C:\\ProgramData\\Microsoft\\Windows\\WER\\Temp\\WER.da7a0a1c-f212-46a3-8285-98673ebbfecf.tmp.WERInternalMetadata.xml\n\\\\?\\C:\\ProgramData\\Microsoft\\Windows\\WER\\Temp\\WER.fa91a330-f7ab-4be9-b50b-eb78ed451996.tmp.csv\n\\\\?\\C:\\ProgramData\\Microsoft\\Windows\\WER\\Temp\\WER.a4baff40-12e8-417b-aa39-708ac0828792.tmp.txt\n\\\\?\\C:\\ProgramData\\Microsoft\\Windows\\WER\\Temp\\WER.e95787e6-0218-43d5-906b-60f585b35cf9.tmp.xml""}","Fault bucket , type 0 Event Name: LiveKernelEvent Response: Not available Cab Id: 0  Problem signature: P1: 1d4 P2: 0 P3: 12 P4: ffffb70283eb0120 P5: 102 P6: 10_0_26200 P7: 0_0 P8: 256_1 P9:  P10:   Attached files: \\?\C:\Windows\LiveKernelReports\UcmUcsiCx.sys\UcmUcsiCx.sys-20251202-0826.dmp \\?\C:\Windows\SystemTemp\WER-143287890-0.sysdata.xml \\?\C:\ProgramData\Microsoft\Windows\WER\Temp\WER.da7a0a1c-f212-46a3-8285-98673ebbfecf.tmp.WERInternalMetadata.xml \\?\C:\ProgramData\Microsoft\Windows\WER\Temp\WER.fa91a330-f7ab-4be9-b50b-eb78ed451996.tmp.csv \\?\C:\ProgramData\Microsoft\Windows\WER\Temp\WER.a4baff40-12e8-417b-aa39-708ac0828792.tmp.txt \\?\C:\ProgramData\Microsoft\Windows\WER\Temp\WER.e95787e6-0218-43d5-906b-60f585b35cf9.tmp.xml  These files may be available here: \\?\C:\ProgramData\Microsoft\Windows\WER\ReportQueue\Kernel_1d4_fed46974cfad8464b8c8641ec3cac3358d16d35_00000000_fd813499-7ee3-4b11-a99e-d55ee367584b  Analysis symbol:  Rechecking for solution: 0 Report Id: fd813499-7ee3-4b11-a99e-d55ee367584b Report Status: 2051 Hashed bucket:  Cab Guid: 0"
"2026-08-01T12:19:57.072Z","27131","16384","Application","Microsoft-Windows-Security-SPP","Information","LAPTOP-8SM7PKPU",,"{""Data"":["""",""""]}","Successfully scheduled Software Protection service for re-start at 2126-07-08T12:19:27Z. Reason: RulesEngine."
"2026-08-01T12:08:40.863Z","27130","1001","Application","Windows Error Reporting","Information","LAPTOP-8SM7PKPU","S-1-5-18","{""ReportId"":""feef7efa-b9b6-43a2-b252-e030ec2eaccd"",""StorePath"":""\\\\?\\C:\\ProgramData\\Microsoft\\Windows\\WER\\ReportQueue\\Kernel_193_5655eec2b36f7fc2c851bb4bca9c29fc33a437c5_00000000_feef7efa-b9b6-43a2-b252-e030ec2eaccd"",""P6"":""10_0_26200"",""P2"":""80e"",""P9"":"""",""Rechecking"":""0"",""EventName"":""LiveKernelEvent"",""P3"":""ffff87857aa0a080"",""BucketType"":""0"",""HashedBucket"":"""",""ReportStatus"":""2051"",""CabId"":""0"",""P10"":"""",""P8"":""256_1"",""P4"":""ffffd785658d03b0"",""CabGuid"":""0"",""Response"":""Not available"",""AnalysisSymbol"":"""",""P5"":""0"",""P7"":""0_0"",""P1"":""193"",""Bucket"":"""",""AttachedFiles"":""\n\\\\?\\C:\\Windows\\LiveKernelReports\\WATCHDOG\\WATCHDOG-20260623-1415.dmp\n\\\\?\\C:\\Windows\\SystemTemp\\WER-925533687-0.sysdata.xml\n\\\\?\\C:\\ProgramData\\Microsoft\\Windows\\WER\\Temp\\WER.075454f3-c917-42b7-ae22-5e544e0cc23d.tmp.WERInternalMetadata.xml\n\\\\?\\C:\\ProgramData\\Microsoft\\Windows\\WER\\Temp\\WER.5880debd-1665-4ca6-9ab1-df5268ec5dfb.tmp.csv\n\\\\?\\C:\\ProgramData\\Microsoft\\Windows\\WER\\Temp\\WER.57dfb2be-7aa4-48eb-8146-773e43864243.tmp.txt\n\\\\?\\C:\\ProgramData\\Microsoft\\Windows\\WER\\Temp\\WER.9f7087d1-37b2-4b1a-950e-d3fba7ffba02.tmp.xml""}","Fault bucket , type 0 Event Name: LiveKernelEvent Response: Not available Cab Id: 0  Problem signature: P1: 193 P2: 80e P3: ffff87857aa0a080 P4: ffffd785658d03b0 P5: 0 P6: 10_0_26200 P7: 0_0 P8: 256_1 P9:  P10:   Attached files: \\?\C:\Windows\LiveKernelReports\WATCHDOG\WATCHDOG-20260623-1415.dmp \\?\C:\Windows\SystemTemp\WER-925533687-0.sysdata.xml \\?\C:\ProgramData\Microsoft\Windows\WER\Temp\WER.075454f3-c917-42b7-ae22-5e544e0cc23d.tmp.WERInternalMetadata.xml \\?\C:\ProgramData\Microsoft\Windows\WER\Temp\WER.5880debd-1665-4ca6-9ab1-df5268ec5dfb.tmp.csv \\?\C:\ProgramData\Microsoft\Windows\WER\Temp\WER.57dfb2be-7aa4-48eb-8146-773e43864243.tmp.txt \\?\C:\ProgramData\Microsoft\Windows\WER\Temp\WER.9f7087d1-37b2-4b1a-950e-d3fba7ffba02.tmp.xml  These files may be available here: \\?\C:\ProgramData\Microsoft\Windows\WER\ReportQueue\Kernel_193_5655eec2b36f7fc2c851bb4bca9c29fc33a437c5_00000000_feef7efa-b9b6-43a2-b252-e030ec2eaccd  Analysis symbol:  Rechecking for solution: 0 Report Id: feef7efa-b9b6-43a2-b252-e030ec2eaccd Report Status: 2051 Hashed bucket:  Cab Guid: 0"
"2026-08-01T12:08:40.769Z","27129","1001","Application","Windows Error Reporting","Information","LAPTOP-8SM7PKPU","S-1-5-18","{""ReportId"":""4f9b6f3c-15ba-4eb1-9930-3e6a67b15959"",""StorePath"":""\\\\?\\C:\\ProgramData\\Microsoft\\Windows\\WER\\ReportQueue\\Kernel_193_984916d406ebc67914e7494a1c5ea15cd2f5f_00000000_4f9b6f3c-15ba-4eb1-9930-3e6a67b15959"",""P6"":""10_0_26200"",""P2"":""80e"",""P9"":"""",""Rechecking"":""0"",""EventName"":""LiveKernelEvent"",""P3"":""ffff8789999d3180"",""BucketType"":""0"",""HashedBucket"":"""",""ReportStatus"":""2051"",""CabId"":""0"",""P10"":"""",""P8"":""256_1"",""P4"":""ffffc506a0feead0"",""CabGuid"":""0"",""Response"":""Not available"",""AnalysisSymbol"":"""",""P5"":""0"",""P7"":""0_0"",""P1"":""193"",""Bucket"":"""",""AttachedFiles"":""\n\\\\?\\C:\\Windows\\LiveKernelReports\\WATCHDOG\\WATCHDOG-20260530-1357.dmp\n\\\\?\\C:\\Windows\\SystemTemp\\WER-1510141656-0.sysdata.xml\n\\\\?\\C:\\ProgramData\\Microsoft\\Windows\\WER\\Temp\\WER.6637a8e6-85d9-4a80-842f-cb34c6c4c222.tmp.WERInternalMetadata.xml\n\\\\?\\C:\\ProgramData\\Microsoft\\Windows\\WER\\Temp\\WER.0bbc6920-2e80-4246-bf72-8fea9f75ce6c.tmp.csv\n\\\\?\\C:\\ProgramData\\Microsoft\\Windows\\WER\\Temp\\WER.bc27b120-198f-4302-92cb-6ba411063d4c.tmp.txt\n\\\\?\\C:\\ProgramData\\Microsoft\\Windows\\WER\\Temp\\WER.fa00eff0-57de-44eb-b148-c27c58f53d37.tmp.xml""}","Fault bucket , type 0 Event Name: LiveKernelEvent Response: Not available Cab Id: 0  Problem signature: P1: 193 P2: 80e P3: ffff8789999d3180 P4: ffffc506a0feead0 P5: 0 P6: 10_0_26200 P7: 0_0 P8: 256_1 P9:  P10:   Attached files: \\?\C:\Windows\LiveKernelReports\WATCHDOG\WATCHDOG-20260530-1357.dmp \\?\C:\Windows\SystemTemp\WER-1510141656-0.sysdata.xml \\?\C:\ProgramData\Microsoft\Windows\WER\Temp\WER.6637a8e6-85d9-4a80-842f-cb34c6c4c222.tmp.WERInternalMetadata.xml \\?\C:\ProgramData\Microsoft\Windows\WER\Temp\WER.0bbc6920-2e80-4246-bf72-8fea9f75ce6c.tmp.csv \\?\C:\ProgramData\Microsoft\Windows\WER\Temp\WER.bc27b120-198f-4302-92cb-6ba411063d4c.tmp.txt \\?\C:\ProgramData\Microsoft\Windows\WER\Temp\WER.fa00eff0-57de-44eb-b148-c27c58f53d37.tmp.xml  These files may be available here: \\?\C:\ProgramData\Microsoft\Windows\WER\ReportQueue\Kernel_193_984916d406ebc67914e7494a1c5ea15cd2f5f_00000000_4f9b6f3c-15ba-4eb1-9930-3e6a67b15959  Analysis symbol:  Rechecking for solution: 0 Report Id: 4f9b6f3c-15ba-4eb1-9930-3e6a67b15959 Report Status: 2051 Hashed bucket:  Cab Guid: 0"
"2026-08-01T12:08:40.714Z","27128","1001","Application","Windows Error Reporting","Information","LAPTOP-8SM7PKPU","S-1-5-18","{""ReportId"":""3c66456f-e1f6-4dc9-b198-75831e559848"",""StorePath"":""\\\\?\\C:\\ProgramData\\Microsoft\\Windows\\WER\\ReportQueue\\Kernel_1d4_964e26076728cf242e9d4791629814ac6ec8c2_00000000_3c66456f-e1f6-4dc9-b198-75831e559848"",""P6"":""10_0_26200"",""P2"":""0"",""P9"":"""",""Rechecking"":""0"",""EventName"":""LiveKernelEvent"",""P3"":""12"",""BucketType"":""0"",""HashedBucket"":"""",""ReportStatus"":""2051"",""CabId"":""0"",""P10"":"""",""P8"":""256_1"",""P4"":""fffff003f90c7150"",""CabGuid"":""0"",""Response"":""Not available"",""AnalysisSymbol"":"""",""P5"":""102"",""P7"":""0_0"",""P1"":""1d4"",""Bucket"":"""",""AttachedFiles"":""\n\\\\?\\C:\\Windows\\LiveKernelReports\\UcmUcsiCx.sys\\UcmUcsiCx.sys-20260509-2322.dmp\n\\\\?\\C:\\Windows\\SystemTemp\\WER-272185656-0.sysdata.xml\n\\\\?\\C:\\ProgramData\\Microsoft\\Windows\\WER\\Temp\\WER.3717a5de-154e-48b1-ac4e-d44443386fbd.tmp.WERInternalMetadata.xml\n\\\\?\\C:\\ProgramData\\Microsoft\\Windows\\WER\\Temp\\WER.2db181bf-9033-4960-907d-6f3e6114edc7.tmp.csv\n\\\\?\\C:\\ProgramData\\Microsoft\\Windows\\WER\\Temp\\WER.ec817bed-6ca6-4940-b74f-447d9d491fbb.tmp.txt\n\\\\?\\C:\\ProgramData\\Microsoft\\Windows\\WER\\Temp\\WER.e923ea3d-4fe7-465b-9fe8-23da8900b4b2.tmp.xml""}","Fault bucket , type 0 Event Name: LiveKernelEvent Response: Not available Cab Id: 0  Problem signature: P1: 1d4 P2: 0 P3: 12 P4: fffff003f90c7150 P5: 102 P6: 10_0_26200 P7: 0_0 P8: 256_1 P9:  P10:   Attached files: \\?\C:\Windows\LiveKernelReports\UcmUcsiCx.sys\UcmUcsiCx.sys-20260509-2322.dmp \\?\C:\Windows\SystemTemp\WER-272185656-0.sysdata.xml \\?\C:\ProgramData\Microsoft\Windows\WER\Temp\WER.3717a5de-154e-48b1-ac4e-d44443386fbd.tmp.WERInternalMetadata.xml \\?\C:\ProgramData\Microsoft\Windows\WER\Temp\WER.2db181bf-9033-4960-907d-6f3e6114edc7.tmp.csv \\?\C:\ProgramData\Microsoft\Windows\WER\Temp\WER.ec817bed-6ca6-4940-b74f-447d9d491fbb.tmp.txt \\?\C:\ProgramData\Microsoft\Windows\WER\Temp\WER.e923ea3d-4fe7-465b-9fe8-23da8900b4b2.tmp.xml  These files may be available here: \\?\C:\ProgramData\Microsoft\Windows\WER\ReportQueue\Kernel_1d4_964e26076728cf242e9d4791629814ac6ec8c2_00000000_3c66456f-e1f6-4dc9-b198-75831e559848  Analysis symbol:  Rechecking for solution: 0 Report Id: 3c66456f-e1f6-4dc9-b198-75831e559848 Report Status: 2051 Hashed bucket:  Cab Guid: 0"
"2026-08-01T12:08:40.654Z","27127","1001","Application","Windows Error Reporting","Information","LAPTOP-8SM7PKPU","S-1-5-18","{""ReportId"":""0c16c476-a1b6-4770-a96b-5bd444952f3e"",""StorePath"":""\\\\?\\C:\\ProgramData\\Microsoft\\Windows\\WER\\ReportQueue\\Kernel_1d4_58376c2ce325d9ebb38ee5f5d37663c8816c04_00000000_0c16c476-a1b6-4770-a96b-5bd444952f3e"",""P6"":""10_0_26200"",""P2"":""0"",""P9"":"""",""Rechecking"":""0"",""EventName"":""LiveKernelEvent"",""P3"":""12"",""BucketType"":""0"",""HashedBucket"":"""",""ReportStatus"":""2051"",""CabId"":""0"",""P10"":"""",""P8"":""256_1"",""P4"":""ffff828f529b7150"",""CabGuid"":""0"",""Response"":""Not available"",""AnalysisSymbol"":"""",""P5"":""102"",""P7"":""0_0"",""P1"":""1d4"",""Bucket"":"""",""AttachedFiles"":""\n\\\\?\\C:\\Windows\\LiveKernelReports\\UcmUcsiCx.sys\\UcmUcsiCx.sys-20260408-0917.dmp\n\\\\?\\C:\\Windows\\SystemTemp\\WER-862550500-0.sysdata.xml\n\\\\?\\C:\\ProgramData\\Microsoft\\Windows\\WER\\Temp\\WER.cb02a0cc-3af2-42a0-8238-8c636f95d71e.tmp.WERInternalMetadata.xml\n\\\\?\\C:\\ProgramData\\Microsoft\\Windows\\WER\\Temp\\WER.732c3887-520a-4825-b2e4-5639e9365604.tmp.csv\n\\\\?\\C:\\ProgramData\\Microsoft\\Windows\\WER\\Temp\\WER.feffad12-c4be-4b35-888d-9e9ca76b7838.tmp.txt\n\\\\?\\C:\\ProgramData\\Microsoft\\Windows\\WER\\Temp\\WER.1255de6e-eacf-44c5-876a-efe17fd4315c.tmp.xml""}","Fault bucket , type 0 Event Name: LiveKernelEvent Response: Not available Cab Id: 0  Problem signature: P1: 1d4 P2: 0 P3: 12 P4: ffff828f529b7150 P5: 102 P6: 10_0_26200 P7: 0_0 P8: 256_1 P9:  P10:   Attached files: \\?\C:\Windows\LiveKernelReports\UcmUcsiCx.sys\UcmUcsiCx.sys-20260408-0917.dmp \\?\C:\Windows\SystemTemp\WER-862550500-0.sysdata.xml \\?\C:\ProgramData\Microsoft\Windows\WER\Temp\WER.cb02a0cc-3af2-42a0-8238-8c636f95d71e.tmp.WERInternalMetadata.xml \\?\C:\ProgramData\Microsoft\Windows\WER\Temp\WER.732c3887-520a-4825-b2e4-5639e9365604.tmp.csv \\?\C:\ProgramData\Microsoft\Windows\WER\Temp\WER.feffad12-c4be-4b35-888d-9e9ca76b7838.tmp.txt \\?\C:\ProgramData\Microsoft\Windows\WER\Temp\WER.1255de6e-eacf-44c5-876a-efe17fd4315c.tmp.xml  These files may be available here: \\?\C:\ProgramData\Microsoft\Windows\WER\ReportQueue\Kernel_1d4_58376c2ce325d9ebb38ee5f5d37663c8816c04_00000000_0c16c476-a1b6-4770-a96b-5bd444952f3e  Analysis symbol:  Rechecking for solution: 0 Report Id: 0c16c476-a1b6-4770-a96b-5bd444952f3e Report Status: 2051 Hashed bucket:  Cab Guid: 0"
"2026-08-01T12:08:40.594Z","27126","1001","Application","Windows Error Reporting","Information","LAPTOP-8SM7PKPU","S-1-5-18","{""ReportId"":""fd813499-7ee3-4b11-a99e-d55ee367584b"",""StorePath"":""\\\\?\\C:\\ProgramData\\Microsoft\\Windows\\WER\\ReportQueue\\Kernel_1d4_fed46974cfad8464b8c8641ec3cac3358d16d35_00000000_fd813499-7ee3-4b11-a99e-d55ee367584b"",""P6"":""10_0_26200"",""P2"":""0"",""P9"":"""",""Rechecking"":""0"",""EventName"":""LiveKernelEvent"",""P3"":""12"",""BucketType"":""0"",""HashedBucket"":"""",""ReportStatus"":""2051"",""CabId"":""0"",""P10"":"""",""P8"":""256_1"",""P4"":""ffffb70283eb0120"",""CabGuid"":""0"",""Response"":""Not available"",""AnalysisSymbol"":"""",""P5"":""102"",""P7"":""0_0"",""P1"":""1d4"",""Bucket"":"""",""AttachedFiles"":""\n\\\\?\\C:\\Windows\\LiveKernelReports\\UcmUcsiCx.sys\\UcmUcsiCx.sys-20251202-0826.dmp\n\\\\?\\C:\\Windows\\SystemTemp\\WER-143287890-0.sysdata.xml\n\\\\?\\C:\\ProgramData\\Microsoft\\Windows\\WER\\Temp\\WER.da7a0a1c-f212-46a3-8285-98673ebbfecf.tmp.WERInternalMetadata.xml\n\\\\?\\C:\\ProgramData\\Microsoft\\Windows\\WER\\Temp\\WER.fa91a330-f7ab-4be9-b50b-eb78ed451996.tmp.csv\n\\\\?\\C:\\ProgramData\\Microsoft\\Windows\\WER\\Temp\\WER.a4baff40-12e8-417b-aa39-708ac0828792.tmp.txt\n\\\\?\\C:\\ProgramData\\Microsoft\\Windows\\WER\\Temp\\WER.e95787e6-0218-43d5-906b-60f585b35cf9.tmp.xml""}","Fault bucket , type 0 Event Name: LiveKernelEvent Response: Not available Cab Id: 0  Problem signature: P1: 1d4 P2: 0 P3: 12 P4: ffffb70283eb0120 P5: 102 P6: 10_0_26200 P7: 0_0 P8: 256_1 P9:  P10:   Attached files: \\?\C:\Windows\LiveKernelReports\UcmUcsiCx.sys\UcmUcsiCx.sys-20251202-0826.dmp \\?\C:\Windows\SystemTemp\WER-143287890-0.sysdata.xml \\?\C:\ProgramData\Microsoft\Windows\WER\Temp\WER.da7a0a1c-f212-46a3-8285-98673ebbfecf.tmp.WERInternalMetadata.xml \\?\C:\ProgramData\Microsoft\Windows\WER\Temp\WER.fa91a330-f7ab-4be9-b50b-eb78ed451996.tmp.csv \\?\C:\ProgramData\Microsoft\Windows\WER\Temp\WER.a4baff40-12e8-417b-aa39-708ac0828792.tmp.txt \\?\C:\ProgramData\Microsoft\Windows\WER\Temp\WER.e95787e6-0218-43d5-906b-60f585b35cf9.tmp.xml  These files may be available here: \\?\C:\ProgramData\Microsoft\Windows\WER\ReportQueue\Kernel_1d4_fed46974cfad8464b8c8641ec3cac3358d16d35_00000000_fd813499-7ee3-4b11-a99e-d55ee367584b  Analysis symbol:  Rechecking for solution: 0 Report Id: fd813499-7ee3-4b11-a99e-d55ee367584b Report Status: 2051 Hashed bucket:  Cab Guid: 0"
"2026-08-01T12:08:40.408Z","27125","1001","Application","Windows Error Reporting","Information","LAPTOP-8SM7PKPU","S-1-5-18","{""ReportId"":""feef7efa-b9b6-43a2-b252-e030ec2eaccd"",""StorePath"":""\\\\?\\C:\\ProgramData\\Microsoft\\Windows\\WER\\ReportQueue\\Kernel_193_5655eec2b36f7fc2c851bb4bca9c29fc33a437c5_00000000_feef7efa-b9b6-43a2-b252-e030ec2eaccd"",""P6"":""10_0_26200"",""P2"":""80e"",""P9"":"""",""Rechecking"":""0"",""EventName"":""LiveKernelEvent"",""P3"":""ffff87857aa0a080"",""BucketType"":""0"",""HashedBucket"":"""",""ReportStatus"":""2051"",""CabId"":""0"",""P10"":"""",""P8"":""256_1"",""P4"":""ffffd785658d03b0"",""CabGuid"":""0"",""Response"":""Not available"",""AnalysisSymbol"":"""",""P5"":""0"",""P7"":""0_0"",""P1"":""193"",""Bucket"":"""",""AttachedFiles"":""\n\\\\?\\C:\\Windows\\LiveKernelReports\\WATCHDOG\\WATCHDOG-20260623-1415.dmp\n\\\\?\\C:\\Windows\\SystemTemp\\WER-925533687-0.sysdata.xml\n\\\\?\\C:\\ProgramData\\Microsoft\\Windows\\WER\\Temp\\WER.075454f3-c917-42b7-ae22-5e544e0cc23d.tmp.WERInternalMetadata.xml\n\\\\?\\C:\\ProgramData\\Microsoft\\Windows\\WER\\Temp\\WER.5880debd-1665-4ca6-9ab1-df5268ec5dfb.tmp.csv\n\\\\?\\C:\\ProgramData\\Microsoft\\Windows\\WER\\Temp\\WER.57dfb2be-7aa4-48eb-8146-773e43864243.tmp.txt\n\\\\?\\C:\\ProgramData\\Microsoft\\Windows\\WER\\Temp\\WER.9f7087d1-37b2-4b1a-950e-d3fba7ffba02.tmp.xml""}","Fault bucket , type 0 Event Name: LiveKernelEvent Response: Not available Cab Id: 0  Problem signature: P1: 193 P2: 80e P3: ffff87857aa0a080 P4: ffffd785658d03b0 P5: 0 P6: 10_0_26200 P7: 0_0 P8: 256_1 P9:  P10:   Attached files: \\?\C:\Windows\LiveKernelReports\WATCHDOG\WATCHDOG-20260623-1415.dmp \\?\C:\Windows\SystemTemp\WER-925533687-0.sysdata.xml \\?\C:\ProgramData\Microsoft\Windows\WER\Temp\WER.075454f3-c917-42b7-ae22-5e544e0cc23d.tmp.WERInternalMetadata.xml \\?\C:\ProgramData\Microsoft\Windows\WER\Temp\WER.5880debd-1665-4ca6-9ab1-df5268ec5dfb.tmp.csv \\?\C:\ProgramData\Microsoft\Windows\WER\Temp\WER.57dfb2be-7aa4-48eb-8146-773e43864243.tmp.txt \\?\C:\ProgramData\Microsoft\Windows\WER\Temp\WER.9f7087d1-37b2-4b1a-950e-d3fba7ffba02.tmp.xml  These files may be available here: \\?\C:\ProgramData\Microsoft\Windows\WER\ReportQueue\Kernel_193_5655eec2b36f7fc2c851bb4bca9c29fc33a437c5_00000000_feef7efa-b9b6-43a2-b252-e030ec2eaccd  Analysis symbol:  Rechecking for solution: 0 Report Id: feef7efa-b9b6-43a2-b252-e030ec2eaccd Report Status: 2051 Hashed bucket:  Cab Guid: 0"
"2026-08-01T12:08:40.350Z","27124","1001","Application","Windows Error Reporting","Information","LAPTOP-8SM7PKPU","S-1-5-18","{""ReportId"":""4f9b6f3c-15ba-4eb1-9930-3e6a67b15959"",""StorePath"":""\\\\?\\C:\\ProgramData\\Microsoft\\Windows\\WER\\ReportQueue\\Kernel_193_984916d406ebc67914e7494a1c5ea15cd2f5f_00000000_4f9b6f3c-15ba-4eb1-9930-3e6a67b15959"",""P6"":""10_0_26200"",""P2"":""80e"",""P9"":"""",""Rechecking"":""0"",""EventName"":""LiveKernelEvent"",""P3"":""ffff8789999d3180"",""BucketType"":""0"",""HashedBucket"":"""",""ReportStatus"":""2051"",""CabId"":""0"",""P10"":"""",""P8"":""256_1"",""P4"":""ffffc506a0feead0"",""CabGuid"":""0"",""Response"":""Not available"",""AnalysisSymbol"":"""",""P5"":""0"",""P7"":""0_0"",""P1"":""193"",""Bucket"":"""",""AttachedFiles"":""\n\\\\?\\C:\\Windows\\LiveKernelReports\\WATCHDOG\\WATCHDOG-20260530-1357.dmp\n\\\\?\\C:\\Windows\\SystemTemp\\WER-1510141656-0.sysdata.xml\n\\\\?\\C:\\ProgramData\\Microsoft\\Windows\\WER\\Temp\\WER.6637a8e6-85d9-4a80-842f-cb34c6c4c222.tmp.WERInternalMetadata.xml\n\\\\?\\C:\\ProgramData\\Microsoft\\Windows\\WER\\Temp\\WER.0bbc6920-2e80-4246-bf72-8fea9f75ce6c.tmp.csv\n\\\\?\\C:\\ProgramData\\Microsoft\\Windows\\WER\\Temp\\WER.bc27b120-198f-4302-92cb-6ba411063d4c.tmp.txt\n\\\\?\\C:\\ProgramData\\Microsoft\\Windows\\WER\\Temp\\WER.fa00eff0-57de-44eb-b148-c27c58f53d37.tmp.xml""}","Fault bucket , type 0 Event Name: LiveKernelEvent Response: Not available Cab Id: 0  Problem signature: P1: 193 P2: 80e P3: ffff8789999d3180 P4: ffffc506a0feead0 P5: 0 P6: 10_0_26200 P7: 0_0 P8: 256_1 P9:  P10:   Attached files: \\?\C:\Windows\LiveKernelReports\WATCHDOG\WATCHDOG-20260530-1357.dmp \\?\C:\Windows\SystemTemp\WER-1510141656-0.sysdata.xml \\?\C:\ProgramData\Microsoft\Windows\WER\Temp\WER.6637a8e6-85d9-4a80-842f-cb34c6c4c222.tmp.WERInternalMetadata.xml \\?\C:\ProgramData\Microsoft\Windows\WER\Temp\WER.0bbc6920-2e80-4246-bf72-8fea9f75ce6c.tmp.csv \\?\C:\ProgramData\Microsoft\Windows\WER\Temp\WER.bc27b120-198f-4302-92cb-6ba411063d4c.tmp.txt \\?\C:\ProgramData\Microsoft\Windows\WER\Temp\WER.fa00eff0-57de-44eb-b148-c27c58f53d37.tmp.xml  These files may be available here: \\?\C:\ProgramData\Microsoft\Windows\WER\ReportQueue\Kernel_193_984916d406ebc67914e7494a1c5ea15cd2f5f_00000000_4f9b6f3c-15ba-4eb1-9930-3e6a67b15959  Analysis symbol:  Rechecking for solution: 0 Report Id: 4f9b6f3c-15ba-4eb1-9930-3e6a67b15959 Report Status: 2051 Hashed bucket:  Cab Guid: 0"
"2026-08-01T12:08:40.281Z","27123","1001","Application","Windows Error Reporting","Information","LAPTOP-8SM7PKPU","S-1-5-18","{""ReportId"":""3c66456f-e1f6-4dc9-b198-75831e559848"",""StorePath"":""\\\\?\\C:\\ProgramData\\Microsoft\\Windows\\WER\\ReportQueue\\Kernel_1d4_964e26076728cf242e9d4791629814ac6ec8c2_00000000_3c66456f-e1f6-4dc9-b198-75831e559848"",""P6"":""10_0_26200"",""P2"":""0"",""P9"":"""",""Rechecking"":""0"",""EventName"":""LiveKernelEvent"",""P3"":""12"",""BucketType"":""0"",""HashedBucket"":"""",""ReportStatus"":""2051"",""CabId"":""0"",""P10"":"""",""P8"":""256_1"",""P4"":""fffff003f90c7150"",""CabGuid"":""0"",""Response"":""Not available"",""AnalysisSymbol"":"""",""P5"":""102"",""P7"":""0_0"",""P1"":""1d4"",""Bucket"":"""",""AttachedFiles"":""\n\\\\?\\C:\\Windows\\LiveKernelReports\\UcmUcsiCx.sys\\UcmUcsiCx.sys-20260509-2322.dmp\n\\\\?\\C:\\Windows\\SystemTemp\\WER-272185656-0.sysdata.xml\n\\\\?\\C:\\ProgramData\\Microsoft\\Windows\\WER\\Temp\\WER.3717a5de-154e-48b1-ac4e-d44443386fbd.tmp.WERInternalMetadata.xml\n\\\\?\\C:\\ProgramData\\Microsoft\\Windows\\WER\\Temp\\WER.2db181bf-9033-4960-907d-6f3e6114edc7.tmp.csv\n\\\\?\\C:\\ProgramData\\Microsoft\\Windows\\WER\\Temp\\WER.ec817bed-6ca6-4940-b74f-447d9d491fbb.tmp.txt\n\\\\?\\C:\\ProgramData\\Microsoft\\Windows\\WER\\Temp\\WER.e923ea3d-4fe7-465b-9fe8-23da8900b4b2.tmp.xml""}","Fault bucket , type 0 Event Name: LiveKernelEvent Response: Not available Cab Id: 0  Problem signature: P1: 1d4 P2: 0 P3: 12 P4: fffff003f90c7150 P5: 102 P6: 10_0_26200 P7: 0_0 P8: 256_1 P9:  P10:   Attached files: \\?\C:\Windows\LiveKernelReports\UcmUcsiCx.sys\UcmUcsiCx.sys-20260509-2322.dmp \\?\C:\Windows\SystemTemp\WER-272185656-0.sysdata.xml \\?\C:\ProgramData\Microsoft\Windows\WER\Temp\WER.3717a5de-154e-48b1-ac4e-d44443386fbd.tmp.WERInternalMetadata.xml \\?\C:\ProgramData\Microsoft\Windows\WER\Temp\WER.2db181bf-9033-4960-907d-6f3e6114edc7.tmp.csv \\?\C:\ProgramData\Microsoft\Windows\WER\Temp\WER.ec817bed-6ca6-4940-b74f-447d9d491fbb.tmp.txt \\?\C:\ProgramData\Microsoft\Windows\WER\Temp\WER.e923ea3d-4fe7-465b-9fe8-23da8900b4b2.tmp.xml  These files may be available here: \\?\C:\ProgramData\Microsoft\Windows\WER\ReportQueue\Kernel_1d4_964e26076728cf242e9d4791629814ac6ec8c2_00000000_3c66456f-e1f6-4dc9-b198-75831e559848  Analysis symbol:  Rechecking for solution: 0 Report Id: 3c66456f-e1f6-4dc9-b198-75831e559848 Report Status: 2051 Hashed bucket:  Cab Guid: 0"
"2026-08-01T12:08:40.162Z","27122","1001","Application","Windows Error Reporting","Information","LAPTOP-8SM7PKPU","S-1-5-18","{""ReportId"":""0c16c476-a1b6-4770-a96b-5bd444952f3e"",""StorePath"":""\\\\?\\C:\\ProgramData\\Microsoft\\Windows\\WER\\ReportQueue\\Kernel_1d4_58376c2ce325d9ebb38ee5f5d37663c8816c04_00000000_0c16c476-a1b6-4770-a96b-5bd444952f3e"",""P6"":""10_0_26200"",""P2"":""0"",""P9"":"""",""Rechecking"":""0"",""EventName"":""LiveKernelEvent"",""P3"":""12"",""BucketType"":""0"",""HashedBucket"":"""",""ReportStatus"":""2051"",""CabId"":""0"",""P10"":"""",""P8"":""256_1"",""P4"":""ffff828f529b7150"",""CabGuid"":""0"",""Response"":""Not available"",""AnalysisSymbol"":"""",""P5"":""102"",""P7"":""0_0"",""P1"":""1d4"",""Bucket"":"""",""AttachedFiles"":""\n\\\\?\\C:\\Windows\\LiveKernelReports\\UcmUcsiCx.sys\\UcmUcsiCx.sys-20260408-0917.dmp\n\\\\?\\C:\\Windows\\SystemTemp\\WER-862550500-0.sysdata.xml\n\\\\?\\C:\\ProgramData\\Microsoft\\Windows\\WER\\Temp\\WER.cb02a0cc-3af2-42a0-8238-8c636f95d71e.tmp.WERInternalMetadata.xml\n\\\\?\\C:\\ProgramData\\Microsoft\\Windows\\WER\\Temp\\WER.732c3887-520a-4825-b2e4-5639e9365604.tmp.csv\n\\\\?\\C:\\ProgramData\\Microsoft\\Windows\\WER\\Temp\\WER.feffad12-c4be-4b35-888d-9e9ca76b7838.tmp.txt\n\\\\?\\C:\\ProgramData\\Microsoft\\Windows\\WER\\Temp\\WER.1255de6e-eacf-44c5-876a-efe17fd4315c.tmp.xml""}","Fault bucket , type 0 Event Name: LiveKernelEvent Response: Not available Cab Id: 0  Problem signature: P1: 1d4 P2: 0 P3: 12 P4: ffff828f529b7150 P5: 102 P6: 10_0_26200 P7: 0_0 P8: 256_1 P9:  P10:   Attached files: \\?\C:\Windows\LiveKernelReports\UcmUcsiCx.sys\UcmUcsiCx.sys-20260408-0917.dmp \\?\C:\Windows\SystemTemp\WER-862550500-0.sysdata.xml \\?\C:\ProgramData\Microsoft\Windows\WER\Temp\WER.cb02a0cc-3af2-42a0-8238-8c636f95d71e.tmp.WERInternalMetadata.xml \\?\C:\ProgramData\Microsoft\Windows\WER\Temp\WER.732c3887-520a-4825-b2e4-5639e9365604.tmp.csv \\?\C:\ProgramData\Microsoft\Windows\WER\Temp\WER.feffad12-c4be-4b35-888d-9e9ca76b7838.tmp.txt \\?\C:\ProgramData\Microsoft\Windows\WER\Temp\WER.1255de6e-eacf-44c5-876a-efe17fd4315c.tmp.xml  These files may be available here: \\?\C:\ProgramData\Microsoft\Windows\WER\ReportQueue\Kernel_1d4_58376c2ce325d9ebb38ee5f5d37663c8816c04_00000000_0c16c476-a1b6-4770-a96b-5bd444952f3e  Analysis symbol:  Rechecking for solution: 0 Report Id: 0c16c476-a1b6-4770-a96b-5bd444952f3e Report Status: 2051 Hashed bucket:  Cab Guid: 0"
"2026-08-01T12:08:41.012Z","27121","16394","Application","Microsoft-Windows-Security-SPP","Information","LAPTOP-8SM7PKPU",,"{}","Offline downlevel migration succeeded."
"2026-08-01T12:08:39.965Z","27120","1001","Application","Windows Error Reporting","Information","LAPTOP-8SM7PKPU","S-1-5-18","{""ReportId"":""fd813499-7ee3-4b11-a99e-d55ee367584b"",""StorePath"":""\\\\?\\C:\\ProgramData\\Microsoft\\Windows\\WER\\ReportQueue\\Kernel_1d4_fed46974cfad8464b8c8641ec3cac3358d16d35_00000000_fd813499-7ee3-4b11-a99e-d55ee367584b"",""P6"":""10_0_26200"",""P2"":""0"",""P9"":"""",""Rechecking"":""0"",""EventName"":""LiveKernelEvent"",""P3"":""12"",""BucketType"":""0"",""HashedBucket"":"""",""ReportStatus"":""2051"",""CabId"":""0"",""P10"":"""",""P8"":""256_1"",""P4"":""ffffb70283eb0120"",""CabGuid"":""0"",""Response"":""Not available"",""AnalysisSymbol"":"""",""P5"":""102"",""P7"":""0_0"",""P1"":""1d4"",""Bucket"":"""",""AttachedFiles"":""\n\\\\?\\C:\\Windows\\LiveKernelReports\\UcmUcsiCx.sys\\UcmUcsiCx.sys-20251202-0826.dmp\n\\\\?\\C:\\Windows\\SystemTemp\\WER-143287890-0.sysdata.xml\n\\\\?\\C:\\ProgramData\\Microsoft\\Windows\\WER\\Temp\\WER.da7a0a1c-f212-46a3-8285-98673ebbfecf.tmp.WERInternalMetadata.xml\n\\\\?\\C:\\ProgramData\\Microsoft\\Windows\\WER\\Temp\\WER.fa91a330-f7ab-4be9-b50b-eb78ed451996.tmp.csv\n\\\\?\\C:\\ProgramData\\Microsoft\\Windows\\WER\\Temp\\WER.a4baff40-12e8-417b-aa39-708ac0828792.tmp.txt\n\\\\?\\C:\\ProgramData\\Microsoft\\Windows\\WER\\Temp\\WER.e95787e6-0218-43d5-906b-60f585b35cf9.tmp.xml""}","Fault bucket , type 0 Event Name: LiveKernelEvent Response: Not available Cab Id: 0  Problem signature: P1: 1d4 P2: 0 P3: 12 P4: ffffb70283eb0120 P5: 102 P6: 10_0_26200 P7: 0_0 P8: 256_1 P9:  P10:   Attached files: \\?\C:\Windows\LiveKernelReports\UcmUcsiCx.sys\UcmUcsiCx.sys-20251202-0826.dmp \\?\C:\Windows\SystemTemp\WER-143287890-0.sysdata.xml \\?\C:\ProgramData\Microsoft\Windows\WER\Temp\WER.da7a0a1c-f212-46a3-8285-98673ebbfecf.tmp.WERInternalMetadata.xml \\?\C:\ProgramData\Microsoft\Windows\WER\Temp\WER.fa91a330-f7ab-4be9-b50b-eb78ed451996.tmp.csv \\?\C:\ProgramData\Microsoft\Windows\WER\Temp\WER.a4baff40-12e8-417b-aa39-708ac0828792.tmp.txt \\?\C:\ProgramData\Microsoft\Windows\WER\Temp\WER.e95787e6-0218-43d5-906b-60f585b35cf9.tmp.xml  These files may be available here: \\?\C:\ProgramData\Microsoft\Windows\WER\ReportQueue\Kernel_1d4_fed46974cfad8464b8c8641ec3cac3358d16d35_00000000_fd813499-7ee3-4b11-a99e-d55ee367584b  Analysis symbol:  Rechecking for solution: 0 Report Id: fd813499-7ee3-4b11-a99e-d55ee367584b Report Status: 2051 Hashed bucket:  Cab Guid: 0"
"2026-08-01T11:38:40.972Z","27119","16384","Application","Microsoft-Windows-Security-SPP","Information","LAPTOP-8SM7PKPU",,"{""Data"":["""",""""]}","Successfully scheduled Software Protection service for re-start at 2126-07-08T11:38:40Z. Reason: RulesEngine."
"2026-08-01T11:31:29.332Z","27118","16394","Application","Microsoft-Windows-Security-SPP","Information","LAPTOP-8SM7PKPU",,"{}","Offline downlevel migration succeeded."
