"TimeCreated","RecordId","EventId","Channel","Provider","Level","Computer","UserSid","EventData","Message"
"2026-08-02T11:25:19.900Z","4226","4100","Microsoft-Windows-PowerShell/Operational","Microsoft-Windows-PowerShell","Warning","LAPTOP-8SM7PKPU","S-1-5-21-3119828605-3733597828-3599172180-1001","{""ContextInfo"":""        Severity = Warning\n        Host Name = Visual Studio Code Host\n        Host Version = 2025.4.0\n        Host ID = eba7ad3a-ba65-4d04-be04-c760678eb620\n        Host Application = C:\\Windows\\System32\\WindowsPowerShell\\v1.0\\powershell.exe -NoProfile -ExecutionPolicy Bypass -Command Import-Module \u0027c:\\Users\\yaswa\\.vscode\\extensions\\ms-vscode.powershell-2025.4.0\\modules\\PowerShellEditorServices\\PowerShellEditorServices.psd1\u0027; Start-EditorServices -HostName \u0027Visual Studio Code Host\u0027 -HostProfileId \u0027Microsoft.VSCode\u0027 -HostVersion \u00272025.4.0\u0027 -BundledModulesPath \u0027c:\\Users\\yaswa\\.vscode\\extensions\\ms-vscode.powershell-2025.4.0\\modules\u0027 -EnableConsoleRepl -StartupBanner \""PowerShell Extension v2025.4.0\nCopyright (c) Microsoft Corporation.\n\nhttps://aka.ms/vscode-powershell\nType \u0027help\u0027 to get help.\n\"" -LogLevel \u0027Warning\u0027 -LogPath \u0027c:\\Users\\yaswa\\AppData\\Roaming\\Code\\logs\\20260730T121325\\window3\\exthost\\ms-vscode.powershell\u0027 -SessionDetailsPath \u0027c:\\Users\\yaswa\\AppData\\Roaming\\Code\\User\\globalStorage\\ms-vscode.powershell\\sessions\\PSES-VSCode-20148-876616.json\u0027 -FeatureFlags @() \n        Engine Version = 5.1.26100.8875\n        Runspace ID = b2b9c8f5-1f0c-4928-af6e-269b2c2642ba\n        Pipeline ID = 72\n        Command Name = Get-WinEvent\n        Command Type = Cmdlet\n        Script Name = C:\\Users\\yaswa\\Desktop\\Dissertation\\Project Artifact\\Automation_Script\\Collect-WinEventLogs.ps1\n        Command Path = \n        Sequence Number = 139\n        User = LAPTOP-8SM7PKPU\\yaswa\n        Connected User = \n        Shell ID = Microsoft.PowerShell\n"",""Payload"":""Error Message = The running command stopped because the preference variable \""ErrorActionPreference\"" or common parameter is set to Stop: No events were found that match the specified selection criteria.\nFully Qualified Error ID = NoMatchingEventsFound,Microsoft.PowerShell.Commands.GetWinEventCommand\n"",""UserData"":""""}","Error Message = The running command stopped because the preference variable ""ErrorActionPreference"" or common parameter is set to Stop: No events were found that match the specified selection criteria. Fully Qualified Error ID = NoMatchingEventsFound,Microsoft.PowerShell.Commands.GetWinEventCommand   Context:         Severity = Warning         Host Name = Visual Studio Code Host         Host Version = 2025.4.0         Host ID = eba7ad3a-ba65-4d04-be04-c760678eb620         Host Application = C:\Windows\System32\WindowsPowerShell\v1.0\powershell.exe -NoProfile -ExecutionPolicy Bypass -Command Import-Module 'c:\Users\yaswa\.vscode\extensions\ms-vscode.powershell-2025.4.0\modules\PowerShellEditorServices\PowerShellEditorServices.psd1'; Start-EditorServices -HostName 'Visual Studio Code Host' -HostProfileId 'Microsoft.VSCode' -HostVersion '2025.4.0' -BundledModulesPath 'c:\Users\yaswa\.vscode\extensions\ms-vscode.powershell-2025.4.0\modules' -EnableConsoleRepl -StartupBanner ""PowerShell Extension v2025.4.0 Copyright (c) Microsoft Corporation.  https://aka.ms/vscode-powershell Type 'help' to get help. "" -LogLevel 'Warning' -LogPath 'c:\Users\yaswa\AppData\Roaming\Code\logs\20260730T121325\window3\exthost\ms-vscode.powershell' -SessionDetailsPath 'c:\Users\yaswa\AppData\Roaming\Code\User\globalStorage\ms-vscode.powershell\sessions\PSES-VSCode-20148-876616.json' -FeatureFlags @()          Engine Version = 5.1.26100.8875         Runspace ID = b2b9c8f5-1f0c-4928-af6e-269b2c2642ba         Pipeline ID = 72         Command Name = Get-WinEvent         Command Type = Cmdlet         Script Name = C:\Users\yaswa\Desktop\Dissertation\Project Artifact\Automation_Script\Collect-WinEventLogs.ps1         Command Path =          Sequence Number = 139         User = LAPTOP-8SM7PKPU\yaswa         Connected User =          Shell ID = Microsoft.PowerShell   User Data:  "
"2026-08-02T11:25:19.855Z","4225","4100","Microsoft-Windows-PowerShell/Operational","Microsoft-Windows-PowerShell","Warning","LAPTOP-8SM7PKPU","S-1-5-21-3119828605-3733597828-3599172180-1001","{""ContextInfo"":""        Severity = Warning\n        Host Name = Visual Studio Code Host\n        Host Version = 2025.4.0\n        Host ID = eba7ad3a-ba65-4d04-be04-c760678eb620\n        Host Application = C:\\Windows\\System32\\WindowsPowerShell\\v1.0\\powershell.exe -NoProfile -ExecutionPolicy Bypass -Command Import-Module \u0027c:\\Users\\yaswa\\.vscode\\extensions\\ms-vscode.powershell-2025.4.0\\modules\\PowerShellEditorServices\\PowerShellEditorServices.psd1\u0027; Start-EditorServices -HostName \u0027Visual Studio Code Host\u0027 -HostProfileId \u0027Microsoft.VSCode\u0027 -HostVersion \u00272025.4.0\u0027 -BundledModulesPath \u0027c:\\Users\\yaswa\\.vscode\\extensions\\ms-vscode.powershell-2025.4.0\\modules\u0027 -EnableConsoleRepl -StartupBanner \""PowerShell Extension v2025.4.0\nCopyright (c) Microsoft Corporation.\n\nhttps://aka.ms/vscode-powershell\nType \u0027help\u0027 to get help.\n\"" -LogLevel \u0027Warning\u0027 -LogPath \u0027c:\\Users\\yaswa\\AppData\\Roaming\\Code\\logs\\20260730T121325\\window3\\exthost\\ms-vscode.powershell\u0027 -SessionDetailsPath \u0027c:\\Users\\yaswa\\AppData\\Roaming\\Code\\User\\globalStorage\\ms-vscode.powershell\\sessions\\PSES-VSCode-20148-876616.json\u0027 -FeatureFlags @() \n        Engine Version = 5.1.26100.8875\n        Runspace ID = b2b9c8f5-1f0c-4928-af6e-269b2c2642ba\n        Pipeline ID = 72\n        Command Name = Get-WinEvent\n        Command Type = Cmdlet\n        Script Name = C:\\Users\\yaswa\\Desktop\\Dissertation\\Project Artifact\\Automation_Script\\Collect-WinEventLogs.ps1\n        Command Path = \n        Sequence Number = 138\n        User = LAPTOP-8SM7PKPU\\yaswa\n        Connected User = \n        Shell ID = Microsoft.PowerShell\n"",""Payload"":""Error Message = The running command stopped because the preference variable \""ErrorActionPreference\"" or common parameter is set to Stop: No events were found that match the specified selection criteria.\nFully Qualified Error ID = NoMatchingEventsFound,Microsoft.PowerShell.Commands.GetWinEventCommand\n"",""UserData"":""""}","Error Message = The running command stopped because the preference variable ""ErrorActionPreference"" or common parameter is set to Stop: No events were found that match the specified selection criteria. Fully Qualified Error ID = NoMatchingEventsFound,Microsoft.PowerShell.Commands.GetWinEventCommand   Context:         Severity = Warning         Host Name = Visual Studio Code Host         Host Version = 2025.4.0         Host ID = eba7ad3a-ba65-4d04-be04-c760678eb620         Host Application = C:\Windows\System32\WindowsPowerShell\v1.0\powershell.exe -NoProfile -ExecutionPolicy Bypass -Command Import-Module 'c:\Users\yaswa\.vscode\extensions\ms-vscode.powershell-2025.4.0\modules\PowerShellEditorServices\PowerShellEditorServices.psd1'; Start-EditorServices -HostName 'Visual Studio Code Host' -HostProfileId 'Microsoft.VSCode' -HostVersion '2025.4.0' -BundledModulesPath 'c:\Users\yaswa\.vscode\extensions\ms-vscode.powershell-2025.4.0\modules' -EnableConsoleRepl -StartupBanner ""PowerShell Extension v2025.4.0 Copyright (c) Microsoft Corporation.  https://aka.ms/vscode-powershell Type 'help' to get help. "" -LogLevel 'Warning' -LogPath 'c:\Users\yaswa\AppData\Roaming\Code\logs\20260730T121325\window3\exthost\ms-vscode.powershell' -SessionDetailsPath 'c:\Users\yaswa\AppData\Roaming\Code\User\globalStorage\ms-vscode.powershell\sessions\PSES-VSCode-20148-876616.json' -FeatureFlags @()          Engine Version = 5.1.26100.8875         Runspace ID = b2b9c8f5-1f0c-4928-af6e-269b2c2642ba         Pipeline ID = 72         Command Name = Get-WinEvent         Command Type = Cmdlet         Script Name = C:\Users\yaswa\Desktop\Dissertation\Project Artifact\Automation_Script\Collect-WinEventLogs.ps1         Command Path =          Sequence Number = 138         User = LAPTOP-8SM7PKPU\yaswa         Connected User =          Shell ID = Microsoft.PowerShell   User Data:  "
"2026-08-02T11:25:14.183Z","4224","4100","Microsoft-Windows-PowerShell/Operational","Microsoft-Windows-PowerShell","Warning","LAPTOP-8SM7PKPU","S-1-5-21-3119828605-3733597828-3599172180-1001","{""ContextInfo"":""        Severity = Warning\n        Host Name = Visual Studio Code Host\n        Host Version = 2025.4.0\n        Host ID = eba7ad3a-ba65-4d04-be04-c760678eb620\n        Host Application = C:\\Windows\\System32\\WindowsPowerShell\\v1.0\\powershell.exe -NoProfile -ExecutionPolicy Bypass -Command Import-Module \u0027c:\\Users\\yaswa\\.vscode\\extensions\\ms-vscode.powershell-2025.4.0\\modules\\PowerShellEditorServices\\PowerShellEditorServices.psd1\u0027; Start-EditorServices -HostName \u0027Visual Studio Code Host\u0027 -HostProfileId \u0027Microsoft.VSCode\u0027 -HostVersion \u00272025.4.0\u0027 -BundledModulesPath \u0027c:\\Users\\yaswa\\.vscode\\extensions\\ms-vscode.powershell-2025.4.0\\modules\u0027 -EnableConsoleRepl -StartupBanner \""PowerShell Extension v2025.4.0\nCopyright (c) Microsoft Corporation.\n\nhttps://aka.ms/vscode-powershell\nType \u0027help\u0027 to get help.\n\"" -LogLevel \u0027Warning\u0027 -LogPath \u0027c:\\Users\\yaswa\\AppData\\Roaming\\Code\\logs\\20260730T121325\\window3\\exthost\\ms-vscode.powershell\u0027 -SessionDetailsPath \u0027c:\\Users\\yaswa\\AppData\\Roaming\\Code\\User\\globalStorage\\ms-vscode.powershell\\sessions\\PSES-VSCode-20148-876616.json\u0027 -FeatureFlags @() \n        Engine Version = 5.1.26100.8875\n        Runspace ID = b2b9c8f5-1f0c-4928-af6e-269b2c2642ba\n        Pipeline ID = 72\n        Command Name = Get-WinEvent\n        Command Type = Cmdlet\n        Script Name = C:\\Users\\yaswa\\Desktop\\Dissertation\\Project Artifact\\Automation_Script\\Collect-WinEventLogs.ps1\n        Command Path = \n        Sequence Number = 137\n        User = LAPTOP-8SM7PKPU\\yaswa\n        Connected User = \n        Shell ID = Microsoft.PowerShell\n"",""Payload"":""Error Message = The running command stopped because the preference variable \""ErrorActionPreference\"" or common parameter is set to Stop: There is not an event log on the localhost computer that matches \""Microsoft-Windows-Sysmon/Operational\"".\nFully Qualified Error ID = NoMatchingLogsFound,Microsoft.PowerShell.Commands.GetWinEventCommand\n"",""UserData"":""""}","Error Message = The running command stopped because the preference variable ""ErrorActionPreference"" or common parameter is set to Stop: There is not an event log on the localhost computer that matches ""Microsoft-Windows-Sysmon/Operational"". Fully Qualified Error ID = NoMatchingLogsFound,Microsoft.PowerShell.Commands.GetWinEventCommand   Context:         Severity = Warning         Host Name = Visual Studio Code Host         Host Version = 2025.4.0         Host ID = eba7ad3a-ba65-4d04-be04-c760678eb620         Host Application = C:\Windows\System32\WindowsPowerShell\v1.0\powershell.exe -NoProfile -ExecutionPolicy Bypass -Command Import-Module 'c:\Users\yaswa\.vscode\extensions\ms-vscode.powershell-2025.4.0\modules\PowerShellEditorServices\PowerShellEditorServices.psd1'; Start-EditorServices -HostName 'Visual Studio Code Host' -HostProfileId 'Microsoft.VSCode' -HostVersion '2025.4.0' -BundledModulesPath 'c:\Users\yaswa\.vscode\extensions\ms-vscode.powershell-2025.4.0\modules' -EnableConsoleRepl -StartupBanner ""PowerShell Extension v2025.4.0 Copyright (c) Microsoft Corporation.  https://aka.ms/vscode-powershell Type 'help' to get help. "" -LogLevel 'Warning' -LogPath 'c:\Users\yaswa\AppData\Roaming\Code\logs\20260730T121325\window3\exthost\ms-vscode.powershell' -SessionDetailsPath 'c:\Users\yaswa\AppData\Roaming\Code\User\globalStorage\ms-vscode.powershell\sessions\PSES-VSCode-20148-876616.json' -FeatureFlags @()          Engine Version = 5.1.26100.8875         Runspace ID = b2b9c8f5-1f0c-4928-af6e-269b2c2642ba         Pipeline ID = 72         Command Name = Get-WinEvent         Command Type = Cmdlet         Script Name = C:\Users\yaswa\Desktop\Dissertation\Project Artifact\Automation_Script\Collect-WinEventLogs.ps1         Command Path =          Sequence Number = 137         User = LAPTOP-8SM7PKPU\yaswa         Connected User =          Shell ID = Microsoft.PowerShell   User Data:  "
"2026-08-02T11:25:13.181Z","4223","4100","Microsoft-Windows-PowerShell/Operational","Microsoft-Windows-PowerShell","Warning","LAPTOP-8SM7PKPU","S-1-5-21-3119828605-3733597828-3599172180-1001","{""ContextInfo"":""        Severity = Warning\n        Host Name = Visual Studio Code Host\n        Host Version = 2025.4.0\n        Host ID = eba7ad3a-ba65-4d04-be04-c760678eb620\n        Host Application = C:\\Windows\\System32\\WindowsPowerShell\\v1.0\\powershell.exe -NoProfile -ExecutionPolicy Bypass -Command Import-Module \u0027c:\\Users\\yaswa\\.vscode\\extensions\\ms-vscode.powershell-2025.4.0\\modules\\PowerShellEditorServices\\PowerShellEditorServices.psd1\u0027; Start-EditorServices -HostName \u0027Visual Studio Code Host\u0027 -HostProfileId \u0027Microsoft.VSCode\u0027 -HostVersion \u00272025.4.0\u0027 -BundledModulesPath \u0027c:\\Users\\yaswa\\.vscode\\extensions\\ms-vscode.powershell-2025.4.0\\modules\u0027 -EnableConsoleRepl -StartupBanner \""PowerShell Extension v2025.4.0\nCopyright (c) Microsoft Corporation.\n\nhttps://aka.ms/vscode-powershell\nType \u0027help\u0027 to get help.\n\"" -LogLevel \u0027Warning\u0027 -LogPath \u0027c:\\Users\\yaswa\\AppData\\Roaming\\Code\\logs\\20260730T121325\\window3\\exthost\\ms-vscode.powershell\u0027 -SessionDetailsPath \u0027c:\\Users\\yaswa\\AppData\\Roaming\\Code\\User\\globalStorage\\ms-vscode.powershell\\sessions\\PSES-VSCode-20148-876616.json\u0027 -FeatureFlags @() \n        Engine Version = 5.1.26100.8875\n        Runspace ID = b2b9c8f5-1f0c-4928-af6e-269b2c2642ba\n        Pipeline ID = 72\n        Command Name = Get-WinEvent\n        Command Type = Cmdlet\n        Script Name = C:\\Users\\yaswa\\Desktop\\Dissertation\\Project Artifact\\Automation_Script\\Collect-WinEventLogs.ps1\n        Command Path = \n        Sequence Number = 136\n        User = LAPTOP-8SM7PKPU\\yaswa\n        Connected User = \n        Shell ID = Microsoft.PowerShell\n"",""Payload"":""Error Message = The running command stopped because the preference variable \""ErrorActionPreference\"" or common parameter is set to Stop: Could not retrieve information about the Security log. Error: Attempted to perform an unauthorized operation..\nFully Qualified Error ID = LogInfoUnavailable,Microsoft.PowerShell.Commands.GetWinEventCommand\n"",""UserData"":""""}","Error Message = The running command stopped because the preference variable ""ErrorActionPreference"" or common parameter is set to Stop: Could not retrieve information about the Security log. Error: Attempted to perform an unauthorized operation.. Fully Qualified Error ID = LogInfoUnavailable,Microsoft.PowerShell.Commands.GetWinEventCommand   Context:         Severity = Warning         Host Name = Visual Studio Code Host         Host Version = 2025.4.0         Host ID = eba7ad3a-ba65-4d04-be04-c760678eb620         Host Application = C:\Windows\System32\WindowsPowerShell\v1.0\powershell.exe -NoProfile -ExecutionPolicy Bypass -Command Import-Module 'c:\Users\yaswa\.vscode\extensions\ms-vscode.powershell-2025.4.0\modules\PowerShellEditorServices\PowerShellEditorServices.psd1'; Start-EditorServices -HostName 'Visual Studio Code Host' -HostProfileId 'Microsoft.VSCode' -HostVersion '2025.4.0' -BundledModulesPath 'c:\Users\yaswa\.vscode\extensions\ms-vscode.powershell-2025.4.0\modules' -EnableConsoleRepl -StartupBanner ""PowerShell Extension v2025.4.0 Copyright (c) Microsoft Corporation.  https://aka.ms/vscode-powershell Type 'help' to get help. "" -LogLevel 'Warning' -LogPath 'c:\Users\yaswa\AppData\Roaming\Code\logs\20260730T121325\window3\exthost\ms-vscode.powershell' -SessionDetailsPath 'c:\Users\yaswa\AppData\Roaming\Code\User\globalStorage\ms-vscode.powershell\sessions\PSES-VSCode-20148-876616.json' -FeatureFlags @()          Engine Version = 5.1.26100.8875         Runspace ID = b2b9c8f5-1f0c-4928-af6e-269b2c2642ba         Pipeline ID = 72         Command Name = Get-WinEvent         Command Type = Cmdlet         Script Name = C:\Users\yaswa\Desktop\Dissertation\Project Artifact\Automation_Script\Collect-WinEventLogs.ps1         Command Path =          Sequence Number = 136         User = LAPTOP-8SM7PKPU\yaswa         Connected User =          Shell ID = Microsoft.PowerShell   User Data:  "
"2026-08-02T11:23:25.874Z","4222","4100","Microsoft-Windows-PowerShell/Operational","Microsoft-Windows-PowerShell","Warning","LAPTOP-8SM7PKPU","S-1-5-21-3119828605-3733597828-3599172180-1001","{""ContextInfo"":""        Severity = Warning\n        Host Name = ConsoleHost\n        Host Version = 5.1.26100.8875\n        Host ID = 2722ff80-3e54-4cba-99b7-a898a594c429\n        Host Application = C:\\Windows\\System32\\WindowsPowerShell\\v1.0\\powershell.exe -noexit -command try { . \""c:\\Users\\yaswa\\AppData\\Local\\Programs\\Microsoft VS Code\\e4c7e7b1d6\\resources\\app\\out\\vs\\workbench\\contrib\\terminal\\common\\scripts\\shellIntegration.ps1\"" } catch {}\n        Engine Version = 5.1.26100.8875\n        Runspace ID = 9a98089f-5a2c-4435-80f9-9edc9f735a8a\n        Pipeline ID = 2\n        Command Name = \n        Command Type = \n        Script Name = \n        Command Path = \n        Sequence Number = 15\n        User = LAPTOP-8SM7PKPU\\yaswa\n        Connected User = \n        Shell ID = Microsoft.PowerShell\n"",""Payload"":""Error Message = File C:\\Users\\yaswa\\AppData\\Local\\Programs\\Microsoft VS Code\\e4c7e7b1d6\\resources\\app\\out\\vs\\workbench\\contrib\\terminal\\common\\scripts\\shellIntegration.ps1 cannot be loaded because running scripts is disabled on this system. For more information, see about_Execution_Policies at https:/go.microsoft.com/fwlink/?LinkID=135170.\nFully Qualified Error ID = UnauthorizedAccess\nRecommended Action = \n"",""UserData"":""""}","Error Message = File C:\Users\yaswa\AppData\Local\Programs\Microsoft VS Code\e4c7e7b1d6\resources\app\out\vs\workbench\contrib\terminal\common\scripts\shellIntegration.ps1 cannot be loaded because running scripts is disabled on this system. For more information, see about_Execution_Policies at https:/go.microsoft.com/fwlink/?LinkID=135170. Fully Qualified Error ID = UnauthorizedAccess Recommended Action =    Context:         Severity = Warning         Host Name = ConsoleHost         Host Version = 5.1.26100.8875         Host ID = 2722ff80-3e54-4cba-99b7-a898a594c429         Host Application = C:\Windows\System32\WindowsPowerShell\v1.0\powershell.exe -noexit -command try { . ""c:\Users\yaswa\AppData\Local\Programs\Microsoft VS Code\e4c7e7b1d6\resources\app\out\vs\workbench\contrib\terminal\common\scripts\shellIntegration.ps1"" } catch {}         Engine Version = 5.1.26100.8875         Runspace ID = 9a98089f-5a2c-4435-80f9-9edc9f735a8a         Pipeline ID = 2         Command Name =          Command Type =          Script Name =          Command Path =          Sequence Number = 15         User = LAPTOP-8SM7PKPU\yaswa         Connected User =          Shell ID = Microsoft.PowerShell   User Data:  "
"2026-08-02T11:23:25.858Z","4221","40962","Microsoft-Windows-PowerShell/Operational","Microsoft-Windows-PowerShell","Information","LAPTOP-8SM7PKPU","S-1-5-21-3119828605-3733597828-3599172180-1001","{}","PowerShell console is ready for user input"
"2026-08-02T11:23:25.763Z","4220","53504","Microsoft-Windows-PowerShell/Operational","Microsoft-Windows-PowerShell","Information","LAPTOP-8SM7PKPU","S-1-5-21-3119828605-3733597828-3599172180-1001","{""param1"":""8276"",""param2"":""DefaultAppDomain""}","Windows PowerShell has started an IPC listening thread on process: 8276 in AppDomain: DefaultAppDomain."
"2026-08-02T11:23:25.721Z","4219","40961","Microsoft-Windows-PowerShell/Operational","Microsoft-Windows-PowerShell","Information","LAPTOP-8SM7PKPU","S-1-5-21-3119828605-3733597828-3599172180-1001","{}","PowerShell console is starting up"
"2026-08-02T11:23:18.142Z","4218","4100","Microsoft-Windows-PowerShell/Operational","Microsoft-Windows-PowerShell","Warning","LAPTOP-8SM7PKPU","S-1-5-21-3119828605-3733597828-3599172180-1001","{""ContextInfo"":""        Severity = Warning\n        Host Name = ConsoleHost\n        Host Version = 5.1.26100.8875\n        Host ID = 16b81f50-c514-4b74-a655-83427d07824c\n        Host Application = C:\\Windows\\System32\\WindowsPowerShell\\v1.0\\powershell.exe -noexit -command try { . \""c:\\Users\\yaswa\\AppData\\Local\\Programs\\Microsoft VS Code\\e4c7e7b1d6\\resources\\app\\out\\vs\\workbench\\contrib\\terminal\\common\\scripts\\shellIntegration.ps1\"" } catch {}\n        Engine Version = 5.1.26100.8875\n        Runspace ID = 2f37c399-f0e4-473a-a47b-99087d13fee3\n        Pipeline ID = 2\n        Command Name = \n        Command Type = \n        Script Name = \n        Command Path = \n        Sequence Number = 15\n        User = LAPTOP-8SM7PKPU\\yaswa\n        Connected User = \n        Shell ID = Microsoft.PowerShell\n"",""Payload"":""Error Message = File C:\\Users\\yaswa\\AppData\\Local\\Programs\\Microsoft VS Code\\e4c7e7b1d6\\resources\\app\\out\\vs\\workbench\\contrib\\terminal\\common\\scripts\\shellIntegration.ps1 cannot be loaded because running scripts is disabled on this system. For more information, see about_Execution_Policies at https:/go.microsoft.com/fwlink/?LinkID=135170.\nFully Qualified Error ID = UnauthorizedAccess\nRecommended Action = \n"",""UserData"":""""}","Error Message = File C:\Users\yaswa\AppData\Local\Programs\Microsoft VS Code\e4c7e7b1d6\resources\app\out\vs\workbench\contrib\terminal\common\scripts\shellIntegration.ps1 cannot be loaded because running scripts is disabled on this system. For more information, see about_Execution_Policies at https:/go.microsoft.com/fwlink/?LinkID=135170. Fully Qualified Error ID = UnauthorizedAccess Recommended Action =    Context:         Severity = Warning         Host Name = ConsoleHost         Host Version = 5.1.26100.8875         Host ID = 16b81f50-c514-4b74-a655-83427d07824c         Host Application = C:\Windows\System32\WindowsPowerShell\v1.0\powershell.exe -noexit -command try { . ""c:\Users\yaswa\AppData\Local\Programs\Microsoft VS Code\e4c7e7b1d6\resources\app\out\vs\workbench\contrib\terminal\common\scripts\shellIntegration.ps1"" } catch {}         Engine Version = 5.1.26100.8875         Runspace ID = 2f37c399-f0e4-473a-a47b-99087d13fee3         Pipeline ID = 2         Command Name =          Command Type =          Script Name =          Command Path =          Sequence Number = 15         User = LAPTOP-8SM7PKPU\yaswa         Connected User =          Shell ID = Microsoft.PowerShell   User Data:  "
"2026-08-02T11:23:18.128Z","4217","40962","Microsoft-Windows-PowerShell/Operational","Microsoft-Windows-PowerShell","Information","LAPTOP-8SM7PKPU","S-1-5-21-3119828605-3733597828-3599172180-1001","{}","PowerShell console is ready for user input"
"2026-08-02T11:23:18.039Z","4216","53504","Microsoft-Windows-PowerShell/Operational","Microsoft-Windows-PowerShell","Information","LAPTOP-8SM7PKPU","S-1-5-21-3119828605-3733597828-3599172180-1001","{""param1"":""6096"",""param2"":""DefaultAppDomain""}","Windows PowerShell has started an IPC listening thread on process: 6096 in AppDomain: DefaultAppDomain."
"2026-08-02T11:23:17.999Z","4215","40961","Microsoft-Windows-PowerShell/Operational","Microsoft-Windows-PowerShell","Information","LAPTOP-8SM7PKPU","S-1-5-21-3119828605-3733597828-3599172180-1001","{}","PowerShell console is starting up"
"2026-08-02T11:07:21.632Z","4214","4100","Microsoft-Windows-PowerShell/Operational","Microsoft-Windows-PowerShell","Warning","LAPTOP-8SM7PKPU","S-1-5-21-3119828605-3733597828-3599172180-1001","{""ContextInfo"":""        Severity = Warning\n        Host Name = Visual Studio Code Host\n        Host Version = 2025.4.0\n        Host ID = eba7ad3a-ba65-4d04-be04-c760678eb620\n        Host Application = C:\\Windows\\System32\\WindowsPowerShell\\v1.0\\powershell.exe -NoProfile -ExecutionPolicy Bypass -Command Import-Module \u0027c:\\Users\\yaswa\\.vscode\\extensions\\ms-vscode.powershell-2025.4.0\\modules\\PowerShellEditorServices\\PowerShellEditorServices.psd1\u0027; Start-EditorServices -HostName \u0027Visual Studio Code Host\u0027 -HostProfileId \u0027Microsoft.VSCode\u0027 -HostVersion \u00272025.4.0\u0027 -BundledModulesPath \u0027c:\\Users\\yaswa\\.vscode\\extensions\\ms-vscode.powershell-2025.4.0\\modules\u0027 -EnableConsoleRepl -StartupBanner \""PowerShell Extension v2025.4.0\nCopyright (c) Microsoft Corporation.\n\nhttps://aka.ms/vscode-powershell\nType \u0027help\u0027 to get help.\n\"" -LogLevel \u0027Warning\u0027 -LogPath \u0027c:\\Users\\yaswa\\AppData\\Roaming\\Code\\logs\\20260730T121325\\window3\\exthost\\ms-vscode.powershell\u0027 -SessionDetailsPath \u0027c:\\Users\\yaswa\\AppData\\Roaming\\Code\\User\\globalStorage\\ms-vscode.powershell\\sessions\\PSES-VSCode-20148-876616.json\u0027 -FeatureFlags @() \n        Engine Version = 5.1.26100.8875\n        Runspace ID = b2b9c8f5-1f0c-4928-af6e-269b2c2642ba\n        Pipeline ID = 45\n        Command Name = Get-WinEvent\n        Command Type = Cmdlet\n        Script Name = C:\\Users\\yaswa\\Desktop\\Dissertation\\Project Artifact\\Automation_Script\\Collect-WinEventLogs.ps1\n        Command Path = \n        Sequence Number = 133\n        User = LAPTOP-8SM7PKPU\\yaswa\n        Connected User = \n        Shell ID = Microsoft.PowerShell\n"",""Payload"":""Error Message = The running command stopped because the preference variable \""ErrorActionPreference\"" or common parameter is set to Stop: No events were found that match the specified selection criteria.\nFully Qualified Error ID = NoMatchingEventsFound,Microsoft.PowerShell.Commands.GetWinEventCommand\n"",""UserData"":""""}","Error Message = The running command stopped because the preference variable ""ErrorActionPreference"" or common parameter is set to Stop: No events were found that match the specified selection criteria. Fully Qualified Error ID = NoMatchingEventsFound,Microsoft.PowerShell.Commands.GetWinEventCommand   Context:         Severity = Warning         Host Name = Visual Studio Code Host         Host Version = 2025.4.0         Host ID = eba7ad3a-ba65-4d04-be04-c760678eb620         Host Application = C:\Windows\System32\WindowsPowerShell\v1.0\powershell.exe -NoProfile -ExecutionPolicy Bypass -Command Import-Module 'c:\Users\yaswa\.vscode\extensions\ms-vscode.powershell-2025.4.0\modules\PowerShellEditorServices\PowerShellEditorServices.psd1'; Start-EditorServices -HostName 'Visual Studio Code Host' -HostProfileId 'Microsoft.VSCode' -HostVersion '2025.4.0' -BundledModulesPath 'c:\Users\yaswa\.vscode\extensions\ms-vscode.powershell-2025.4.0\modules' -EnableConsoleRepl -StartupBanner ""PowerShell Extension v2025.4.0 Copyright (c) Microsoft Corporation.  https://aka.ms/vscode-powershell Type 'help' to get help. "" -LogLevel 'Warning' -LogPath 'c:\Users\yaswa\AppData\Roaming\Code\logs\20260730T121325\window3\exthost\ms-vscode.powershell' -SessionDetailsPath 'c:\Users\yaswa\AppData\Roaming\Code\User\globalStorage\ms-vscode.powershell\sessions\PSES-VSCode-20148-876616.json' -FeatureFlags @()          Engine Version = 5.1.26100.8875         Runspace ID = b2b9c8f5-1f0c-4928-af6e-269b2c2642ba         Pipeline ID = 45         Command Name = Get-WinEvent         Command Type = Cmdlet         Script Name = C:\Users\yaswa\Desktop\Dissertation\Project Artifact\Automation_Script\Collect-WinEventLogs.ps1         Command Path =          Sequence Number = 133         User = LAPTOP-8SM7PKPU\yaswa         Connected User =          Shell ID = Microsoft.PowerShell   User Data:  "
"2026-08-02T11:07:21.585Z","4213","4100","Microsoft-Windows-PowerShell/Operational","Microsoft-Windows-PowerShell","Warning","LAPTOP-8SM7PKPU","S-1-5-21-3119828605-3733597828-3599172180-1001","{""ContextInfo"":""        Severity = Warning\n        Host Name = Visual Studio Code Host\n        Host Version = 2025.4.0\n        Host ID = eba7ad3a-ba65-4d04-be04-c760678eb620\n        Host Application = C:\\Windows\\System32\\WindowsPowerShell\\v1.0\\powershell.exe -NoProfile -ExecutionPolicy Bypass -Command Import-Module \u0027c:\\Users\\yaswa\\.vscode\\extensions\\ms-vscode.powershell-2025.4.0\\modules\\PowerShellEditorServices\\PowerShellEditorServices.psd1\u0027; Start-EditorServices -HostName \u0027Visual Studio Code Host\u0027 -HostProfileId \u0027Microsoft.VSCode\u0027 -HostVersion \u00272025.4.0\u0027 -BundledModulesPath \u0027c:\\Users\\yaswa\\.vscode\\extensions\\ms-vscode.powershell-2025.4.0\\modules\u0027 -EnableConsoleRepl -StartupBanner \""PowerShell Extension v2025.4.0\nCopyright (c) Microsoft Corporation.\n\nhttps://aka.ms/vscode-powershell\nType \u0027help\u0027 to get help.\n\"" -LogLevel \u0027Warning\u0027 -LogPath \u0027c:\\Users\\yaswa\\AppData\\Roaming\\Code\\logs\\20260730T121325\\window3\\exthost\\ms-vscode.powershell\u0027 -SessionDetailsPath \u0027c:\\Users\\yaswa\\AppData\\Roaming\\Code\\User\\globalStorage\\ms-vscode.powershell\\sessions\\PSES-VSCode-20148-876616.json\u0027 -FeatureFlags @() \n        Engine Version = 5.1.26100.8875\n        Runspace ID = b2b9c8f5-1f0c-4928-af6e-269b2c2642ba\n        Pipeline ID = 45\n        Command Name = Get-WinEvent\n        Command Type = Cmdlet\n        Script Name = C:\\Users\\yaswa\\Desktop\\Dissertation\\Project Artifact\\Automation_Script\\Collect-WinEventLogs.ps1\n        Command Path = \n        Sequence Number = 132\n        User = LAPTOP-8SM7PKPU\\yaswa\n        Connected User = \n        Shell ID = Microsoft.PowerShell\n"",""Payload"":""Error Message = The running command stopped because the preference variable \""ErrorActionPreference\"" or common parameter is set to Stop: No events were found that match the specified selection criteria.\nFully Qualified Error ID = NoMatchingEventsFound,Microsoft.PowerShell.Commands.GetWinEventCommand\n"",""UserData"":""""}","Error Message = The running command stopped because the preference variable ""ErrorActionPreference"" or common parameter is set to Stop: No events were found that match the specified selection criteria. Fully Qualified Error ID = NoMatchingEventsFound,Microsoft.PowerShell.Commands.GetWinEventCommand   Context:         Severity = Warning         Host Name = Visual Studio Code Host         Host Version = 2025.4.0         Host ID = eba7ad3a-ba65-4d04-be04-c760678eb620         Host Application = C:\Windows\System32\WindowsPowerShell\v1.0\powershell.exe -NoProfile -ExecutionPolicy Bypass -Command Import-Module 'c:\Users\yaswa\.vscode\extensions\ms-vscode.powershell-2025.4.0\modules\PowerShellEditorServices\PowerShellEditorServices.psd1'; Start-EditorServices -HostName 'Visual Studio Code Host' -HostProfileId 'Microsoft.VSCode' -HostVersion '2025.4.0' -BundledModulesPath 'c:\Users\yaswa\.vscode\extensions\ms-vscode.powershell-2025.4.0\modules' -EnableConsoleRepl -StartupBanner ""PowerShell Extension v2025.4.0 Copyright (c) Microsoft Corporation.  https://aka.ms/vscode-powershell Type 'help' to get help. "" -LogLevel 'Warning' -LogPath 'c:\Users\yaswa\AppData\Roaming\Code\logs\20260730T121325\window3\exthost\ms-vscode.powershell' -SessionDetailsPath 'c:\Users\yaswa\AppData\Roaming\Code\User\globalStorage\ms-vscode.powershell\sessions\PSES-VSCode-20148-876616.json' -FeatureFlags @()          Engine Version = 5.1.26100.8875         Runspace ID = b2b9c8f5-1f0c-4928-af6e-269b2c2642ba         Pipeline ID = 45         Command Name = Get-WinEvent         Command Type = Cmdlet         Script Name = C:\Users\yaswa\Desktop\Dissertation\Project Artifact\Automation_Script\Collect-WinEventLogs.ps1         Command Path =          Sequence Number = 132         User = LAPTOP-8SM7PKPU\yaswa         Connected User =          Shell ID = Microsoft.PowerShell   User Data:  "
"2026-08-02T11:07:16.986Z","4212","4100","Microsoft-Windows-PowerShell/Operational","Microsoft-Windows-PowerShell","Warning","LAPTOP-8SM7PKPU","S-1-5-21-3119828605-3733597828-3599172180-1001","{""ContextInfo"":""        Severity = Warning\n        Host Name = Visual Studio Code Host\n        Host Version = 2025.4.0\n        Host ID = eba7ad3a-ba65-4d04-be04-c760678eb620\n        Host Application = C:\\Windows\\System32\\WindowsPowerShell\\v1.0\\powershell.exe -NoProfile -ExecutionPolicy Bypass -Command Import-Module \u0027c:\\Users\\yaswa\\.vscode\\extensions\\ms-vscode.powershell-2025.4.0\\modules\\PowerShellEditorServices\\PowerShellEditorServices.psd1\u0027; Start-EditorServices -HostName \u0027Visual Studio Code Host\u0027 -HostProfileId \u0027Microsoft.VSCode\u0027 -HostVersion \u00272025.4.0\u0027 -BundledModulesPath \u0027c:\\Users\\yaswa\\.vscode\\extensions\\ms-vscode.powershell-2025.4.0\\modules\u0027 -EnableConsoleRepl -StartupBanner \""PowerShell Extension v2025.4.0\nCopyright (c) Microsoft Corporation.\n\nhttps://aka.ms/vscode-powershell\nType \u0027help\u0027 to get help.\n\"" -LogLevel \u0027Warning\u0027 -LogPath \u0027c:\\Users\\yaswa\\AppData\\Roaming\\Code\\logs\\20260730T121325\\window3\\exthost\\ms-vscode.powershell\u0027 -SessionDetailsPath \u0027c:\\Users\\yaswa\\AppData\\Roaming\\Code\\User\\globalStorage\\ms-vscode.powershell\\sessions\\PSES-VSCode-20148-876616.json\u0027 -FeatureFlags @() \n        Engine Version = 5.1.26100.8875\n        Runspace ID = b2b9c8f5-1f0c-4928-af6e-269b2c2642ba\n        Pipeline ID = 45\n        Command Name = Get-WinEvent\n        Command Type = Cmdlet\n        Script Name = C:\\Users\\yaswa\\Desktop\\Dissertation\\Project Artifact\\Automation_Script\\Collect-WinEventLogs.ps1\n        Command Path = \n        Sequence Number = 131\n        User = LAPTOP-8SM7PKPU\\yaswa\n        Connected User = \n        Shell ID = Microsoft.PowerShell\n"",""Payload"":""Error Message = The running command stopped because the preference variable \""ErrorActionPreference\"" or common parameter is set to Stop: There is not an event log on the localhost computer that matches \""Microsoft-Windows-Sysmon/Operational\"".\nFully Qualified Error ID = NoMatchingLogsFound,Microsoft.PowerShell.Commands.GetWinEventCommand\n"",""UserData"":""""}","Error Message = The running command stopped because the preference variable ""ErrorActionPreference"" or common parameter is set to Stop: There is not an event log on the localhost computer that matches ""Microsoft-Windows-Sysmon/Operational"". Fully Qualified Error ID = NoMatchingLogsFound,Microsoft.PowerShell.Commands.GetWinEventCommand   Context:         Severity = Warning         Host Name = Visual Studio Code Host         Host Version = 2025.4.0         Host ID = eba7ad3a-ba65-4d04-be04-c760678eb620         Host Application = C:\Windows\System32\WindowsPowerShell\v1.0\powershell.exe -NoProfile -ExecutionPolicy Bypass -Command Import-Module 'c:\Users\yaswa\.vscode\extensions\ms-vscode.powershell-2025.4.0\modules\PowerShellEditorServices\PowerShellEditorServices.psd1'; Start-EditorServices -HostName 'Visual Studio Code Host' -HostProfileId 'Microsoft.VSCode' -HostVersion '2025.4.0' -BundledModulesPath 'c:\Users\yaswa\.vscode\extensions\ms-vscode.powershell-2025.4.0\modules' -EnableConsoleRepl -StartupBanner ""PowerShell Extension v2025.4.0 Copyright (c) Microsoft Corporation.  https://aka.ms/vscode-powershell Type 'help' to get help. "" -LogLevel 'Warning' -LogPath 'c:\Users\yaswa\AppData\Roaming\Code\logs\20260730T121325\window3\exthost\ms-vscode.powershell' -SessionDetailsPath 'c:\Users\yaswa\AppData\Roaming\Code\User\globalStorage\ms-vscode.powershell\sessions\PSES-VSCode-20148-876616.json' -FeatureFlags @()          Engine Version = 5.1.26100.8875         Runspace ID = b2b9c8f5-1f0c-4928-af6e-269b2c2642ba         Pipeline ID = 45         Command Name = Get-WinEvent         Command Type = Cmdlet         Script Name = C:\Users\yaswa\Desktop\Dissertation\Project Artifact\Automation_Script\Collect-WinEventLogs.ps1         Command Path =          Sequence Number = 131         User = LAPTOP-8SM7PKPU\yaswa         Connected User =          Shell ID = Microsoft.PowerShell   User Data:  "
"2026-08-02T11:07:15.957Z","4211","4100","Microsoft-Windows-PowerShell/Operational","Microsoft-Windows-PowerShell","Warning","LAPTOP-8SM7PKPU","S-1-5-21-3119828605-3733597828-3599172180-1001","{""ContextInfo"":""        Severity = Warning\n        Host Name = Visual Studio Code Host\n        Host Version = 2025.4.0\n        Host ID = eba7ad3a-ba65-4d04-be04-c760678eb620\n        Host Application = C:\\Windows\\System32\\WindowsPowerShell\\v1.0\\powershell.exe -NoProfile -ExecutionPolicy Bypass -Command Import-Module \u0027c:\\Users\\yaswa\\.vscode\\extensions\\ms-vscode.powershell-2025.4.0\\modules\\PowerShellEditorServices\\PowerShellEditorServices.psd1\u0027; Start-EditorServices -HostName \u0027Visual Studio Code Host\u0027 -HostProfileId \u0027Microsoft.VSCode\u0027 -HostVersion \u00272025.4.0\u0027 -BundledModulesPath \u0027c:\\Users\\yaswa\\.vscode\\extensions\\ms-vscode.powershell-2025.4.0\\modules\u0027 -EnableConsoleRepl -StartupBanner \""PowerShell Extension v2025.4.0\nCopyright (c) Microsoft Corporation.\n\nhttps://aka.ms/vscode-powershell\nType \u0027help\u0027 to get help.\n\"" -LogLevel \u0027Warning\u0027 -LogPath \u0027c:\\Users\\yaswa\\AppData\\Roaming\\Code\\logs\\20260730T121325\\window3\\exthost\\ms-vscode.powershell\u0027 -SessionDetailsPath \u0027c:\\Users\\yaswa\\AppData\\Roaming\\Code\\User\\globalStorage\\ms-vscode.powershell\\sessions\\PSES-VSCode-20148-876616.json\u0027 -FeatureFlags @() \n        Engine Version = 5.1.26100.8875\n        Runspace ID = b2b9c8f5-1f0c-4928-af6e-269b2c2642ba\n        Pipeline ID = 45\n        Command Name = Get-WinEvent\n        Command Type = Cmdlet\n        Script Name = C:\\Users\\yaswa\\Desktop\\Dissertation\\Project Artifact\\Automation_Script\\Collect-WinEventLogs.ps1\n        Command Path = \n        Sequence Number = 130\n        User = LAPTOP-8SM7PKPU\\yaswa\n        Connected User = \n        Shell ID = Microsoft.PowerShell\n"",""Payload"":""Error Message = The running command stopped because the preference variable \""ErrorActionPreference\"" or common parameter is set to Stop: Could not retrieve information about the Security log. Error: Attempted to perform an unauthorized operation..\nFully Qualified Error ID = LogInfoUnavailable,Microsoft.PowerShell.Commands.GetWinEventCommand\n"",""UserData"":""""}","Error Message = The running command stopped because the preference variable ""ErrorActionPreference"" or common parameter is set to Stop: Could not retrieve information about the Security log. Error: Attempted to perform an unauthorized operation.. Fully Qualified Error ID = LogInfoUnavailable,Microsoft.PowerShell.Commands.GetWinEventCommand   Context:         Severity = Warning         Host Name = Visual Studio Code Host         Host Version = 2025.4.0         Host ID = eba7ad3a-ba65-4d04-be04-c760678eb620         Host Application = C:\Windows\System32\WindowsPowerShell\v1.0\powershell.exe -NoProfile -ExecutionPolicy Bypass -Command Import-Module 'c:\Users\yaswa\.vscode\extensions\ms-vscode.powershell-2025.4.0\modules\PowerShellEditorServices\PowerShellEditorServices.psd1'; Start-EditorServices -HostName 'Visual Studio Code Host' -HostProfileId 'Microsoft.VSCode' -HostVersion '2025.4.0' -BundledModulesPath 'c:\Users\yaswa\.vscode\extensions\ms-vscode.powershell-2025.4.0\modules' -EnableConsoleRepl -StartupBanner ""PowerShell Extension v2025.4.0 Copyright (c) Microsoft Corporation.  https://aka.ms/vscode-powershell Type 'help' to get help. "" -LogLevel 'Warning' -LogPath 'c:\Users\yaswa\AppData\Roaming\Code\logs\20260730T121325\window3\exthost\ms-vscode.powershell' -SessionDetailsPath 'c:\Users\yaswa\AppData\Roaming\Code\User\globalStorage\ms-vscode.powershell\sessions\PSES-VSCode-20148-876616.json' -FeatureFlags @()          Engine Version = 5.1.26100.8875         Runspace ID = b2b9c8f5-1f0c-4928-af6e-269b2c2642ba         Pipeline ID = 45         Command Name = Get-WinEvent         Command Type = Cmdlet         Script Name = C:\Users\yaswa\Desktop\Dissertation\Project Artifact\Automation_Script\Collect-WinEventLogs.ps1         Command Path =          Sequence Number = 130         User = LAPTOP-8SM7PKPU\yaswa         Connected User =          Shell ID = Microsoft.PowerShell   User Data:  "
"2026-08-02T10:58:14.687Z","4210","4100","Microsoft-Windows-PowerShell/Operational","Microsoft-Windows-PowerShell","Warning","LAPTOP-8SM7PKPU","S-1-5-21-3119828605-3733597828-3599172180-1001","{""ContextInfo"":""        Severity = Warning\n        Host Name = Visual Studio Code Host\n        Host Version = 2025.4.0\n        Host ID = eba7ad3a-ba65-4d04-be04-c760678eb620\n        Host Application = C:\\Windows\\System32\\WindowsPowerShell\\v1.0\\powershell.exe -NoProfile -ExecutionPolicy Bypass -Command Import-Module \u0027c:\\Users\\yaswa\\.vscode\\extensions\\ms-vscode.powershell-2025.4.0\\modules\\PowerShellEditorServices\\PowerShellEditorServices.psd1\u0027; Start-EditorServices -HostName \u0027Visual Studio Code Host\u0027 -HostProfileId \u0027Microsoft.VSCode\u0027 -HostVersion \u00272025.4.0\u0027 -BundledModulesPath \u0027c:\\Users\\yaswa\\.vscode\\extensions\\ms-vscode.powershell-2025.4.0\\modules\u0027 -EnableConsoleRepl -StartupBanner \""PowerShell Extension v2025.4.0\nCopyright (c) Microsoft Corporation.\n\nhttps://aka.ms/vscode-powershell\nType \u0027help\u0027 to get help.\n\"" -LogLevel \u0027Warning\u0027 -LogPath \u0027c:\\Users\\yaswa\\AppData\\Roaming\\Code\\logs\\20260730T121325\\window3\\exthost\\ms-vscode.powershell\u0027 -SessionDetailsPath \u0027c:\\Users\\yaswa\\AppData\\Roaming\\Code\\User\\globalStorage\\ms-vscode.powershell\\sessions\\PSES-VSCode-20148-876616.json\u0027 -FeatureFlags @() \n        Engine Version = 5.1.26100.8875\n        Runspace ID = b2b9c8f5-1f0c-4928-af6e-269b2c2642ba\n        Pipeline ID = 18\n        Command Name = Get-WinEvent\n        Command Type = Cmdlet\n        Script Name = C:\\Users\\yaswa\\Desktop\\Dissertation\\Project Artifact\\Automation_Script\\Collect-WinEventLogs.ps1\n        Command Path = \n        Sequence Number = 129\n        User = LAPTOP-8SM7PKPU\\yaswa\n        Connected User = \n        Shell ID = Microsoft.PowerShell\n"",""Payload"":""Error Message = The running command stopped because the preference variable \""ErrorActionPreference\"" or common parameter is set to Stop: No events were found that match the specified selection criteria.\nFully Qualified Error ID = NoMatchingEventsFound,Microsoft.PowerShell.Commands.GetWinEventCommand\n"",""UserData"":""""}","Error Message = The running command stopped because the preference variable ""ErrorActionPreference"" or common parameter is set to Stop: No events were found that match the specified selection criteria. Fully Qualified Error ID = NoMatchingEventsFound,Microsoft.PowerShell.Commands.GetWinEventCommand   Context:         Severity = Warning         Host Name = Visual Studio Code Host         Host Version = 2025.4.0         Host ID = eba7ad3a-ba65-4d04-be04-c760678eb620         Host Application = C:\Windows\System32\WindowsPowerShell\v1.0\powershell.exe -NoProfile -ExecutionPolicy Bypass -Command Import-Module 'c:\Users\yaswa\.vscode\extensions\ms-vscode.powershell-2025.4.0\modules\PowerShellEditorServices\PowerShellEditorServices.psd1'; Start-EditorServices -HostName 'Visual Studio Code Host' -HostProfileId 'Microsoft.VSCode' -HostVersion '2025.4.0' -BundledModulesPath 'c:\Users\yaswa\.vscode\extensions\ms-vscode.powershell-2025.4.0\modules' -EnableConsoleRepl -StartupBanner ""PowerShell Extension v2025.4.0 Copyright (c) Microsoft Corporation.  https://aka.ms/vscode-powershell Type 'help' to get help. "" -LogLevel 'Warning' -LogPath 'c:\Users\yaswa\AppData\Roaming\Code\logs\20260730T121325\window3\exthost\ms-vscode.powershell' -SessionDetailsPath 'c:\Users\yaswa\AppData\Roaming\Code\User\globalStorage\ms-vscode.powershell\sessions\PSES-VSCode-20148-876616.json' -FeatureFlags @()          Engine Version = 5.1.26100.8875         Runspace ID = b2b9c8f5-1f0c-4928-af6e-269b2c2642ba         Pipeline ID = 18         Command Name = Get-WinEvent         Command Type = Cmdlet         Script Name = C:\Users\yaswa\Desktop\Dissertation\Project Artifact\Automation_Script\Collect-WinEventLogs.ps1         Command Path =          Sequence Number = 129         User = LAPTOP-8SM7PKPU\yaswa         Connected User =          Shell ID = Microsoft.PowerShell   User Data:  "
"2026-08-02T10:58:14.647Z","4209","4100","Microsoft-Windows-PowerShell/Operational","Microsoft-Windows-PowerShell","Warning","LAPTOP-8SM7PKPU","S-1-5-21-3119828605-3733597828-3599172180-1001","{""ContextInfo"":""        Severity = Warning\n        Host Name = Visual Studio Code Host\n        Host Version = 2025.4.0\n        Host ID = eba7ad3a-ba65-4d04-be04-c760678eb620\n        Host Application = C:\\Windows\\System32\\WindowsPowerShell\\v1.0\\powershell.exe -NoProfile -ExecutionPolicy Bypass -Command Import-Module \u0027c:\\Users\\yaswa\\.vscode\\extensions\\ms-vscode.powershell-2025.4.0\\modules\\PowerShellEditorServices\\PowerShellEditorServices.psd1\u0027; Start-EditorServices -HostName \u0027Visual Studio Code Host\u0027 -HostProfileId \u0027Microsoft.VSCode\u0027 -HostVersion \u00272025.4.0\u0027 -BundledModulesPath \u0027c:\\Users\\yaswa\\.vscode\\extensions\\ms-vscode.powershell-2025.4.0\\modules\u0027 -EnableConsoleRepl -StartupBanner \""PowerShell Extension v2025.4.0\nCopyright (c) Microsoft Corporation.\n\nhttps://aka.ms/vscode-powershell\nType \u0027help\u0027 to get help.\n\"" -LogLevel \u0027Warning\u0027 -LogPath \u0027c:\\Users\\yaswa\\AppData\\Roaming\\Code\\logs\\20260730T121325\\window3\\exthost\\ms-vscode.powershell\u0027 -SessionDetailsPath \u0027c:\\Users\\yaswa\\AppData\\Roaming\\Code\\User\\globalStorage\\ms-vscode.powershell\\sessions\\PSES-VSCode-20148-876616.json\u0027 -FeatureFlags @() \n        Engine Version = 5.1.26100.8875\n        Runspace ID = b2b9c8f5-1f0c-4928-af6e-269b2c2642ba\n        Pipeline ID = 18\n        Command Name = Get-WinEvent\n        Command Type = Cmdlet\n        Script Name = C:\\Users\\yaswa\\Desktop\\Dissertation\\Project Artifact\\Automation_Script\\Collect-WinEventLogs.ps1\n        Command Path = \n        Sequence Number = 128\n        User = LAPTOP-8SM7PKPU\\yaswa\n        Connected User = \n        Shell ID = Microsoft.PowerShell\n"",""Payload"":""Error Message = The running command stopped because the preference variable \""ErrorActionPreference\"" or common parameter is set to Stop: No events were found that match the specified selection criteria.\nFully Qualified Error ID = NoMatchingEventsFound,Microsoft.PowerShell.Commands.GetWinEventCommand\n"",""UserData"":""""}","Error Message = The running command stopped because the preference variable ""ErrorActionPreference"" or common parameter is set to Stop: No events were found that match the specified selection criteria. Fully Qualified Error ID = NoMatchingEventsFound,Microsoft.PowerShell.Commands.GetWinEventCommand   Context:         Severity = Warning         Host Name = Visual Studio Code Host         Host Version = 2025.4.0         Host ID = eba7ad3a-ba65-4d04-be04-c760678eb620         Host Application = C:\Windows\System32\WindowsPowerShell\v1.0\powershell.exe -NoProfile -ExecutionPolicy Bypass -Command Import-Module 'c:\Users\yaswa\.vscode\extensions\ms-vscode.powershell-2025.4.0\modules\PowerShellEditorServices\PowerShellEditorServices.psd1'; Start-EditorServices -HostName 'Visual Studio Code Host' -HostProfileId 'Microsoft.VSCode' -HostVersion '2025.4.0' -BundledModulesPath 'c:\Users\yaswa\.vscode\extensions\ms-vscode.powershell-2025.4.0\modules' -EnableConsoleRepl -StartupBanner ""PowerShell Extension v2025.4.0 Copyright (c) Microsoft Corporation.  https://aka.ms/vscode-powershell Type 'help' to get help. "" -LogLevel 'Warning' -LogPath 'c:\Users\yaswa\AppData\Roaming\Code\logs\20260730T121325\window3\exthost\ms-vscode.powershell' -SessionDetailsPath 'c:\Users\yaswa\AppData\Roaming\Code\User\globalStorage\ms-vscode.powershell\sessions\PSES-VSCode-20148-876616.json' -FeatureFlags @()          Engine Version = 5.1.26100.8875         Runspace ID = b2b9c8f5-1f0c-4928-af6e-269b2c2642ba         Pipeline ID = 18         Command Name = Get-WinEvent         Command Type = Cmdlet         Script Name = C:\Users\yaswa\Desktop\Dissertation\Project Artifact\Automation_Script\Collect-WinEventLogs.ps1         Command Path =          Sequence Number = 128         User = LAPTOP-8SM7PKPU\yaswa         Connected User =          Shell ID = Microsoft.PowerShell   User Data:  "
"2026-08-02T10:58:09.723Z","4208","4100","Microsoft-Windows-PowerShell/Operational","Microsoft-Windows-PowerShell","Warning","LAPTOP-8SM7PKPU","S-1-5-21-3119828605-3733597828-3599172180-1001","{""ContextInfo"":""        Severity = Warning\n        Host Name = Visual Studio Code Host\n        Host Version = 2025.4.0\n        Host ID = eba7ad3a-ba65-4d04-be04-c760678eb620\n        Host Application = C:\\Windows\\System32\\WindowsPowerShell\\v1.0\\powershell.exe -NoProfile -ExecutionPolicy Bypass -Command Import-Module \u0027c:\\Users\\yaswa\\.vscode\\extensions\\ms-vscode.powershell-2025.4.0\\modules\\PowerShellEditorServices\\PowerShellEditorServices.psd1\u0027; Start-EditorServices -HostName \u0027Visual Studio Code Host\u0027 -HostProfileId \u0027Microsoft.VSCode\u0027 -HostVersion \u00272025.4.0\u0027 -BundledModulesPath \u0027c:\\Users\\yaswa\\.vscode\\extensions\\ms-vscode.powershell-2025.4.0\\modules\u0027 -EnableConsoleRepl -StartupBanner \""PowerShell Extension v2025.4.0\nCopyright (c) Microsoft Corporation.\n\nhttps://aka.ms/vscode-powershell\nType \u0027help\u0027 to get help.\n\"" -LogLevel \u0027Warning\u0027 -LogPath \u0027c:\\Users\\yaswa\\AppData\\Roaming\\Code\\logs\\20260730T121325\\window3\\exthost\\ms-vscode.powershell\u0027 -SessionDetailsPath \u0027c:\\Users\\yaswa\\AppData\\Roaming\\Code\\User\\globalStorage\\ms-vscode.powershell\\sessions\\PSES-VSCode-20148-876616.json\u0027 -FeatureFlags @() \n        Engine Version = 5.1.26100.8875\n        Runspace ID = b2b9c8f5-1f0c-4928-af6e-269b2c2642ba\n        Pipeline ID = 18\n        Command Name = Get-WinEvent\n        Command Type = Cmdlet\n        Script Name = C:\\Users\\yaswa\\Desktop\\Dissertation\\Project Artifact\\Automation_Script\\Collect-WinEventLogs.ps1\n        Command Path = \n        Sequence Number = 127\n        User = LAPTOP-8SM7PKPU\\yaswa\n        Connected User = \n        Shell ID = Microsoft.PowerShell\n"",""Payload"":""Error Message = The running command stopped because the preference variable \""ErrorActionPreference\"" or common parameter is set to Stop: There is not an event log on the localhost computer that matches \""Microsoft-Windows-Sysmon/Operational\"".\nFully Qualified Error ID = NoMatchingLogsFound,Microsoft.PowerShell.Commands.GetWinEventCommand\n"",""UserData"":""""}","Error Message = The running command stopped because the preference variable ""ErrorActionPreference"" or common parameter is set to Stop: There is not an event log on the localhost computer that matches ""Microsoft-Windows-Sysmon/Operational"". Fully Qualified Error ID = NoMatchingLogsFound,Microsoft.PowerShell.Commands.GetWinEventCommand   Context:         Severity = Warning         Host Name = Visual Studio Code Host         Host Version = 2025.4.0         Host ID = eba7ad3a-ba65-4d04-be04-c760678eb620         Host Application = C:\Windows\System32\WindowsPowerShell\v1.0\powershell.exe -NoProfile -ExecutionPolicy Bypass -Command Import-Module 'c:\Users\yaswa\.vscode\extensions\ms-vscode.powershell-2025.4.0\modules\PowerShellEditorServices\PowerShellEditorServices.psd1'; Start-EditorServices -HostName 'Visual Studio Code Host' -HostProfileId 'Microsoft.VSCode' -HostVersion '2025.4.0' -BundledModulesPath 'c:\Users\yaswa\.vscode\extensions\ms-vscode.powershell-2025.4.0\modules' -EnableConsoleRepl -StartupBanner ""PowerShell Extension v2025.4.0 Copyright (c) Microsoft Corporation.  https://aka.ms/vscode-powershell Type 'help' to get help. "" -LogLevel 'Warning' -LogPath 'c:\Users\yaswa\AppData\Roaming\Code\logs\20260730T121325\window3\exthost\ms-vscode.powershell' -SessionDetailsPath 'c:\Users\yaswa\AppData\Roaming\Code\User\globalStorage\ms-vscode.powershell\sessions\PSES-VSCode-20148-876616.json' -FeatureFlags @()          Engine Version = 5.1.26100.8875         Runspace ID = b2b9c8f5-1f0c-4928-af6e-269b2c2642ba         Pipeline ID = 18         Command Name = Get-WinEvent         Command Type = Cmdlet         Script Name = C:\Users\yaswa\Desktop\Dissertation\Project Artifact\Automation_Script\Collect-WinEventLogs.ps1         Command Path =          Sequence Number = 127         User = LAPTOP-8SM7PKPU\yaswa         Connected User =          Shell ID = Microsoft.PowerShell   User Data:  "
"2026-08-02T10:58:08.552Z","4207","4100","Microsoft-Windows-PowerShell/Operational","Microsoft-Windows-PowerShell","Warning","LAPTOP-8SM7PKPU","S-1-5-21-3119828605-3733597828-3599172180-1001","{""ContextInfo"":""        Severity = Warning\n        Host Name = Visual Studio Code Host\n        Host Version = 2025.4.0\n        Host ID = eba7ad3a-ba65-4d04-be04-c760678eb620\n        Host Application = C:\\Windows\\System32\\WindowsPowerShell\\v1.0\\powershell.exe -NoProfile -ExecutionPolicy Bypass -Command Import-Module \u0027c:\\Users\\yaswa\\.vscode\\extensions\\ms-vscode.powershell-2025.4.0\\modules\\PowerShellEditorServices\\PowerShellEditorServices.psd1\u0027; Start-EditorServices -HostName \u0027Visual Studio Code Host\u0027 -HostProfileId \u0027Microsoft.VSCode\u0027 -HostVersion \u00272025.4.0\u0027 -BundledModulesPath \u0027c:\\Users\\yaswa\\.vscode\\extensions\\ms-vscode.powershell-2025.4.0\\modules\u0027 -EnableConsoleRepl -StartupBanner \""PowerShell Extension v2025.4.0\nCopyright (c) Microsoft Corporation.\n\nhttps://aka.ms/vscode-powershell\nType \u0027help\u0027 to get help.\n\"" -LogLevel \u0027Warning\u0027 -LogPath \u0027c:\\Users\\yaswa\\AppData\\Roaming\\Code\\logs\\20260730T121325\\window3\\exthost\\ms-vscode.powershell\u0027 -SessionDetailsPath \u0027c:\\Users\\yaswa\\AppData\\Roaming\\Code\\User\\globalStorage\\ms-vscode.powershell\\sessions\\PSES-VSCode-20148-876616.json\u0027 -FeatureFlags @() \n        Engine Version = 5.1.26100.8875\n        Runspace ID = b2b9c8f5-1f0c-4928-af6e-269b2c2642ba\n        Pipeline ID = 18\n        Command Name = Get-WinEvent\n        Command Type = Cmdlet\n        Script Name = C:\\Users\\yaswa\\Desktop\\Dissertation\\Project Artifact\\Automation_Script\\Collect-WinEventLogs.ps1\n        Command Path = \n        Sequence Number = 126\n        User = LAPTOP-8SM7PKPU\\yaswa\n        Connected User = \n        Shell ID = Microsoft.PowerShell\n"",""Payload"":""Error Message = The running command stopped because the preference variable \""ErrorActionPreference\"" or common parameter is set to Stop: Could not retrieve information about the Security log. Error: Attempted to perform an unauthorized operation..\nFully Qualified Error ID = LogInfoUnavailable,Microsoft.PowerShell.Commands.GetWinEventCommand\n"",""UserData"":""""}","Error Message = The running command stopped because the preference variable ""ErrorActionPreference"" or common parameter is set to Stop: Could not retrieve information about the Security log. Error: Attempted to perform an unauthorized operation.. Fully Qualified Error ID = LogInfoUnavailable,Microsoft.PowerShell.Commands.GetWinEventCommand   Context:         Severity = Warning         Host Name = Visual Studio Code Host         Host Version = 2025.4.0         Host ID = eba7ad3a-ba65-4d04-be04-c760678eb620         Host Application = C:\Windows\System32\WindowsPowerShell\v1.0\powershell.exe -NoProfile -ExecutionPolicy Bypass -Command Import-Module 'c:\Users\yaswa\.vscode\extensions\ms-vscode.powershell-2025.4.0\modules\PowerShellEditorServices\PowerShellEditorServices.psd1'; Start-EditorServices -HostName 'Visual Studio Code Host' -HostProfileId 'Microsoft.VSCode' -HostVersion '2025.4.0' -BundledModulesPath 'c:\Users\yaswa\.vscode\extensions\ms-vscode.powershell-2025.4.0\modules' -EnableConsoleRepl -StartupBanner ""PowerShell Extension v2025.4.0 Copyright (c) Microsoft Corporation.  https://aka.ms/vscode-powershell Type 'help' to get help. "" -LogLevel 'Warning' -LogPath 'c:\Users\yaswa\AppData\Roaming\Code\logs\20260730T121325\window3\exthost\ms-vscode.powershell' -SessionDetailsPath 'c:\Users\yaswa\AppData\Roaming\Code\User\globalStorage\ms-vscode.powershell\sessions\PSES-VSCode-20148-876616.json' -FeatureFlags @()          Engine Version = 5.1.26100.8875         Runspace ID = b2b9c8f5-1f0c-4928-af6e-269b2c2642ba         Pipeline ID = 18         Command Name = Get-WinEvent         Command Type = Cmdlet         Script Name = C:\Users\yaswa\Desktop\Dissertation\Project Artifact\Automation_Script\Collect-WinEventLogs.ps1         Command Path =          Sequence Number = 126         User = LAPTOP-8SM7PKPU\yaswa         Connected User =          Shell ID = Microsoft.PowerShell   User Data:  "
"2026-08-02T10:58:02.782Z","4206","4103","Microsoft-Windows-PowerShell/Operational","Microsoft-Windows-PowerShell","Information","LAPTOP-8SM7PKPU","S-1-5-21-3119828605-3733597828-3599172180-1001","{""ContextInfo"":""        Severity = Informational\n        Host Name = Default Host\n        Host Version = 5.1.26100.8875\n        Host ID = 163bc22f-a12c-49f8-9d09-883f98b20a99\n        Host Application = C:\\Windows\\System32\\WindowsPowerShell\\v1.0\\powershell.exe -NoProfile -ExecutionPolicy Bypass -Command Import-Module \u0027c:\\Users\\yaswa\\.vscode\\extensions\\ms-vscode.powershell-2025.4.0\\modules\\PowerShellEditorServices\\PowerShellEditorServices.psd1\u0027; Start-EditorServices -HostName \u0027Visual Studio Code Host\u0027 -HostProfileId \u0027Microsoft.VSCode\u0027 -HostVersion \u00272025.4.0\u0027 -BundledModulesPath \u0027c:\\Users\\yaswa\\.vscode\\extensions\\ms-vscode.powershell-2025.4.0\\modules\u0027 -EnableConsoleRepl -StartupBanner \""PowerShell Extension v2025.4.0\nCopyright (c) Microsoft Corporation.\n\nhttps://aka.ms/vscode-powershell\nType \u0027help\u0027 to get help.\n\"" -LogLevel \u0027Warning\u0027 -LogPath \u0027c:\\Users\\yaswa\\AppData\\Roaming\\Code\\logs\\20260730T121325\\window3\\exthost\\ms-vscode.powershell\u0027 -SessionDetailsPath \u0027c:\\Users\\yaswa\\AppData\\Roaming\\Code\\User\\globalStorage\\ms-vscode.powershell\\sessions\\PSES-VSCode-20148-876616.json\u0027 -FeatureFlags @() \n        Engine Version = 5.1.26100.8875\n        Runspace ID = 1f2a5821-eee4-49ae-a704-d621f04e032d\n        Pipeline ID = 1\n        Command Name = Add-Type\n        Command Type = Cmdlet\n        Script Name = C:\\Users\\yaswa\\.vscode\\extensions\\ms-vscode.powershell-2025.4.0\\modules\\PSScriptAnalyzer\\1.24.0\\PSScriptAnalyzer.psm1\n        Command Path = \n        Sequence Number = 89\n        User = LAPTOP-8SM7PKPU\\yaswa\n        Connected User = \n        Shell ID = Microsoft.PowerShell\n"",""Payload"":""CommandInvocation(Add-Type): \""Add-Type\""\nParameterBinding(Add-Type): name=\""Path\""; value=\""C:\\Users\\yaswa\\.vscode\\extensions\\ms-vscode.powershell-2025.4.0\\modules\\PSScriptAnalyzer\\1.24.0/Newtonsoft.Json.dll\""\n"",""UserData"":""""}","CommandInvocation(Add-Type): ""Add-Type"" ParameterBinding(Add-Type): name=""Path""; value=""C:\Users\yaswa\.vscode\extensions\ms-vscode.powershell-2025.4.0\modules\PSScriptAnalyzer\1.24.0/Newtonsoft.Json.dll""   Context:         Severity = Informational         Host Name = Default Host         Host Version = 5.1.26100.8875         Host ID = 163bc22f-a12c-49f8-9d09-883f98b20a99         Host Application = C:\Windows\System32\WindowsPowerShell\v1.0\powershell.exe -NoProfile -ExecutionPolicy Bypass -Command Import-Module 'c:\Users\yaswa\.vscode\extensions\ms-vscode.powershell-2025.4.0\modules\PowerShellEditorServices\PowerShellEditorServices.psd1'; Start-EditorServices -HostName 'Visual Studio Code Host' -HostProfileId 'Microsoft.VSCode' -HostVersion '2025.4.0' -BundledModulesPath 'c:\Users\yaswa\.vscode\extensions\ms-vscode.powershell-2025.4.0\modules' -EnableConsoleRepl -StartupBanner ""PowerShell Extension v2025.4.0 Copyright (c) Microsoft Corporation.  https://aka.ms/vscode-powershell Type 'help' to get help. "" -LogLevel 'Warning' -LogPath 'c:\Users\yaswa\AppData\Roaming\Code\logs\20260730T121325\window3\exthost\ms-vscode.powershell' -SessionDetailsPath 'c:\Users\yaswa\AppData\Roaming\Code\User\globalStorage\ms-vscode.powershell\sessions\PSES-VSCode-20148-876616.json' -FeatureFlags @()          Engine Version = 5.1.26100.8875         Runspace ID = 1f2a5821-eee4-49ae-a704-d621f04e032d         Pipeline ID = 1         Command Name = Add-Type         Command Type = Cmdlet         Script Name = C:\Users\yaswa\.vscode\extensions\ms-vscode.powershell-2025.4.0\modules\PSScriptAnalyzer\1.24.0\PSScriptAnalyzer.psm1         Command Path =          Sequence Number = 89         User = LAPTOP-8SM7PKPU\yaswa         Connected User =          Shell ID = Microsoft.PowerShell   User Data:  "
"2026-08-02T10:58:02.709Z","4205","4104","Microsoft-Windows-PowerShell/Operational","Microsoft-Windows-PowerShell","Warning","LAPTOP-8SM7PKPU","S-1-5-21-3119828605-3733597828-3599172180-1001","{""MessageNumber"":""1"",""MessageTotal"":""1"",""ScriptBlockText"":""#\n# Script module for module \u0027PSScriptAnalyzer\u0027\n#\nSet-StrictMode -Version Latest\n\n# Set up some helper variables to make it easier to work with the module\n$PSModule = $ExecutionContext.SessionState.Module\n$PSModuleRoot = $PSModule.ModuleBase\n\n# Import the appropriate nested binary module based on the current PowerShell version\n$binaryModuleRoot = $PSModuleRoot\n[Version] $minimumPowerShellCoreVersion = \u00277.2.11\u0027\nif ($PSVersionTable.PSVersion.Major -ge 6) {\n    $binaryModuleRoot = Join-Path -Path $PSModuleRoot -ChildPath \""PSv$($PSVersionTable.PSVersion.Major)\""\n    # Minimum PowerShell Core version given by PowerShell Core support itself and\n    # the version of Nuget references, such as e.g. Newtonsoft.Json inside PowerShell itself\n    # or the version of the System.Management.Automation NuGet reference in PSSA.\n\n    if ($PSVersionTable.PSVersion -lt $minimumPowerShellCoreVersion) {\n        throw \""Minimum supported version of PSScriptAnalyzer for PowerShell Core is $minimumPowerShellCoreVersion but current version is \u0027$($PSVersionTable.PSVersion)\u0027. Please update PowerShell Core.\""\n    }\n}\nelseif ($PSVersionTable.PSVersion.Major -eq 5) {\n    # Without this, PSSA tries to load this from $PSHome\n    Add-Type -Path \""$PSScriptRoot/Newtonsoft.Json.dll\""\n}\nelseif ($PSVersionTable.PSVersion.Major -le 4) {\n    $binaryModuleRoot = Join-Path -Path $PSModuleRoot -ChildPath \""PSv$($PSVersionTable.PSVersion.Major)\""\n    # Without this, PSSA tries to load this from $PSHome\n    Add-Type -Path \""$binaryModuleRoot/Newtonsoft.Json.dll\""\n}\n\n$binaryModulePath = Join-Path -Path $binaryModuleRoot -ChildPath \u0027Microsoft.Windows.PowerShell.ScriptAnalyzer.dll\u0027\n$binaryModule = Import-Module -Name $binaryModulePath -PassThru\n\n# When the module is unloaded, remove the nested binary module that was loaded with it\n$PSModule.OnRemove = {\n    Remove-Module -ModuleInfo $binaryModule\n}\n\nif (Get-Command Register-ArgumentCompleter -ErrorAction Ignore) {\n    $settingPresetCompleter = {\n        param($commandName, $parameterName, $wordToComplete, $commandAst, $fakeBoundParmeter)\n\n        [Microsoft.Windows.PowerShell.ScriptAnalyzer.Settings]::GetSettingPresets() | `\n            Where-Object {$_ -like \""$wordToComplete*\""} | `\n            ForEach-Object { New-Object System.Management.Automation.CompletionResult $_ }\n    }\n\n    @(\u0027Invoke-ScriptAnalyzer\u0027, \u0027Invoke-Formatter\u0027) | ForEach-Object {\n        Register-ArgumentCompleter -CommandName $_ `\n            -ParameterName \u0027Settings\u0027 `\n            -ScriptBlock $settingPresetCompleter\n\n    }\n\n    Function RuleNameCompleter {\n        param($commandName, $parameterName, $wordToComplete, $commandAst, $fakeBoundParmeter)\n\n        Get-ScriptAnalyzerRule *$wordToComplete* | `\n            ForEach-Object { New-Object System.Management.Automation.CompletionResult $_.RuleName }\n    }\n\n    Register-ArgumentCompleter -CommandName \u0027Invoke-ScriptAnalyzer\u0027 -ParameterName \u0027IncludeRule\u0027 -ScriptBlock $Function:RuleNameCompleter\n    Register-ArgumentCompleter -CommandName \u0027Invoke-ScriptAnalyzer\u0027 -ParameterName \u0027ExcludeRule\u0027 -ScriptBlock $Function:RuleNameCompleter\n    Register-ArgumentCompleter -CommandName \u0027Get-ScriptAnalyzerRule\u0027 -ParameterName \u0027Name\u0027 -ScriptBlock $Function:RuleNameCompleter\n}\n\n# SIG # Begin signature block\n# MIIoLQYJKoZIhvcNAQcCoIIoHjCCKBoCAQExDzANBglghkgBZQMEAgEFADB5Bgor\n# BgEEAYI3AgEEoGswaTA0BgorBgEEAYI3AgEeMCYCAwEAAAQQH8w7YFlLCE63JNLG\n# KX7zUQIBAAIBAAIBAAIBAAIBADAxMA0GCWCGSAFlAwQCAQUABCAXrobmdoZK5T1Q\n# wwwGoeR7W75TB1KXzgCIN6QWK8BYLaCCDXYwggX0MIID3KADAgECAhMzAAAEhV6Z\n# 7A5ZL83XAAAAAASFMA0GCSqGSIb3DQEBCwUAMH4xCzAJBgNVBAYTAlVTMRMwEQYD\n# VQQIEwpXYXNoaW5ndG9uMRAwDgYDVQQHEwdSZWRtb25kMR4wHAYDVQQKExVNaWNy\n# b3NvZnQgQ29ycG9yYXRpb24xKDAmBgNVBAMTH01pY3Jvc29mdCBDb2RlIFNpZ25p\n# bmcgUENBIDIwMTEwHhcNMjUwNjE5MTgyMTM3WhcNMjYwNjE3MTgyMTM3WjB0MQsw\n# CQYDVQQGEwJVUzETMBEGA1UECBMKV2FzaGluZ3RvbjEQMA4GA1UEBxMHUmVkbW9u\n# ZDEeMBwGA1UEChMVTWljcm9zb2Z0IENvcnBvcmF0aW9uMR4wHAYDVQQDExVNaWNy\n# b3NvZnQgQ29ycG9yYXRpb24wggEiMA0GCSqGSIb3DQEBAQUAA4IBDwAwggEKAoIB\n# AQDASkh1cpvuUqfbqxele7LCSHEamVNBfFE4uY1FkGsAdUF/vnjpE1dnAD9vMOqy\n# 5ZO49ILhP4jiP/P2Pn9ao+5TDtKmcQ+pZdzbG7t43yRXJC3nXvTGQroodPi9USQi\n# 9rI+0gwuXRKBII7L+k3kMkKLmFrsWUjzgXVCLYa6ZH7BCALAcJWZTwWPoiT4HpqQ\n# hJcYLB7pfetAVCeBEVZD8itKQ6QA5/LQR+9X6dlSj4Vxta4JnpxvgSrkjXCz+tlJ\n# 67ABZ551lw23RWU1uyfgCfEFhBfiyPR2WSjskPl9ap6qrf8fNQ1sGYun2p4JdXxe\n# UAKf1hVa/3TQXjvPTiRXCnJPAgMBAAGjggFzMIIBbzAfBgNVHSUEGDAWBgorBgEE\n# AYI3TAgBBggrBgEFBQcDAzAdBgNVHQ4EFgQUuCZyGiCuLYE0aU7j5TFqY05kko0w\n# RQYDVR0RBD4wPKQ6MDgxHjAcBgNVBAsTFU1pY3Jvc29mdCBDb3Jwb3JhdGlvbjEW\n# MBQGA1UEBRMNMjMwMDEyKzUwNTM1OTAfBgNVHSMEGDAWgBRIbmTlUAXTgqoXNzci\n# tW2oynUClTBUBgNVHR8ETTBLMEmgR6BFhkNodHRwOi8vd3d3Lm1pY3Jvc29mdC5j\n# b20vcGtpb3BzL2NybC9NaWNDb2RTaWdQQ0EyMDExXzIwMTEtMDctMDguY3JsMGEG\n# CCsGAQUFBwEBBFUwUzBRBggrBgEFBQcwAoZFaHR0cDovL3d3dy5taWNyb3NvZnQu\n# Y29tL3BraW9wcy9jZXJ0cy9NaWNDb2RTaWdQQ0EyMDExXzIwMTEtMDctMDguY3J0\n# MAwGA1UdEwEB/wQCMAAwDQYJKoZIhvcNAQELBQADggIBACjmqAp2Ci4sTHZci+qk\n# tEAKsFk5HNVGKyWR2rFGXsd7cggZ04H5U4SV0fAL6fOE9dLvt4I7HBHLhpGdE5Uj\n# Ly4NxLTG2bDAkeAVmxmd2uKWVGKym1aarDxXfv3GCN4mRX+Pn4c+py3S/6Kkt5eS\n# DAIIsrzKw3Kh2SW1hCwXX/k1v4b+NH1Fjl+i/xPJspXCFuZB4aC5FLT5fgbRKqns\n# WeAdn8DsrYQhT3QXLt6Nv3/dMzv7G/Cdpbdcoul8FYl+t3dmXM+SIClC3l2ae0wO\n# lNrQ42yQEycuPU5OoqLT85jsZ7+4CaScfFINlO7l7Y7r/xauqHbSPQ1r3oIC+e71\n# 5s2G3ClZa3y99aYx2lnXYe1srcrIx8NAXTViiypXVn9ZGmEkfNcfDiqGQwkml5z9\n# nm3pWiBZ69adaBBbAFEjyJG4y0a76bel/4sDCVvaZzLM3TFbxVO9BQrjZRtbJZbk\n# C3XArpLqZSfx53SuYdddxPX8pvcqFuEu8wcUeD05t9xNbJ4TtdAECJlEi0vvBxlm\n# M5tzFXy2qZeqPMXHSQYqPgZ9jvScZ6NwznFD0+33kbzyhOSz/WuGbAu4cHZG8gKn\n# lQVT4uA2Diex9DMs2WHiokNknYlLoUeWXW1QrJLpqO82TLyKTbBM/oZHAdIc0kzo\n# STro9b3+vjn2809D0+SOOCVZMIIHejCCBWKgAwIBAgIKYQ6Q0gAAAAAAAzANBgkq\n# hkiG9w0BAQsFADCBiDELMAkGA1UEBhMCVVMxEzARBgNVBAgTCldhc2hpbmd0b24x\n# EDAOBgNVBAcTB1JlZG1vbmQxHjAcBgNVBAoTFU1pY3Jvc29mdCBDb3Jwb3JhdGlv\n# bjEyMDAGA1UEAxMpTWljcm9zb2Z0IFJvb3QgQ2VydGlmaWNhdGUgQXV0aG9yaXR5\n# IDIwMTEwHhcNMTEwNzA4MjA1OTA5WhcNMjYwNzA4MjEwOTA5WjB+MQswCQYDVQQG\n# EwJVUzETMBEGA1UECBMKV2FzaGluZ3RvbjEQMA4GA1UEBxMHUmVkbW9uZDEeMBwG\n# A1UEChMVTWljcm9zb2Z0IENvcnBvcmF0aW9uMSgwJgYDVQQDEx9NaWNyb3NvZnQg\n# Q29kZSBTaWduaW5nIFBDQSAyMDExMIICIjANBgkqhkiG9w0BAQEFAAOCAg8AMIIC\n# CgKCAgEAq/D6chAcLq3YbqqCEE00uvK2WCGfQhsqa+laUKq4BjgaBEm6f8MMHt03\n# a8YS2AvwOMKZBrDIOdUBFDFC04kNeWSHfpRgJGyvnkmc6Whe0t+bU7IKLMOv2akr\n# rnoJr9eWWcpgGgXpZnboMlImEi/nqwhQz7NEt13YxC4Ddato88tt8zpcoRb0Rrrg\n# OGSsbmQ1eKagYw8t00CT+OPeBw3VXHmlSSnnDb6gE3e+lD3v++MrWhAfTVYoonpy\n# 4BI6t0le2O3tQ5GD2Xuye4Yb2T6xjF3oiU+EGvKhL1nkkDstrjNYxbc+/jLTswM9\n# sbKvkjh+0p2ALPVOVpEhNSXDOW5kf1O6nA+tGSOEy/S6A4aN91/w0FK/jJSHvMAh\n# dCVfGCi2zCcoOCWYOUo2z3yxkq4cI6epZuxhH2rhKEmdX4jiJV3TIUs+UsS1Vz8k\n# A/DRelsv1SPjcF0PUUZ3s/gA4bysAoJf28AVs70b1FVL5zmhD+kjSbwYuER8ReTB\n# w3J64HLnJN+/RpnF78IcV9uDjexNSTCnq47f7Fufr/zdsGbiwZeBe+3W7UvnSSmn\n# Eyimp31ngOaKYnhfsi+E11ecXL93KCjx7W3DKI8sj0A3T8HhhUSJxAlMxdSlQy90\n# lfdu+HggWCwTXWCVmj5PM4TasIgX3p5O9JawvEagbJjS4NaIjAsCAwEAAaOCAe0w\n# ggHpMBAGCSsGAQQBgjcVAQQDAgEAMB0GA1UdDgQWBBRIbmTlUAXTgqoXNzcitW2o\n# ynUClTAZBgkrBgEEAYI3FAIEDB4KAFMAdQBiAEMAQTALBgNVHQ8EBAMCAYYwDwYD\n# VR0TAQH/BAUwAwEB/zAfBgNVHSMEGDAWgBRyLToCMZBDuRQFTuHqp8cx0SOJNDBa\n# BgNVHR8EUzBRME+gTaBLhklodHRwOi8vY3JsLm1pY3Jvc29mdC5jb20vcGtpL2Ny\n# bC9wcm9kdWN0cy9NaWNSb29DZXJBdXQyMDExXzIwMTFfMDNfMjIuY3JsMF4GCCsG\n# AQUFBwEBBFIwUDBOBggrBgEFBQcwAoZCaHR0cDovL3d3dy5taWNyb3NvZnQuY29t\n# L3BraS9jZXJ0cy9NaWNSb29DZXJBdXQyMDExXzIwMTFfMDNfMjIuY3J0MIGfBgNV\n# HSAEgZcwgZQwgZEGCSsGAQQBgjcuAzCBgzA/BggrBgEFBQcCARYzaHR0cDovL3d3\n# dy5taWNyb3NvZnQuY29tL3BraW9wcy9kb2NzL3ByaW1hcnljcHMuaHRtMEAGCCsG\n# AQUFBwICMDQeMiAdAEwAZQBnAGEAbABfAHAAbwBsAGkAYwB5AF8AcwB0AGEAdABl\n# AG0AZQBuAHQALiAdMA0GCSqGSIb3DQEBCwUAA4ICAQBn8oalmOBUeRou09h0ZyKb\n# C5YR4WOSmUKWfdJ5DJDBZV8uLD74w3LRbYP+vj/oCso7v0epo/Np22O/IjWll11l\n# hJB9i0ZQVdgMknzSGksc8zxCi1LQsP1r4z4HLimb5j0bpdS1HXeUOeLpZMlEPXh6\n# I/MTfaaQdION9MsmAkYqwooQu6SpBQyb7Wj6aC6VoCo/KmtYSWMfCWluWpiW5IP0\n# wI/zRive/DvQvTXvbiWu5a8n7dDd8w6vmSiXmE0OPQvyCInWH8MyGOLwxS3OW560\n# STkKxgrCxq2u5bLZ2xWIUUVYODJxJxp/sfQn+N4sOiBpmLJZiWhub6e3dMNABQam\n# ASooPoI/E01mC8CzTfXhj38cbxV9Rad25UAqZaPDXVJihsMdYzaXht/a8/jyFqGa\n# J+HNpZfQ7l1jQeNbB5yHPgZ3BtEGsXUfFL5hYbXw3MYbBL7fQccOKO7eZS/sl/ah\n# XJbYANahRr1Z85elCUtIEJmAH9AAKcWxm6U/RXceNcbSoqKfenoi+kiVH6v7RyOA\n# 9Z74v2u3S5fi63V4GuzqN5l5GEv/1rMjaHXmr/r8i+sLgOppO6/8MO0ETI7f33Vt\n# Y5E90Z1WTk+/gFcioXgRMiF670EKsT/7qMykXcGhiJtXcVZOSEXAQsmbdlsKgEhr\n# /Xmfwb1tbWrJUnMTDXpQzTGCGg0wghoJAgEBMIGVMH4xCzAJBgNVBAYTAlVTMRMw\n# EQYDVQQIEwpXYXNoaW5ndG9uMRAwDgYDVQQHEwdSZWRtb25kMR4wHAYDVQQKExVN\n# aWNyb3NvZnQgQ29ycG9yYXRpb24xKDAmBgNVBAMTH01pY3Jvc29mdCBDb2RlIFNp\n# Z25pbmcgUENBIDIwMTECEzMAAASFXpnsDlkvzdcAAAAABIUwDQYJYIZIAWUDBAIB\n# BQCgga4wGQYJKoZIhvcNAQkDMQwGCisGAQQBgjcCAQQwHAYKKwYBBAGCNwIBCzEO\n# MAwGCisGAQQBgjcCARUwLwYJKoZIhvcNAQkEMSIEIKGUs3+i0SdQ1ofQmiVeWJqF\n# B2WW00IAbzIERhjqpFS0MEIGCisGAQQBgjcCAQwxNDAyoBSAEgBNAGkAYwByAG8A\n# cwBvAGYAdKEagBhodHRwOi8vd3d3Lm1pY3Jvc29mdC5jb20wDQYJKoZIhvcNAQEB\n# BQAEggEANJMkj4rd2YMj1SsCG/EQ88PGBxyBJL/AF6646kfms1KA62GewwjZ9iQs\n# cjl+rwZcEAh+9oYtz+yBlizOJJxU/6VJMi0cm91L6w6h+R/7DheO3XD3LUOYY6z6\n# jDgUb8XElbLpN10z2BbwCD+rTQTZAvscFu2KFVVFlwaIOu2qRSFGlj1UjAVuCm1i\n# L7ffPJ3jliiiESYaef1PPuuqKK3jveFe/58s9Xlvo9O+XP2AgguMNiDJatXY/PfL\n# IeS5DwkLoLmupr9d3kx2L64xxlRW0tb51WHEoqL7lx1ueDcj2ZAANuel1fbw5AnP\n# fGDoClYqpitJM5Q/6ZS6ECV2FdQVDKGCF5cwgheTBgorBgEEAYI3AwMBMYIXgzCC\n# F38GCSqGSIb3DQEHAqCCF3AwghdsAgEDMQ8wDQYJYIZIAWUDBAIBBQAwggFSBgsq\n# hkiG9w0BCRABBKCCAUEEggE9MIIBOQIBAQYKKwYBBAGEWQoDATAxMA0GCWCGSAFl\n# AwQCAQUABCAIyinrCe/0J6XaML6btrrThewv2duwghjq+MoVwQGyHwIGaNr0gtJC\n# GBMyMDI1MTAwODE4MDQzMS44OTdaMASAAgH0oIHRpIHOMIHLMQswCQYDVQQGEwJV\n# UzETMBEGA1UECBMKV2FzaGluZ3RvbjEQMA4GA1UEBxMHUmVkbW9uZDEeMBwGA1UE\n# ChMVTWljcm9zb2Z0IENvcnBvcmF0aW9uMSUwIwYDVQQLExxNaWNyb3NvZnQgQW1l\n# cmljYSBPcGVyYXRpb25zMScwJQYDVQQLEx5uU2hpZWxkIFRTUyBFU046OTYwMC0w\n# NUUwLUQ5NDcxJTAjBgNVBAMTHE1pY3Jvc29mdCBUaW1lLVN0YW1wIFNlcnZpY2Wg\n# ghHtMIIHIDCCBQigAwIBAgITMwAAAgTY4A4HlzJYmAABAAACBDANBgkqhkiG9w0B\n# AQsFADB8MQswCQYDVQQGEwJVUzETMBEGA1UECBMKV2FzaGluZ3RvbjEQMA4GA1UE\n# BxMHUmVkbW9uZDEeMBwGA1UEChMVTWljcm9zb2Z0IENvcnBvcmF0aW9uMSYwJAYD\n# VQQDEx1NaWNyb3NvZnQgVGltZS1TdGFtcCBQQ0EgMjAxMDAeFw0yNTAxMzAxOTQy\n# NDdaFw0yNjA0MjIxOTQyNDdaMIHLMQswCQYDVQQGEwJVUzETMBEGA1UECBMKV2Fz\n# aGluZ3RvbjEQMA4GA1UEBxMHUmVkbW9uZDEeMBwGA1UEChMVTWljcm9zb2Z0IENv\n# cnBvcmF0aW9uMSUwIwYDVQQLExxNaWNyb3NvZnQgQW1lcmljYSBPcGVyYXRpb25z\n# MScwJQYDVQQLEx5uU2hpZWxkIFRTUyBFU046OTYwMC0wNUUwLUQ5NDcxJTAjBgNV\n# BAMTHE1pY3Jvc29mdCBUaW1lLVN0YW1wIFNlcnZpY2UwggIiMA0GCSqGSIb3DQEB\n# AQUAA4ICDwAwggIKAoICAQDw3Sbcee2d66vkWGTIXhfGqqgQGxQXTnq44XlUvNzF\n# St7ELtO4B939jwZFX7DrRt/4fpzGNkFdGpc7EL5S86qKYv360eXjW+fIv1lAqDD3\n# 1d/p8Ai9/AZz8M95zo0rDpK2csz9WAyR9FtUDx52VOs9qP3/pgpHvgUvD8s6/3KN\n# ITzms8QC1tJ3TMw1cRn9CZgVIYzw2iD/ZvOW0sbF/DRdgM8UdtxjFIKTXTaI/bJh\n# sQge3TwayKQ2j85RafFFVCR5/ChapkrBQWGwNFaPzpmYN46mPiOvUxriISC9nQ/G\n# rDXUJWzLDmchrmr2baABJevvw31UYlTlLZY6zUmjkgaRfpozd+Glq9TY2E3Dglr6\n# PtTEKgPu2hM6v8NiU5nTvxhDnxdmcf8UN7goeVlELXbOm7j8yw1xM9IyyQuUMWko\n# rBaN/5r9g4lvYkMohRXEYB0tMaOPt0FmZmQMLBFpNRVnXBTa4haXvn1adKrvTz8V\n# lfnHxkH6riA/h2AlqYWhv0YULsEcHnaDWgqA29ry+jH097MpJ/FHGHxk+d9kH2L5\n# aJPpAYuNmMNPB7FDTPWAx7Apjr/J5MhUx0i07gV2brAZ9J9RHi+fMPbS+Qm4AonC\n# 5iOTj+dKCttVRs+jKKuO63CLwqlljvnUCmuSavOX54IXOtKcFZkfDdOZ7cE4DioP\n# 1QIDAQABo4IBSTCCAUUwHQYDVR0OBBYEFBp1dktAcGpW/Km6qm+vu4M1GaJfMB8G\n# A1UdIwQYMBaAFJ+nFV0AXmJdg/Tl0mWnG1M1GelyMF8GA1UdHwRYMFYwVKBSoFCG\n# Tmh0dHA6Ly93d3cubWljcm9zb2Z0LmNvbS9wa2lvcHMvY3JsL01pY3Jvc29mdCUy\n# MFRpbWUtU3RhbXAlMjBQQ0ElMjAyMDEwKDEpLmNybDBsBggrBgEFBQcBAQRgMF4w\n# XAYIKwYBBQUHMAKGUGh0dHA6Ly93d3cubWljcm9zb2Z0LmNvbS9wa2lvcHMvY2Vy\n# dHMvTWljcm9zb2Z0JTIwVGltZS1TdGFtcCUyMFBDQSUyMDIwMTAoMSkuY3J0MAwG\n# A1UdEwEB/wQCMAAwFgYDVR0lAQH/BAwwCgYIKwYBBQUHAwgwDgYDVR0PAQH/BAQD\n# AgeAMA0GCSqGSIb3DQEBCwUAA4ICAQBecv6sRw2HTLMyUC1WJJ+FR+DgA9Jkv0lG\n# sIt4y69CmOj8R63oFbhSmcdpakxqNbr8v9dyTb4RDyNqtohiiXbtrXmQK5X7y/Q+\n# +F0zMotTtTpTPvG3eltyV/LvO15mrLoNQ7W4VH58aLt030tORxs8VnAQQF5BmQQM\n# Oua+EQgH4f1F4uF6rl3EC17JBSJ0wjHSea/n0WYiHPR0qkz/NRAf8lSUUV0gbIMa\n# wGIjn7+RKyCr+8l1xdNkK/F0UYuX3hG0nE+9Wc0L4A/enluUN7Pa9vOV6Vi3BOJS\n# T0RY/ax7iZ45leM8kqCw7BFPcTIkWzxpjr2nCtirnkw7OBQ6FNgwIuAvYNTU7r60\n# W421YFOL5pTsMZcNDOOsA01xv7ymCF6zknMGpRHuw0Rb2BAJC9quU7CXWbMbAJLd\n# Z6XINKariSmCX3/MLdzcW5XOycK0QhoRNRf4WqXRshEBaY2ymJvHO48oSSY/kpuY\n# vBS3ljAAuLN7Rp8jWS7t916paGeE7prmrP9FJsoy1LFKmFnW+vg43ANhByuAEXq9\n# Cay5o7K2H5NFnR5wj/SLRKwK1iyUX926i1TEviEiAh/PVyJbAD4koipig28p/6HD\n# uiYOZ0wUkm/a5W8orIjoOdU3XsJ4i08CfNp5I73CsvB5QPYMcLpF9NO/1LvoQAw3\n# UPdL55M5HTCCB3EwggVZoAMCAQICEzMAAAAVxedrngKbSZkAAAAAABUwDQYJKoZI\n# hvcNAQELBQAwgYgxCzAJBgNVBAYTAlVTMRMwEQYDVQQIEwpXYXNoaW5ndG9uMRAw\n# DgYDVQQHEwdSZWRtb25kMR4wHAYDVQQKExVNaWNyb3NvZnQgQ29ycG9yYXRpb24x\n# MjAwBgNVBAMTKU1pY3Jvc29mdCBSb290IENlcnRpZmljYXRlIEF1dGhvcml0eSAy\n# MDEwMB4XDTIxMDkzMDE4MjIyNVoXDTMwMDkzMDE4MzIyNVowfDELMAkGA1UEBhMC\n# VVMxEzARBgNVBAgTCldhc2hpbmd0b24xEDAOBgNVBAcTB1JlZG1vbmQxHjAcBgNV\n# BAoTFU1pY3Jvc29mdCBDb3Jwb3JhdGlvbjEmMCQGA1UEAxMdTWljcm9zb2Z0IFRp\n# bWUtU3RhbXAgUENBIDIwMTAwggIiMA0GCSqGSIb3DQEBAQUAA4ICDwAwggIKAoIC\n# AQDk4aZM57RyIQt5osvXJHm9DtWC0/3unAcH0qlsTnXIyjVX9gF/bErg4r25Phdg\n# M/9cT8dm95VTcVrifkpa/rg2Z4VGIwy1jRPPdzLAEBjoYH1qUoNEt6aORmsHFPPF\n# dvWGUNzBRMhxXFExN6AKOG6N7dcP2CZTfDlhAnrEqv1yaa8dq6z2Nr41JmTamDu6\n# GnszrYBbfowQHJ1S/rboYiXcag/PXfT+jlPP1uyFVk3v3byNpOORj7I5LFGc6XBp\n# Dco2LXCOMcg1KL3jtIckw+DJj361VI/c+gVVmG1oO5pGve2krnopN6zL64NF50Zu\n# yjLVwIYwXE8s4mKyzbnijYjklqwBSru+cakXW2dg3viSkR4dPf0gz3N9QZpGdc3E\n# XzTdEonW/aUgfX782Z5F37ZyL9t9X4C626p+Nuw2TPYrbqgSUei/BQOj0XOmTTd0\n# lBw0gg/wEPK3Rxjtp+iZfD9M269ewvPV2HM9Q07BMzlMjgK8QmguEOqEUUbi0b1q\n# GFphAXPKZ6Je1yh2AuIzGHLXpyDwwvoSCtdjbwzJNmSLW6CmgyFdXzB0kZSU2LlQ\n# +QuJYfM2BjUYhEfb3BvR/bLUHMVr9lxSUV0S2yW6r1AFemzFER1y7435UsSFF5PA\n# PBXbGjfHCBUYP3irRbb1Hode2o+eFnJpxq57t7c+auIurQIDAQABo4IB3TCCAdkw\n# EgYJKwYBBAGCNxUBBAUCAwEAATAjBgkrBgEEAYI3FQIEFgQUKqdS/mTEmr6CkTxG\n# NSnPEP8vBO4wHQYDVR0OBBYEFJ+nFV0AXmJdg/Tl0mWnG1M1GelyMFwGA1UdIARV\n# MFMwUQYMKwYBBAGCN0yDfQEBMEEwPwYIKwYBBQUHAgEWM2h0dHA6Ly93d3cubWlj\n# cm9zb2Z0LmNvbS9wa2lvcHMvRG9jcy9SZXBvc2l0b3J5Lmh0bTATBgNVHSUEDDAK\n# BggrBgEFBQcDCDAZBgkrBgEEAYI3FAIEDB4KAFMAdQBiAEMAQTALBgNVHQ8EBAMC\n# AYYwDwYDVR0TAQH/BAUwAwEB/zAfBgNVHSMEGDAWgBTV9lbLj+iiXGJo0T2UkFvX\n# zpoYxDBWBgNVHR8ETzBNMEugSaBHhkVodHRwOi8vY3JsLm1pY3Jvc29mdC5jb20v\n# cGtpL2NybC9wcm9kdWN0cy9NaWNSb29DZXJBdXRfMjAxMC0wNi0yMy5jcmwwWgYI\n# KwYBBQUHAQEETjBMMEoGCCsGAQUFBzAChj5odHRwOi8vd3d3Lm1pY3Jvc29mdC5j\n# b20vcGtpL2NlcnRzL01pY1Jvb0NlckF1dF8yMDEwLTA2LTIzLmNydDANBgkqhkiG\n# 9w0BAQsFAAOCAgEAnVV9/Cqt4SwfZwExJFvhnnJL/Klv6lwUtj5OR2R4sQaTlz0x\n# M7U518JxNj/aZGx80HU5bbsPMeTCj/ts0aGUGCLu6WZnOlNN3Zi6th542DYunKmC\n# VgADsAW+iehp4LoJ7nvfam++Kctu2D9IdQHZGN5tggz1bSNU5HhTdSRXud2f8449\n# xvNo32X2pFaq95W2KFUn0CS9QKC/GbYSEhFdPSfgQJY4rPf5KYnDvBewVIVCs/wM\n# nosZiefwC2qBwoEZQhlSdYo2wh3DYXMuLGt7bj8sCXgU6ZGyqVvfSaN0DLzskYDS\n# PeZKPmY7T7uG+jIa2Zb0j/aRAfbOxnT99kxybxCrdTDFNLB62FD+CljdQDzHVG2d\n# Y3RILLFORy3BFARxv2T5JL5zbcqOCb2zAVdJVGTZc9d/HltEAY5aGZFrDZ+kKNxn\n# GSgkujhLmm77IVRrakURR6nxt67I6IleT53S0Ex2tVdUCbFpAUR+fKFhbHP+Crvs\n# QWY9af3LwUFJfn6Tvsv4O+S3Fb+0zj6lMVGEvL8CwYKiexcdFYmNcP7ntdAoGokL\n# jzbaukz5m/8K6TT4JDVnK+ANuOaMmdbhIurwJ0I9JZTmdHRbatGePu1+oDEzfbzL\n# 6Xu/OHBE0ZDxyKs6ijoIYn/ZcGNTTY3ugm2lBRDBcQZqELQdVTNYs6FwZvKhggNQ\n# MIICOAIBATCB+aGB0aSBzjCByzELMAkGA1UEBhMCVVMxEzARBgNVBAgTCldhc2hp\n# bmd0b24xEDAOBgNVBAcTB1JlZG1vbmQxHjAcBgNVBAoTFU1pY3Jvc29mdCBDb3Jw\n# b3JhdGlvbjElMCMGA1UECxMcTWljcm9zb2Z0IEFtZXJpY2EgT3BlcmF0aW9uczEn\n# MCUGA1UECxMeblNoaWVsZCBUU1MgRVNOOjk2MDAtMDVFMC1EOTQ3MSUwIwYDVQQD\n# ExxNaWNyb3NvZnQgVGltZS1TdGFtcCBTZXJ2aWNloiMKAQEwBwYFKw4DAhoDFQC6\n# PYHRw9+9SH+1pwy6qzVG3k9lbqCBgzCBgKR+MHwxCzAJBgNVBAYTAlVTMRMwEQYD\n# VQQIEwpXYXNoaW5ndG9uMRAwDgYDVQQHEwdSZWRtb25kMR4wHAYDVQQKExVNaWNy\n# b3NvZnQgQ29ycG9yYXRpb24xJjAkBgNVBAMTHU1pY3Jvc29mdCBUaW1lLVN0YW1w\n# IFBDQSAyMDEwMA0GCSqGSIb3DQEBCwUAAgUA7JCl8DAiGA8yMDI1MTAwODA4NTcy\n# MFoYDzIwMjUxMDA5MDg1NzIwWjB3MD0GCisGAQQBhFkKBAExLzAtMAoCBQDskKXw\n# AgEAMAoCAQACAhHCAgH/MAcCAQACAhNHMAoCBQDskfdwAgEAMDYGCisGAQQBhFkK\n# BAIxKDAmMAwGCisGAQQBhFkKAwKgCjAIAgEAAgMHoSChCjAIAgEAAgMBhqAwDQYJ\n# KoZIhvcNAQELBQADggEBABtfELKmJ7d3VQ77JIAxWIfotT6Lc61RIERGfl2nK1jg\n# vXjmq6Vyb6Zrucrn1+yCjQHjKR4VmCKX3Lbe3hvfzzCqQQB+mc47O8Lhxku2cLEm\n# pXHonpK8rdDKSFZRtf8GC9DJ+2peRgT1GbxQM7GGtkw8+ArisENXNrimWlbIg6x0\n# 95vys0Lj+OzQiCyGReysUth8pN+AZG/Yy0GIce33HuZ4GoaGOHDxoE8e3Wep8t5h\n# TWeBDKeASt3Dz+D3s4E0YDs4zsfFETjQXiDRRn3ukVrouvg041I+W5cTtaK+LP6W\n# qu7SNtypi3dvQgOBEj0uPtvxaPOOs+tXXDxSRA3E0m8xggQNMIIECQIBATCBkzB8\n# MQswCQYDVQQGEwJVUzETMBEGA1UECBMKV2FzaGluZ3RvbjEQMA4GA1UEBxMHUmVk\n# bW9uZDEeMBwGA1UEChMVTWljcm9zb2Z0IENvcnBvcmF0aW9uMSYwJAYDVQQDEx1N\n# aWNyb3NvZnQgVGltZS1TdGFtcCBQQ0EgMjAxMAITMwAAAgTY4A4HlzJYmAABAAAC\n# BDANBglghkgBZQMEAgEFAKCCAUowGgYJKoZIhvcNAQkDMQ0GCyqGSIb3DQEJEAEE\n# MC8GCSqGSIb3DQEJBDEiBCAJl68v771qKfrFPifGFs8zkDtmsT9acZ4mrBowq+87\n# ezCB+gYLKoZIhvcNAQkQAi8xgeowgecwgeQwgb0EIPnteGX9Wwq8VdJM6mjfx1GE\n# Jsu7/6kU6l0SS5rcebn+MIGYMIGApH4wfDELMAkGA1UEBhMCVVMxEzARBgNVBAgT\n# Cldhc2hpbmd0b24xEDAOBgNVBAcTB1JlZG1vbmQxHjAcBgNVBAoTFU1pY3Jvc29m\n# dCBDb3Jwb3JhdGlvbjEmMCQGA1UEAxMdTWljcm9zb2Z0IFRpbWUtU3RhbXAgUENB\n# IDIwMTACEzMAAAIE2OAOB5cyWJgAAQAAAgQwIgQgPTwg6iaFqM3ZLQOofUNuSuBH\n# UrmqBlE3hDYQjhyGRVEwDQYJKoZIhvcNAQELBQAEggIAauI2Vgg9qTkheTqb/lQX\n# NVUzvqYFdeVCcZ2yVN2jIJNkx8yiQDZoAO9gvaC8iR1i1TL4I17t/LSF1dt1cfma\n# 6F6su1+JIg/miCyUEx35VOsqPIY5k4JAFAdMBp4mIdyxvBnD+niAvIUydY7qtTw3\n# IXl1EYxBRiWWDATy4axfMcWiNnmO5ZmVUFFEPXRcbTTzDBENOXGklI7tE3t2quzc\n# a4a4iNn/r9i8mCmnIHB/gQN4yrtxsCGsFRlDB/iUnStY1vuQ12C77mwKAvIgAF+d\n# dNfcmoqv3ycE8xPhNfZ+Rdc9pgWWw9zJmdp0g5+ObM5zv6jC1xmrZd9/DCL1oT6B\n# 2+MX+qaG2c0RSb/RPtoXf1ER31kKW/V+Sx8FDso4XJSMBl/Yrlkob4dYQ5n9Olxd\n# qPFxDMaM0OWD6RIObjtkDEm3Sl5H4wktTqoXgWrUT1oc+sPHET+KAbiFK3U6rFCA\n# er4ECIxFd1i6Cn+gPoqdjvBVJjgpGIjEVsIVtofpK0D4lC5260TlxEeNIlC8CJ8Q\n# Zpvf/7A1LpSfyftFyLHjQ7URNit5u6gRxNJbwutnkQA3UgpSwhaB/sCcSgW3+l3T\n# FMqxp4BZfKu+Y8IoxBjN6asYnJCPBeTR2cprHXZ38i/lH/iVMG78WeiPsEHChYvT\n# pMIn9zotKNqWAZXEZli/R7w=\n# SIG # End signature block\n"",""ScriptBlockId"":""14d588e4-597e-4eba-b50d-0e6b34442a92"",""Path"":""C:\\Users\\yaswa\\.vscode\\extensions\\ms-vscode.powershell-2025.4.0\\modules\\PSScriptAnalyzer\\1.24.0\\PSScriptAnalyzer.psm1""}","Creating Scriptblock text (1 of 1): # # Script module for module 'PSScriptAnalyzer' # Set-StrictMode -Version Latest  # Set up some helper variables to make it easier to work with the module $PSModule = $ExecutionContext.SessionState.Module $PSModuleRoot = $PSModule.ModuleBase  # Import the appropriate nested binary module based on the current PowerShell version $binaryModuleRoot = $PSModuleRoot [Version] $minimumPowerShellCoreVersion = '7.2.11' if ($PSVersionTable.PSVersion.Major -ge 6) {     $binaryModuleRoot = Join-Path -Path $PSModuleRoot -ChildPath ""PSv$($PSVersionTable.PSVersion.Major)""     # Minimum PowerShell Core version given by PowerShell Core support itself and     # the version of Nuget references, such as e.g. Newtonsoft.Json inside PowerShell itself     # or the version of the System.Management.Automation NuGet reference in PSSA.      if ($PSVersionTable.PSVersion -lt $minimumPowerShellCoreVersion) {         throw ""Minimum supported version of PSScriptAnalyzer for PowerShell Core is $minimumPowerShellCoreVersion but current version is '$($PSVersionTable.PSVersion)'. Please update PowerShell Core.""     } } elseif ($PSVersionTable.PSVersion.Major -eq 5) {     # Without this, PSSA tries to load this from $PSHome     Add-Type -Path ""$PSScriptRoot/Newtonsoft.Json.dll"" } elseif ($PSVersionTable.PSVersion.Major -le 4) {     $binaryModuleRoot = Join-Path -Path $PSModuleRoot -ChildPath ""PSv$($PSVersionTable.PSVersion.Major)""     # Without this, PSSA tries to load this from $PSHome     Add-Type -Path ""$binaryModuleRoot/Newtonsoft.Json.dll"" }  $binaryModulePath = Join-Path -Path $binaryModuleRoot -ChildPath 'Microsoft.Windows.PowerShell.ScriptAnalyzer.dll' $binaryModule = Import-Module -Name $binaryModulePath -PassThru  # When the module is unloaded, remove the nested binary module that was loaded with it $PSModule.OnRemove = {     Remove-Module -ModuleInfo $binaryModule }  if (Get-Command Register-ArgumentCompleter -ErrorAction Ignore) {     $settingPresetCompleter = {         param($commandName, $parameterName, $wordToComplete, $commandAst, $fakeBoundParmeter)          [Microsoft.Windows.PowerShell.ScriptAnalyzer.Settings]::GetSettingPresets() | `             Where-Object {$_ -like ""$wordToComplete*""} | `             ForEach-Object { New-Object System.Management.Automation.CompletionResult $_ }     }      @('Invoke-ScriptAnalyzer', 'Invoke-Formatter') | ForEach-Object {         Register-ArgumentCompleter -CommandName $_ `             -ParameterName 'Settings' `             -ScriptBlock $settingPresetCompleter      }      Function RuleNameCompleter {         param($commandName, $parameterName, $wordToComplete, $commandAst, $fakeBoundParmeter)          Get-ScriptAnalyzerRule *$wordToComplete* | `             ForEach-Object { New-Object System.Management.Automation.CompletionResult $_.RuleName }     }      Register-ArgumentCompleter -CommandName 'Invoke-ScriptAnalyzer' -ParameterName 'IncludeRule' -ScriptBlock $Function:RuleNameCompleter     Register-ArgumentCompleter -CommandName 'Invoke-ScriptAnalyzer' -ParameterName 'ExcludeRule' -ScriptBlock $Function:RuleNameCompleter     Register-ArgumentCompleter -CommandName 'Get-ScriptAnalyzerRule' -ParameterName 'Name' -ScriptBlock $Function:RuleNameCompleter }  # SIG # Begin signature block # MIIoLQYJKoZIhvcNAQcCoIIoHjCCKBoCAQExDzANBglghkgBZQMEAgEFADB5Bgor # BgEEAYI3AgEEoGswaTA0BgorBgEEAYI3AgEeMCYCAwEAAAQQH8w7YFlLCE63JNLG # KX7zUQIBAAIBAAIBAAIBAAIBADAxMA0GCWCGSAFlAwQCAQUABCAXrobmdoZK5T1Q # wwwGoeR7W75TB1KXzgCIN6QWK8BYLaCCDXYwggX0MIID3KADAgECAhMzAAAEhV6Z # 7A5ZL83XAAAAAASFMA0GCSqGSIb3DQEBCwUAMH4xCzAJBgNVBAYTAlVTMRMwEQYD # VQQIEwpXYXNoaW5ndG9uMRAwDgYDVQQHEwdSZWRtb25kMR4wHAYDVQQKExVNaWNy # b3NvZnQgQ29ycG9yYXRpb24xKDAmBgNVBAMTH01pY3Jvc29mdCBDb2RlIFNpZ25p # bmcgUENBIDIwMTEwHhcNMjUwNjE5MTgyMTM3WhcNMjYwNjE3MTgyMTM3WjB0MQsw # CQYDVQQGEwJVUzETMBEGA1UECBMKV2FzaGluZ3RvbjEQMA4GA1UEBxMHUmVkbW9u # ZDEeMBwGA1UEChMVTWljcm9zb2Z0IENvcnBvcmF0aW9uMR4wHAYDVQQDExVNaWNy # b3NvZnQgQ29ycG9yYXRpb24wggEiMA0GCSqGSIb3DQEBAQUAA4IBDwAwggEKAoIB # AQDASkh1cpvuUqfbqxele7LCSHEamVNBfFE4uY1FkGsAdUF/vnjpE1dnAD9vMOqy # 5ZO49ILhP4jiP/P2Pn9ao+5TDtKmcQ+pZdzbG7t43yRXJC3nXvTGQroodPi9USQi # 9rI+0gwuXRKBII7L+k3kMkKLmFrsWUjzgXVCLYa6ZH7BCALAcJWZTwWPoiT4HpqQ # hJcYLB7pfetAVCeBEVZD8itKQ6QA5/LQR+9X6dlSj4Vxta4JnpxvgSrkjXCz+tlJ # 67ABZ551lw23RWU1uyfgCfEFhBfiyPR2WSjskPl9ap6qrf8fNQ1sGYun2p4JdXxe # UAKf1hVa/3TQXjvPTiRXCnJPAgMBAAGjggFzMIIBbzAfBgNVHSUEGDAWBgorBgEE # AYI3TAgBBggrBgEFBQcDAzAdBgNVHQ4EFgQUuCZyGiCuLYE0aU7j5TFqY05kko0w # RQYDVR0RBD4wPKQ6MDgxHjAcBgNVBAsTFU1pY3Jvc29mdCBDb3Jwb3JhdGlvbjEW # MBQGA1UEBRMNMjMwMDEyKzUwNTM1OTAfBgNVHSMEGDAWgBRIbmTlUAXTgqoXNzci # tW2oynUClTBUBgNVHR8ETTBLMEmgR6BFhkNodHRwOi8vd3d3Lm1pY3Jvc29mdC5j # b20vcGtpb3BzL2NybC9NaWNDb2RTaWdQQ0EyMDExXzIwMTEtMDctMDguY3JsMGEG # CCsGAQUFBwEBBFUwUzBRBggrBgEFBQcwAoZFaHR0cDovL3d3dy5taWNyb3NvZnQu # Y29tL3BraW9wcy9jZXJ0cy9NaWNDb2RTaWdQQ0EyMDExXzIwMTEtMDctMDguY3J0 # MAwGA1UdEwEB/wQCMAAwDQYJKoZIhvcNAQELBQADggIBACjmqAp2Ci4sTHZci+qk # tEAKsFk5HNVGKyWR2rFGXsd7cggZ04H5U4SV0fAL6fOE9dLvt4I7HBHLhpGdE5Uj # Ly4NxLTG2bDAkeAVmxmd2uKWVGKym1aarDxXfv3GCN4mRX+Pn4c+py3S/6Kkt5eS # DAIIsrzKw3Kh2SW1hCwXX/k1v4b+NH1Fjl+i/xPJspXCFuZB4aC5FLT5fgbRKqns # WeAdn8DsrYQhT3QXLt6Nv3/dMzv7G/Cdpbdcoul8FYl+t3dmXM+SIClC3l2ae0wO # lNrQ42yQEycuPU5OoqLT85jsZ7+4CaScfFINlO7l7Y7r/xauqHbSPQ1r3oIC+e71 # 5s2G3ClZa3y99aYx2lnXYe1srcrIx8NAXTViiypXVn9ZGmEkfNcfDiqGQwkml5z9 # nm3pWiBZ69adaBBbAFEjyJG4y0a76bel/4sDCVvaZzLM3TFbxVO9BQrjZRtbJZbk # C3XArpLqZSfx53SuYdddxPX8pvcqFuEu8wcUeD05t9xNbJ4TtdAECJlEi0vvBxlm # M5tzFXy2qZeqPMXHSQYqPgZ9jvScZ6NwznFD0+33kbzyhOSz/WuGbAu4cHZG8gKn # lQVT4uA2Diex9DMs2WHiokNknYlLoUeWXW1QrJLpqO82TLyKTbBM/oZHAdIc0kzo # STro9b3+vjn2809D0+SOOCVZMIIHejCCBWKgAwIBAgIKYQ6Q0gAAAAAAAzANBgkq # hkiG9w0BAQsFADCBiDELMAkGA1UEBhMCVVMxEzARBgNVBAgTCldhc2hpbmd0b24x # EDAOBgNVBAcTB1JlZG1vbmQxHjAcBgNVBAoTFU1pY3Jvc29mdCBDb3Jwb3JhdGlv # bjEyMDAGA1UEAxMpTWljcm9zb2Z0IFJvb3QgQ2VydGlmaWNhdGUgQXV0aG9yaXR5 # IDIwMTEwHhcNMTEwNzA4MjA1OTA5WhcNMjYwNzA4MjEwOTA5WjB+MQswCQYDVQQG # EwJVUzETMBEGA1UECBMKV2FzaGluZ3RvbjEQMA4GA1UEBxMHUmVkbW9uZDEeMBwG # A1UEChMVTWljcm9zb2Z0IENvcnBvcmF0aW9uMSgwJgYDVQQDEx9NaWNyb3NvZnQg # Q29kZSBTaWduaW5nIFBDQSAyMDExMIICIjANBgkqhkiG9w0BAQEFAAOCAg8AMIIC # CgKCAgEAq/D6chAcLq3YbqqCEE00uvK2WCGfQhsqa+laUKq4BjgaBEm6f8MMHt03 # a8YS2AvwOMKZBrDIOdUBFDFC04kNeWSHfpRgJGyvnkmc6Whe0t+bU7IKLMOv2akr # rnoJr9eWWcpgGgXpZnboMlImEi/nqwhQz7NEt13YxC4Ddato88tt8zpcoRb0Rrrg # OGSsbmQ1eKagYw8t00CT+OPeBw3VXHmlSSnnDb6gE3e+lD3v++MrWhAfTVYoonpy # 4BI6t0le2O3tQ5GD2Xuye4Yb2T6xjF3oiU+EGvKhL1nkkDstrjNYxbc+/jLTswM9 # sbKvkjh+0p2ALPVOVpEhNSXDOW5kf1O6nA+tGSOEy/S6A4aN91/w0FK/jJSHvMAh # dCVfGCi2zCcoOCWYOUo2z3yxkq4cI6epZuxhH2rhKEmdX4jiJV3TIUs+UsS1Vz8k # A/DRelsv1SPjcF0PUUZ3s/gA4bysAoJf28AVs70b1FVL5zmhD+kjSbwYuER8ReTB # w3J64HLnJN+/RpnF78IcV9uDjexNSTCnq47f7Fufr/zdsGbiwZeBe+3W7UvnSSmn # Eyimp31ngOaKYnhfsi+E11ecXL93KCjx7W3DKI8sj0A3T8HhhUSJxAlMxdSlQy90 # lfdu+HggWCwTXWCVmj5PM4TasIgX3p5O9JawvEagbJjS4NaIjAsCAwEAAaOCAe0w # ggHpMBAGCSsGAQQBgjcVAQQDAgEAMB0GA1UdDgQWBBRIbmTlUAXTgqoXNzcitW2o # ynUClTAZBgkrBgEEAYI3FAIEDB4KAFMAdQBiAEMAQTALBgNVHQ8EBAMCAYYwDwYD # VR0TAQH/BAUwAwEB/zAfBgNVHSMEGDAWgBRyLToCMZBDuRQFTuHqp8cx0SOJNDBa # BgNVHR8EUzBRME+gTaBLhklodHRwOi8vY3JsLm1pY3Jvc29mdC5jb20vcGtpL2Ny # bC9wcm9kdWN0cy9NaWNSb29DZXJBdXQyMDExXzIwMTFfMDNfMjIuY3JsMF4GCCsG # AQUFBwEBBFIwUDBOBggrBgEFBQcwAoZCaHR0cDovL3d3dy5taWNyb3NvZnQuY29t # L3BraS9jZXJ0cy9NaWNSb29DZXJBdXQyMDExXzIwMTFfMDNfMjIuY3J0MIGfBgNV # HSAEgZcwgZQwgZEGCSsGAQQBgjcuAzCBgzA/BggrBgEFBQcCARYzaHR0cDovL3d3 # dy5taWNyb3NvZnQuY29tL3BraW9wcy9kb2NzL3ByaW1hcnljcHMuaHRtMEAGCCsG # AQUFBwICMDQeMiAdAEwAZQBnAGEAbABfAHAAbwBsAGkAYwB5AF8AcwB0AGEAdABl # AG0AZQBuAHQALiAdMA0GCSqGSIb3DQEBCwUAA4ICAQBn8oalmOBUeRou09h0ZyKb # C5YR4WOSmUKWfdJ5DJDBZV8uLD74w3LRbYP+vj/oCso7v0epo/Np22O/IjWll11l # hJB9i0ZQVdgMknzSGksc8zxCi1LQsP1r4z4HLimb5j0bpdS1HXeUOeLpZMlEPXh6 # I/MTfaaQdION9MsmAkYqwooQu6SpBQyb7Wj6aC6VoCo/KmtYSWMfCWluWpiW5IP0 # wI/zRive/DvQvTXvbiWu5a8n7dDd8w6vmSiXmE0OPQvyCInWH8MyGOLwxS3OW560 # STkKxgrCxq2u5bLZ2xWIUUVYODJxJxp/sfQn+N4sOiBpmLJZiWhub6e3dMNABQam # ASooPoI/E01mC8CzTfXhj38cbxV9Rad25UAqZaPDXVJihsMdYzaXht/a8/jyFqGa # J+HNpZfQ7l1jQeNbB5yHPgZ3BtEGsXUfFL5hYbXw3MYbBL7fQccOKO7eZS/sl/ah # XJbYANahRr1Z85elCUtIEJmAH9AAKcWxm6U/RXceNcbSoqKfenoi+kiVH6v7RyOA # 9Z74v2u3S5fi63V4GuzqN5l5GEv/1rMjaHXmr/r8i+sLgOppO6/8MO0ETI7f33Vt # Y5E90Z1WTk+/gFcioXgRMiF670EKsT/7qMykXcGhiJtXcVZOSEXAQsmbdlsKgEhr # /Xmfwb1tbWrJUnMTDXpQzTGCGg0wghoJAgEBMIGVMH4xCzAJBgNVBAYTAlVTMRMw # EQYDVQQIEwpXYXNoaW5ndG9uMRAwDgYDVQQHEwdSZWRtb25kMR4wHAYDVQQKExVN # aWNyb3NvZnQgQ29ycG9yYXRpb24xKDAmBgNVBAMTH01pY3Jvc29mdCBDb2RlIFNp # Z25pbmcgUENBIDIwMTECEzMAAASFXpnsDlkvzdcAAAAABIUwDQYJYIZIAWUDBAIB # BQCgga4wGQYJKoZIhvcNAQkDMQwGCisGAQQBgjcCAQQwHAYKKwYBBAGCNwIBCzEO # MAwGCisGAQQBgjcCARUwLwYJKoZIhvcNAQkEMSIEIKGUs3+i0SdQ1ofQmiVeWJqF # B2WW00IAbzIERhjqpFS0MEIGCisGAQQBgjcCAQwxNDAyoBSAEgBNAGkAYwByAG8A # cwBvAGYAdKEagBhodHRwOi8vd3d3Lm1pY3Jvc29mdC5jb20wDQYJKoZIhvcNAQEB # BQAEggEANJMkj4rd2YMj1SsCG/EQ88PGBxyBJL/AF6646kfms1KA62GewwjZ9iQs # cjl+rwZcEAh+9oYtz+yBlizOJJxU/6VJMi0cm91L6w6h+R/7DheO3XD3LUOYY6z6 # jDgUb8XElbLpN10z2BbwCD+rTQTZAvscFu2KFVVFlwaIOu2qRSFGlj1UjAVuCm1i # L7ffPJ3jliiiESYaef1PPuuqKK3jveFe/58s9Xlvo9O+XP2AgguMNiDJatXY/PfL # IeS5DwkLoLmupr9d3kx2L64xxlRW0tb51WHEoqL7lx1ueDcj2ZAANuel1fbw5AnP # fGDoClYqpitJM5Q/6ZS6ECV2FdQVDKGCF5cwgheTBgorBgEEAYI3AwMBMYIXgzCC # F38GCSqGSIb3DQEHAqCCF3AwghdsAgEDMQ8wDQYJYIZIAWUDBAIBBQAwggFSBgsq # hkiG9w0BCRABBKCCAUEEggE9MIIBOQIBAQYKKwYBBAGEWQoDATAxMA0GCWCGSAFl # AwQCAQUABCAIyinrCe/0J6XaML6btrrThewv2duwghjq+MoVwQGyHwIGaNr0gtJC # GBMyMDI1MTAwODE4MDQzMS44OTdaMASAAgH0oIHRpIHOMIHLMQswCQYDVQQGEwJV # UzETMBEGA1UECBMKV2FzaGluZ3RvbjEQMA4GA1UEBxMHUmVkbW9uZDEeMBwGA1UE # ChMVTWljcm9zb2Z0IENvcnBvcmF0aW9uMSUwIwYDVQQLExxNaWNyb3NvZnQgQW1l # cmljYSBPcGVyYXRpb25zMScwJQYDVQQLEx5uU2hpZWxkIFRTUyBFU046OTYwMC0w # NUUwLUQ5NDcxJTAjBgNVBAMTHE1pY3Jvc29mdCBUaW1lLVN0YW1wIFNlcnZpY2Wg # ghHtMIIHIDCCBQigAwIBAgITMwAAAgTY4A4HlzJYmAABAAACBDANBgkqhkiG9w0B # AQsFADB8MQswCQYDVQQGEwJVUzETMBEGA1UECBMKV2FzaGluZ3RvbjEQMA4GA1UE # BxMHUmVkbW9uZDEeMBwGA1UEChMVTWljcm9zb2Z0IENvcnBvcmF0aW9uMSYwJAYD # VQQDEx1NaWNyb3NvZnQgVGltZS1TdGFtcCBQQ0EgMjAxMDAeFw0yNTAxMzAxOTQy # NDdaFw0yNjA0MjIxOTQyNDdaMIHLMQswCQYDVQQGEwJVUzETMBEGA1UECBMKV2Fz # aGluZ3RvbjEQMA4GA1UEBxMHUmVkbW9uZDEeMBwGA1UEChMVTWljcm9zb2Z0IENv # cnBvcmF0aW9uMSUwIwYDVQQLExxNaWNyb3NvZnQgQW1lcmljYSBPcGVyYXRpb25z # MScwJQYDVQQLEx5uU2hpZWxkIFRTUyBFU046OTYwMC0wNUUwLUQ5NDcxJTAjBgNV # BAMTHE1pY3Jvc29mdCBUaW1lLVN0YW1wIFNlcnZpY2UwggIiMA0GCSqGSIb3DQEB # AQUAA4ICDwAwggIKAoICAQDw3Sbcee2d66vkWGTIXhfGqqgQGxQXTnq44XlUvNzF # St7ELtO4B939jwZFX7DrRt/4fpzGNkFdGpc7EL5S86qKYv360eXjW+fIv1lAqDD3 # 1d/p8Ai9/AZz8M95zo0rDpK2csz9WAyR9FtUDx52VOs9qP3/pgpHvgUvD8s6/3KN # ITzms8QC1tJ3TMw1cRn9CZgVIYzw2iD/ZvOW0sbF/DRdgM8UdtxjFIKTXTaI/bJh # sQge3TwayKQ2j85RafFFVCR5/ChapkrBQWGwNFaPzpmYN46mPiOvUxriISC9nQ/G # rDXUJWzLDmchrmr2baABJevvw31UYlTlLZY6zUmjkgaRfpozd+Glq9TY2E3Dglr6 # PtTEKgPu2hM6v8NiU5nTvxhDnxdmcf8UN7goeVlELXbOm7j8yw1xM9IyyQuUMWko # rBaN/5r9g4lvYkMohRXEYB0tMaOPt0FmZmQMLBFpNRVnXBTa4haXvn1adKrvTz8V # lfnHxkH6riA/h2AlqYWhv0YULsEcHnaDWgqA29ry+jH097MpJ/FHGHxk+d9kH2L5 # aJPpAYuNmMNPB7FDTPWAx7Apjr/J5MhUx0i07gV2brAZ9J9RHi+fMPbS+Qm4AonC # 5iOTj+dKCttVRs+jKKuO63CLwqlljvnUCmuSavOX54IXOtKcFZkfDdOZ7cE4DioP # 1QIDAQABo4IBSTCCAUUwHQYDVR0OBBYEFBp1dktAcGpW/Km6qm+vu4M1GaJfMB8G # A1UdIwQYMBaAFJ+nFV0AXmJdg/Tl0mWnG1M1GelyMF8GA1UdHwRYMFYwVKBSoFCG # Tmh0dHA6Ly93d3cubWljcm9zb2Z0LmNvbS9wa2lvcHMvY3JsL01pY3Jvc29mdCUy # MFRpbWUtU3RhbXAlMjBQQ0ElMjAyMDEwKDEpLmNybDBsBggrBgEFBQcBAQRgMF4w # XAYIKwYBBQUHMAKGUGh0dHA6Ly93d3cubWljcm9zb2Z0LmNvbS9wa2lvcHMvY2Vy # dHMvTWljcm9zb2Z0JTIwVGltZS1TdGFtcCUyMFBDQSUyMDIwMTAoMSkuY3J0MAwG # A1UdEwEB/wQCMAAwFgYDVR0lAQH/BAwwCgYIKwYBBQUHAwgwDgYDVR0PAQH/BAQD # AgeAMA0GCSqGSIb3DQEBCwUAA4ICAQBecv6sRw2HTLMyUC1WJJ+FR+DgA9Jkv0lG # sIt4y69CmOj8R63oFbhSmcdpakxqNbr8v9dyTb4RDyNqtohiiXbtrXmQK5X7y/Q+ # +F0zMotTtTpTPvG3eltyV/LvO15mrLoNQ7W4VH58aLt030tORxs8VnAQQF5BmQQM # Oua+EQgH4f1F4uF6rl3EC17JBSJ0wjHSea/n0WYiHPR0qkz/NRAf8lSUUV0gbIMa # wGIjn7+RKyCr+8l1xdNkK/F0UYuX3hG0nE+9Wc0L4A/enluUN7Pa9vOV6Vi3BOJS # T0RY/ax7iZ45leM8kqCw7BFPcTIkWzxpjr2nCtirnkw7OBQ6FNgwIuAvYNTU7r60 # W421YFOL5pTsMZcNDOOsA01xv7ymCF6zknMGpRHuw0Rb2BAJC9quU7CXWbMbAJLd # Z6XINKariSmCX3/MLdzcW5XOycK0QhoRNRf4WqXRshEBaY2ymJvHO48oSSY/kpuY # vBS3ljAAuLN7Rp8jWS7t916paGeE7prmrP9FJsoy1LFKmFnW+vg43ANhByuAEXq9 # Cay5o7K2H5NFnR5wj/SLRKwK1iyUX926i1TEviEiAh/PVyJbAD4koipig28p/6HD # uiYOZ0wUkm/a5W8orIjoOdU3XsJ4i08CfNp5I73CsvB5QPYMcLpF9NO/1LvoQAw3 # UPdL55M5HTCCB3EwggVZoAMCAQICEzMAAAAVxedrngKbSZkAAAAAABUwDQYJKoZI # hvcNAQELBQAwgYgxCzAJBgNVBAYTAlVTMRMwEQYDVQQIEwpXYXNoaW5ndG9uMRAw # DgYDVQQHEwdSZWRtb25kMR4wHAYDVQQKExVNaWNyb3NvZnQgQ29ycG9yYXRpb24x # MjAwBgNVBAMTKU1pY3Jvc29mdCBSb290IENlcnRpZmljYXRlIEF1dGhvcml0eSAy # MDEwMB4XDTIxMDkzMDE4MjIyNVoXDTMwMDkzMDE4MzIyNVowfDELMAkGA1UEBhMC # VVMxEzARBgNVBAgTCldhc2hpbmd0b24xEDAOBgNVBAcTB1JlZG1vbmQxHjAcBgNV # BAoTFU1pY3Jvc29mdCBDb3Jwb3JhdGlvbjEmMCQGA1UEAxMdTWljcm9zb2Z0IFRp # bWUtU3RhbXAgUENBIDIwMTAwggIiMA0GCSqGSIb3DQEBAQUAA4ICDwAwggIKAoIC # AQDk4aZM57RyIQt5osvXJHm9DtWC0/3unAcH0qlsTnXIyjVX9gF/bErg4r25Phdg # M/9cT8dm95VTcVrifkpa/rg2Z4VGIwy1jRPPdzLAEBjoYH1qUoNEt6aORmsHFPPF # dvWGUNzBRMhxXFExN6AKOG6N7dcP2CZTfDlhAnrEqv1yaa8dq6z2Nr41JmTamDu6 # GnszrYBbfowQHJ1S/rboYiXcag/PXfT+jlPP1uyFVk3v3byNpOORj7I5LFGc6XBp # Dco2LXCOMcg1KL3jtIckw+DJj361VI/c+gVVmG1oO5pGve2krnopN6zL64NF50Zu # yjLVwIYwXE8s4mKyzbnijYjklqwBSru+cakXW2dg3viSkR4dPf0gz3N9QZpGdc3E # XzTdEonW/aUgfX782Z5F37ZyL9t9X4C626p+Nuw2TPYrbqgSUei/BQOj0XOmTTd0 # lBw0gg/wEPK3Rxjtp+iZfD9M269ewvPV2HM9Q07BMzlMjgK8QmguEOqEUUbi0b1q # GFphAXPKZ6Je1yh2AuIzGHLXpyDwwvoSCtdjbwzJNmSLW6CmgyFdXzB0kZSU2LlQ # +QuJYfM2BjUYhEfb3BvR/bLUHMVr9lxSUV0S2yW6r1AFemzFER1y7435UsSFF5PA # PBXbGjfHCBUYP3irRbb1Hode2o+eFnJpxq57t7c+auIurQIDAQABo4IB3TCCAdkw # EgYJKwYBBAGCNxUBBAUCAwEAATAjBgkrBgEEAYI3FQIEFgQUKqdS/mTEmr6CkTxG # NSnPEP8vBO4wHQYDVR0OBBYEFJ+nFV0AXmJdg/Tl0mWnG1M1GelyMFwGA1UdIARV # MFMwUQYMKwYBBAGCN0yDfQEBMEEwPwYIKwYBBQUHAgEWM2h0dHA6Ly93d3cubWlj # cm9zb2Z0LmNvbS9wa2lvcHMvRG9jcy9SZXBvc2l0b3J5Lmh0bTATBgNVHSUEDDAK # BggrBgEFBQcDCDAZBgkrBgEEAYI3FAIEDB4KAFMAdQBiAEMAQTALBgNVHQ8EBAMC # AYYwDwYDVR0TAQH/BAUwAwEB/zAfBgNVHSMEGDAWgBTV9lbLj+iiXGJo0T2UkFvX # zpoYxDBWBgNVHR8ETzBNMEugSaBHhkVodHRwOi8vY3JsLm1pY3Jvc29mdC5jb20v # cGtpL2NybC9wcm9kdWN0cy9NaWNSb29DZXJBdXRfMjAxMC0wNi0yMy5jcmwwWgYI # KwYBBQUHAQEETjBMMEoGCCsGAQUFBzAChj5odHRwOi8vd3d3Lm1pY3Jvc29mdC5j # b20vcGtpL2NlcnRzL01pY1Jvb0NlckF1dF8yMDEwLTA2LTIzLmNydDANBgkqhkiG # 9w0BAQsFAAOCAgEAnVV9/Cqt4SwfZwExJFvhnnJL/Klv6lwUtj5OR2R4sQaTlz0x # M7U518JxNj/aZGx80HU5bbsPMeTCj/ts0aGUGCLu6WZnOlNN3Zi6th542DYunKmC # VgADsAW+iehp4LoJ7nvfam++Kctu2D9IdQHZGN5tggz1bSNU5HhTdSRXud2f8449 # xvNo32X2pFaq95W2KFUn0CS9QKC/GbYSEhFdPSfgQJY4rPf5KYnDvBewVIVCs/wM # nosZiefwC2qBwoEZQhlSdYo2wh3DYXMuLGt7bj8sCXgU6ZGyqVvfSaN0DLzskYDS # PeZKPmY7T7uG+jIa2Zb0j/aRAfbOxnT99kxybxCrdTDFNLB62FD+CljdQDzHVG2d # Y3RILLFORy3BFARxv2T5JL5zbcqOCb2zAVdJVGTZc9d/HltEAY5aGZFrDZ+kKNxn # GSgkujhLmm77IVRrakURR6nxt67I6IleT53S0Ex2tVdUCbFpAUR+fKFhbHP+Crvs # QWY9af3LwUFJfn6Tvsv4O+S3Fb+0zj6lMVGEvL8CwYKiexcdFYmNcP7ntdAoGokL # jzbaukz5m/8K6TT4JDVnK+ANuOaMmdbhIurwJ0I9JZTmdHRbatGePu1+oDEzfbzL # 6Xu/OHBE0ZDxyKs6ijoIYn/ZcGNTTY3ugm2lBRDBcQZqELQdVTNYs6FwZvKhggNQ # MIICOAIBATCB+aGB0aSBzjCByzELMAkGA1UEBhMCVVMxEzARBgNVBAgTCldhc2hp # bmd0b24xEDAOBgNVBAcTB1JlZG1vbmQxHjAcBgNVBAoTFU1pY3Jvc29mdCBDb3Jw # b3JhdGlvbjElMCMGA1UECxMcTWljcm9zb2Z0IEFtZXJpY2EgT3BlcmF0aW9uczEn # MCUGA1UECxMeblNoaWVsZCBUU1MgRVNOOjk2MDAtMDVFMC1EOTQ3MSUwIwYDVQQD # ExxNaWNyb3NvZnQgVGltZS1TdGFtcCBTZXJ2aWNloiMKAQEwBwYFKw4DAhoDFQC6 # PYHRw9+9SH+1pwy6qzVG3k9lbqCBgzCBgKR+MHwxCzAJBgNVBAYTAlVTMRMwEQYD # VQQIEwpXYXNoaW5ndG9uMRAwDgYDVQQHEwdSZWRtb25kMR4wHAYDVQQKExVNaWNy # b3NvZnQgQ29ycG9yYXRpb24xJjAkBgNVBAMTHU1pY3Jvc29mdCBUaW1lLVN0YW1w # IFBDQSAyMDEwMA0GCSqGSIb3DQEBCwUAAgUA7JCl8DAiGA8yMDI1MTAwODA4NTcy # MFoYDzIwMjUxMDA5MDg1NzIwWjB3MD0GCisGAQQBhFkKBAExLzAtMAoCBQDskKXw # AgEAMAoCAQACAhHCAgH/MAcCAQACAhNHMAoCBQDskfdwAgEAMDYGCisGAQQBhFkK # BAIxKDAmMAwGCisGAQQBhFkKAwKgCjAIAgEAAgMHoSChCjAIAgEAAgMBhqAwDQYJ # KoZIhvcNAQELBQADggEBABtfELKmJ7d3VQ77JIAxWIfotT6Lc61RIERGfl2nK1jg # vXjmq6Vyb6Zrucrn1+yCjQHjKR4VmCKX3Lbe3hvfzzCqQQB+mc47O8Lhxku2cLEm # pXHonpK8rdDKSFZRtf8GC9DJ+2peRgT1GbxQM7GGtkw8+ArisENXNrimWlbIg6x0 # 95vys0Lj+OzQiCyGReysUth8pN+AZG/Yy0GIce33HuZ4GoaGOHDxoE8e3Wep8t5h # TWeBDKeASt3Dz+D3s4E0YDs4zsfFETjQXiDRRn3ukVrouvg041I+W5cTtaK+LP6W # qu7SNtypi3dvQgOBEj0uPtvxaPOOs+tXXDxSRA3E0m8xggQNMIIECQIBATCBkzB8 # MQswCQYDVQQGEwJVUzETMBEGA1UECBMKV2FzaGluZ3RvbjEQMA4GA1UEBxMHUmVk # bW9uZDEeMBwGA1UEChMVTWljcm9zb2Z0IENvcnBvcmF0aW9uMSYwJAYDVQQDEx1N # aWNyb3NvZnQgVGltZS1TdGFtcCBQQ0EgMjAxMAITMwAAAgTY4A4HlzJYmAABAAAC # BDANBglghkgBZQMEAgEFAKCCAUowGgYJKoZIhvcNAQkDMQ0GCyqGSIb3DQEJEAEE # MC8GCSqGSIb3DQEJBDEiBCAJl68v771qKfrFPifGFs8zkDtmsT9acZ4mrBowq+87 # ezCB+gYLKoZIhvcNAQkQAi8xgeowgecwgeQwgb0EIPnteGX9Wwq8VdJM6mjfx1GE # Jsu7/6kU6l0SS5rcebn+MIGYMIGApH4wfDELMAkGA1UEBhMCVVMxEzARBgNVBAgT # Cldhc2hpbmd0b24xEDAOBgNVBAcTB1JlZG1vbmQxHjAcBgNVBAoTFU1pY3Jvc29m # dCBDb3Jwb3JhdGlvbjEmMCQGA1UEAxMdTWljcm9zb2Z0IFRpbWUtU3RhbXAgUENB # IDIwMTACEzMAAAIE2OAOB5cyWJgAAQAAAgQwIgQgPTwg6iaFqM3ZLQOofUNuSuBH # UrmqBlE3hDYQjhyGRVEwDQYJKoZIhvcNAQELBQAEggIAauI2Vgg9qTkheTqb/lQX # NVUzvqYFdeVCcZ2yVN2jIJNkx8yiQDZoAO9gvaC8iR1i1TL4I17t/LSF1dt1cfma # 6F6su1+JIg/miCyUEx35VOsqPIY5k4JAFAdMBp4mIdyxvBnD+niAvIUydY7qtTw3 # IXl1EYxBRiWWDATy4axfMcWiNnmO5ZmVUFFEPXRcbTTzDBENOXGklI7tE3t2quzc # a4a4iNn/r9i8mCmnIHB/gQN4yrtxsCGsFRlDB/iUnStY1vuQ12C77mwKAvIgAF+d # dNfcmoqv3ycE8xPhNfZ+Rdc9pgWWw9zJmdp0g5+ObM5zv6jC1xmrZd9/DCL1oT6B # 2+MX+qaG2c0RSb/RPtoXf1ER31kKW/V+Sx8FDso4XJSMBl/Yrlkob4dYQ5n9Olxd # qPFxDMaM0OWD6RIObjtkDEm3Sl5H4wktTqoXgWrUT1oc+sPHET+KAbiFK3U6rFCA # er4ECIxFd1i6Cn+gPoqdjvBVJjgpGIjEVsIVtofpK0D4lC5260TlxEeNIlC8CJ8Q # Zpvf/7A1LpSfyftFyLHjQ7URNit5u6gRxNJbwutnkQA3UgpSwhaB/sCcSgW3+l3T # FMqxp4BZfKu+Y8IoxBjN6asYnJCPBeTR2cprHXZ38i/lH/iVMG78WeiPsEHChYvT # pMIn9zotKNqWAZXEZli/R7w= # SIG # End signature block   ScriptBlock ID: 14d588e4-597e-4eba-b50d-0e6b34442a92 Path: C:\Users\yaswa\.vscode\extensions\ms-vscode.powershell-2025.4.0\modules\PSScriptAnalyzer\1.24.0\PSScriptAnalyzer.psm1"
"2026-08-02T10:58:01.613Z","4204","4100","Microsoft-Windows-PowerShell/Operational","Microsoft-Windows-PowerShell","Warning","LAPTOP-8SM7PKPU","S-1-5-21-3119828605-3733597828-3599172180-1001","{""ContextInfo"":""        Severity = Warning\n        Host Name = Visual Studio Code Host\n        Host Version = 2025.4.0\n        Host ID = eba7ad3a-ba65-4d04-be04-c760678eb620\n        Host Application = C:\\Windows\\System32\\WindowsPowerShell\\v1.0\\powershell.exe -NoProfile -ExecutionPolicy Bypass -Command Import-Module \u0027c:\\Users\\yaswa\\.vscode\\extensions\\ms-vscode.powershell-2025.4.0\\modules\\PowerShellEditorServices\\PowerShellEditorServices.psd1\u0027; Start-EditorServices -HostName \u0027Visual Studio Code Host\u0027 -HostProfileId \u0027Microsoft.VSCode\u0027 -HostVersion \u00272025.4.0\u0027 -BundledModulesPath \u0027c:\\Users\\yaswa\\.vscode\\extensions\\ms-vscode.powershell-2025.4.0\\modules\u0027 -EnableConsoleRepl -StartupBanner \""PowerShell Extension v2025.4.0\nCopyright (c) Microsoft Corporation.\n\nhttps://aka.ms/vscode-powershell\nType \u0027help\u0027 to get help.\n\"" -LogLevel \u0027Warning\u0027 -LogPath \u0027c:\\Users\\yaswa\\AppData\\Roaming\\Code\\logs\\20260730T121325\\window3\\exthost\\ms-vscode.powershell\u0027 -SessionDetailsPath \u0027c:\\Users\\yaswa\\AppData\\Roaming\\Code\\User\\globalStorage\\ms-vscode.powershell\\sessions\\PSES-VSCode-20148-876616.json\u0027 -FeatureFlags @() \n        Engine Version = 5.1.26100.8875\n        Runspace ID = b2b9c8f5-1f0c-4928-af6e-269b2c2642ba\n        Pipeline ID = 12\n        Command Name = \n        Command Type = \n        Script Name = \n        Command Path = \n        Sequence Number = 73\n        User = LAPTOP-8SM7PKPU\\yaswa\n        Connected User = \n        Shell ID = Microsoft.PowerShell\n"",""Payload"":""Error Message = System error.\n"",""UserData"":""""}","Error Message = System error.   Context:         Severity = Warning         Host Name = Visual Studio Code Host         Host Version = 2025.4.0         Host ID = eba7ad3a-ba65-4d04-be04-c760678eb620         Host Application = C:\Windows\System32\WindowsPowerShell\v1.0\powershell.exe -NoProfile -ExecutionPolicy Bypass -Command Import-Module 'c:\Users\yaswa\.vscode\extensions\ms-vscode.powershell-2025.4.0\modules\PowerShellEditorServices\PowerShellEditorServices.psd1'; Start-EditorServices -HostName 'Visual Studio Code Host' -HostProfileId 'Microsoft.VSCode' -HostVersion '2025.4.0' -BundledModulesPath 'c:\Users\yaswa\.vscode\extensions\ms-vscode.powershell-2025.4.0\modules' -EnableConsoleRepl -StartupBanner ""PowerShell Extension v2025.4.0 Copyright (c) Microsoft Corporation.  https://aka.ms/vscode-powershell Type 'help' to get help. "" -LogLevel 'Warning' -LogPath 'c:\Users\yaswa\AppData\Roaming\Code\logs\20260730T121325\window3\exthost\ms-vscode.powershell' -SessionDetailsPath 'c:\Users\yaswa\AppData\Roaming\Code\User\globalStorage\ms-vscode.powershell\sessions\PSES-VSCode-20148-876616.json' -FeatureFlags @()          Engine Version = 5.1.26100.8875         Runspace ID = b2b9c8f5-1f0c-4928-af6e-269b2c2642ba         Pipeline ID = 12         Command Name =          Command Type =          Script Name =          Command Path =          Sequence Number = 73         User = LAPTOP-8SM7PKPU\yaswa         Connected User =          Shell ID = Microsoft.PowerShell   User Data:  "
"2026-08-02T10:58:01.612Z","4203","4100","Microsoft-Windows-PowerShell/Operational","Microsoft-Windows-PowerShell","Warning","LAPTOP-8SM7PKPU","S-1-5-21-3119828605-3733597828-3599172180-1001","{""ContextInfo"":""        Severity = Warning\n        Host Name = Visual Studio Code Host\n        Host Version = 2025.4.0\n        Host ID = eba7ad3a-ba65-4d04-be04-c760678eb620\n        Host Application = C:\\Windows\\System32\\WindowsPowerShell\\v1.0\\powershell.exe -NoProfile -ExecutionPolicy Bypass -Command Import-Module \u0027c:\\Users\\yaswa\\.vscode\\extensions\\ms-vscode.powershell-2025.4.0\\modules\\PowerShellEditorServices\\PowerShellEditorServices.psd1\u0027; Start-EditorServices -HostName \u0027Visual Studio Code Host\u0027 -HostProfileId \u0027Microsoft.VSCode\u0027 -HostVersion \u00272025.4.0\u0027 -BundledModulesPath \u0027c:\\Users\\yaswa\\.vscode\\extensions\\ms-vscode.powershell-2025.4.0\\modules\u0027 -EnableConsoleRepl -StartupBanner \""PowerShell Extension v2025.4.0\nCopyright (c) Microsoft Corporation.\n\nhttps://aka.ms/vscode-powershell\nType \u0027help\u0027 to get help.\n\"" -LogLevel \u0027Warning\u0027 -LogPath \u0027c:\\Users\\yaswa\\AppData\\Roaming\\Code\\logs\\20260730T121325\\window3\\exthost\\ms-vscode.powershell\u0027 -SessionDetailsPath \u0027c:\\Users\\yaswa\\AppData\\Roaming\\Code\\User\\globalStorage\\ms-vscode.powershell\\sessions\\PSES-VSCode-20148-876616.json\u0027 -FeatureFlags @() \n        Engine Version = 5.1.26100.8875\n        Runspace ID = b2b9c8f5-1f0c-4928-af6e-269b2c2642ba\n        Pipeline ID = 12\n        Command Name = \n        Command Type = \n        Script Name = \n        Command Path = \n        Sequence Number = 72\n        User = LAPTOP-8SM7PKPU\\yaswa\n        Connected User = \n        Shell ID = Microsoft.PowerShell\n"",""Payload"":""Error Message = System error.\n"",""UserData"":""""}","Error Message = System error.   Context:         Severity = Warning         Host Name = Visual Studio Code Host         Host Version = 2025.4.0         Host ID = eba7ad3a-ba65-4d04-be04-c760678eb620         Host Application = C:\Windows\System32\WindowsPowerShell\v1.0\powershell.exe -NoProfile -ExecutionPolicy Bypass -Command Import-Module 'c:\Users\yaswa\.vscode\extensions\ms-vscode.powershell-2025.4.0\modules\PowerShellEditorServices\PowerShellEditorServices.psd1'; Start-EditorServices -HostName 'Visual Studio Code Host' -HostProfileId 'Microsoft.VSCode' -HostVersion '2025.4.0' -BundledModulesPath 'c:\Users\yaswa\.vscode\extensions\ms-vscode.powershell-2025.4.0\modules' -EnableConsoleRepl -StartupBanner ""PowerShell Extension v2025.4.0 Copyright (c) Microsoft Corporation.  https://aka.ms/vscode-powershell Type 'help' to get help. "" -LogLevel 'Warning' -LogPath 'c:\Users\yaswa\AppData\Roaming\Code\logs\20260730T121325\window3\exthost\ms-vscode.powershell' -SessionDetailsPath 'c:\Users\yaswa\AppData\Roaming\Code\User\globalStorage\ms-vscode.powershell\sessions\PSES-VSCode-20148-876616.json' -FeatureFlags @()          Engine Version = 5.1.26100.8875         Runspace ID = b2b9c8f5-1f0c-4928-af6e-269b2c2642ba         Pipeline ID = 12         Command Name =          Command Type =          Script Name =          Command Path =          Sequence Number = 72         User = LAPTOP-8SM7PKPU\yaswa         Connected User =          Shell ID = Microsoft.PowerShell   User Data:  "
"2026-08-02T10:58:01.605Z","4202","4100","Microsoft-Windows-PowerShell/Operational","Microsoft-Windows-PowerShell","Warning","LAPTOP-8SM7PKPU","S-1-5-21-3119828605-3733597828-3599172180-1001","{""ContextInfo"":""        Severity = Warning\n        Host Name = Visual Studio Code Host\n        Host Version = 2025.4.0\n        Host ID = eba7ad3a-ba65-4d04-be04-c760678eb620\n        Host Application = C:\\Windows\\System32\\WindowsPowerShell\\v1.0\\powershell.exe -NoProfile -ExecutionPolicy Bypass -Command Import-Module \u0027c:\\Users\\yaswa\\.vscode\\extensions\\ms-vscode.powershell-2025.4.0\\modules\\PowerShellEditorServices\\PowerShellEditorServices.psd1\u0027; Start-EditorServices -HostName \u0027Visual Studio Code Host\u0027 -HostProfileId \u0027Microsoft.VSCode\u0027 -HostVersion \u00272025.4.0\u0027 -BundledModulesPath \u0027c:\\Users\\yaswa\\.vscode\\extensions\\ms-vscode.powershell-2025.4.0\\modules\u0027 -EnableConsoleRepl -StartupBanner \""PowerShell Extension v2025.4.0\nCopyright (c) Microsoft Corporation.\n\nhttps://aka.ms/vscode-powershell\nType \u0027help\u0027 to get help.\n\"" -LogLevel \u0027Warning\u0027 -LogPath \u0027c:\\Users\\yaswa\\AppData\\Roaming\\Code\\logs\\20260730T121325\\window3\\exthost\\ms-vscode.powershell\u0027 -SessionDetailsPath \u0027c:\\Users\\yaswa\\AppData\\Roaming\\Code\\User\\globalStorage\\ms-vscode.powershell\\sessions\\PSES-VSCode-20148-876616.json\u0027 -FeatureFlags @() \n        Engine Version = 5.1.26100.8875\n        Runspace ID = b2b9c8f5-1f0c-4928-af6e-269b2c2642ba\n        Pipeline ID = 12\n        Command Name = \n        Command Type = \n        Script Name = \n        Command Path = \n        Sequence Number = 71\n        User = LAPTOP-8SM7PKPU\\yaswa\n        Connected User = \n        Shell ID = Microsoft.PowerShell\n"",""Payload"":""Error Message = System error.\n"",""UserData"":""""}","Error Message = System error.   Context:         Severity = Warning         Host Name = Visual Studio Code Host         Host Version = 2025.4.0         Host ID = eba7ad3a-ba65-4d04-be04-c760678eb620         Host Application = C:\Windows\System32\WindowsPowerShell\v1.0\powershell.exe -NoProfile -ExecutionPolicy Bypass -Command Import-Module 'c:\Users\yaswa\.vscode\extensions\ms-vscode.powershell-2025.4.0\modules\PowerShellEditorServices\PowerShellEditorServices.psd1'; Start-EditorServices -HostName 'Visual Studio Code Host' -HostProfileId 'Microsoft.VSCode' -HostVersion '2025.4.0' -BundledModulesPath 'c:\Users\yaswa\.vscode\extensions\ms-vscode.powershell-2025.4.0\modules' -EnableConsoleRepl -StartupBanner ""PowerShell Extension v2025.4.0 Copyright (c) Microsoft Corporation.  https://aka.ms/vscode-powershell Type 'help' to get help. "" -LogLevel 'Warning' -LogPath 'c:\Users\yaswa\AppData\Roaming\Code\logs\20260730T121325\window3\exthost\ms-vscode.powershell' -SessionDetailsPath 'c:\Users\yaswa\AppData\Roaming\Code\User\globalStorage\ms-vscode.powershell\sessions\PSES-VSCode-20148-876616.json' -FeatureFlags @()          Engine Version = 5.1.26100.8875         Runspace ID = b2b9c8f5-1f0c-4928-af6e-269b2c2642ba         Pipeline ID = 12         Command Name =          Command Type =          Script Name =          Command Path =          Sequence Number = 71         User = LAPTOP-8SM7PKPU\yaswa         Connected User =          Shell ID = Microsoft.PowerShell   User Data:  "
"2026-08-02T10:57:59.319Z","4201","40962","Microsoft-Windows-PowerShell/Operational","Microsoft-Windows-PowerShell","Information","LAPTOP-8SM7PKPU","S-1-5-21-3119828605-3733597828-3599172180-1001","{}","PowerShell console is ready for user input"
"2026-08-02T10:57:59.297Z","4200","53504","Microsoft-Windows-PowerShell/Operational","Microsoft-Windows-PowerShell","Information","LAPTOP-8SM7PKPU","S-1-5-21-3119828605-3733597828-3599172180-1001","{""param1"":""3652"",""param2"":""DefaultAppDomain""}","Windows PowerShell has started an IPC listening thread on process: 3652 in AppDomain: DefaultAppDomain."
"2026-08-02T10:57:59.259Z","4199","40961","Microsoft-Windows-PowerShell/Operational","Microsoft-Windows-PowerShell","Information","LAPTOP-8SM7PKPU","S-1-5-21-3119828605-3733597828-3599172180-1001","{}","PowerShell console is starting up"
"2026-08-02T10:57:59.130Z","4198","4100","Microsoft-Windows-PowerShell/Operational","Microsoft-Windows-PowerShell","Warning","LAPTOP-8SM7PKPU","S-1-5-21-3119828605-3733597828-3599172180-1001","{""ContextInfo"":""        Severity = Warning\n        Host Name = ConsoleHost\n        Host Version = 5.1.26100.8875\n        Host ID = 3c32f279-09fc-40d0-95c0-963e15a8b9dc\n        Host Application = C:\\Windows\\System32\\WindowsPowerShell\\v1.0\\powershell.exe -noexit -command try { . \""c:\\Users\\yaswa\\AppData\\Local\\Programs\\Microsoft VS Code\\e4c7e7b1d6\\resources\\app\\out\\vs\\workbench\\contrib\\terminal\\common\\scripts\\shellIntegration.ps1\"" } catch {}\n        Engine Version = 5.1.26100.8875\n        Runspace ID = 0ec290d7-cb76-4485-8284-da47e3f0ae6a\n        Pipeline ID = 2\n        Command Name = \n        Command Type = \n        Script Name = \n        Command Path = \n        Sequence Number = 15\n        User = LAPTOP-8SM7PKPU\\yaswa\n        Connected User = \n        Shell ID = Microsoft.PowerShell\n"",""Payload"":""Error Message = File C:\\Users\\yaswa\\AppData\\Local\\Programs\\Microsoft VS Code\\e4c7e7b1d6\\resources\\app\\out\\vs\\workbench\\contrib\\terminal\\common\\scripts\\shellIntegration.ps1 cannot be loaded because running scripts is disabled on this system. For more information, see about_Execution_Policies at https:/go.microsoft.com/fwlink/?LinkID=135170.\nFully Qualified Error ID = UnauthorizedAccess\nRecommended Action = \n"",""UserData"":""""}","Error Message = File C:\Users\yaswa\AppData\Local\Programs\Microsoft VS Code\e4c7e7b1d6\resources\app\out\vs\workbench\contrib\terminal\common\scripts\shellIntegration.ps1 cannot be loaded because running scripts is disabled on this system. For more information, see about_Execution_Policies at https:/go.microsoft.com/fwlink/?LinkID=135170. Fully Qualified Error ID = UnauthorizedAccess Recommended Action =    Context:         Severity = Warning         Host Name = ConsoleHost         Host Version = 5.1.26100.8875         Host ID = 3c32f279-09fc-40d0-95c0-963e15a8b9dc         Host Application = C:\Windows\System32\WindowsPowerShell\v1.0\powershell.exe -noexit -command try { . ""c:\Users\yaswa\AppData\Local\Programs\Microsoft VS Code\e4c7e7b1d6\resources\app\out\vs\workbench\contrib\terminal\common\scripts\shellIntegration.ps1"" } catch {}         Engine Version = 5.1.26100.8875         Runspace ID = 0ec290d7-cb76-4485-8284-da47e3f0ae6a         Pipeline ID = 2         Command Name =          Command Type =          Script Name =          Command Path =          Sequence Number = 15         User = LAPTOP-8SM7PKPU\yaswa         Connected User =          Shell ID = Microsoft.PowerShell   User Data:  "
"2026-08-02T10:57:59.098Z","4197","40962","Microsoft-Windows-PowerShell/Operational","Microsoft-Windows-PowerShell","Information","LAPTOP-8SM7PKPU","S-1-5-21-3119828605-3733597828-3599172180-1001","{}","PowerShell console is ready for user input"
"2026-08-02T10:57:58.973Z","4196","53504","Microsoft-Windows-PowerShell/Operational","Microsoft-Windows-PowerShell","Information","LAPTOP-8SM7PKPU","S-1-5-21-3119828605-3733597828-3599172180-1001","{""param1"":""24224"",""param2"":""DefaultAppDomain""}","Windows PowerShell has started an IPC listening thread on process: 24224 in AppDomain: DefaultAppDomain."
"2026-08-02T10:57:58.935Z","4195","40961","Microsoft-Windows-PowerShell/Operational","Microsoft-Windows-PowerShell","Information","LAPTOP-8SM7PKPU","S-1-5-21-3119828605-3733597828-3599172180-1001","{}","PowerShell console is starting up"
"2026-08-02T10:17:58.223Z","4194","53504","Microsoft-Windows-PowerShell/Operational","Microsoft-Windows-PowerShell","Information","LAPTOP-8SM7PKPU","S-1-5-21-3119828605-3733597828-3599172180-1001","{""param1"":""3636"",""param2"":""LenovoCompanionAppPlugin""}","Windows PowerShell has started an IPC listening thread on process: 3636 in AppDomain: LenovoCompanionAppPlugin."
