"TimeCreated","RecordId","EventId","Channel","Provider","Level","Computer","UserSid","EventData","Message"
"2026-08-02T11:23:25.790Z","6634","400","Windows PowerShell","PowerShell","Information","LAPTOP-8SM7PKPU",,"{""Data"":["""","""",""""]}","Engine state is changed from None to Available.   Details:  	NewEngineState=Available 	PreviousEngineState=None  	SequenceNumber=13  	HostName=ConsoleHost 	HostVersion=5.1.26100.8875 	HostId=2722ff80-3e54-4cba-99b7-a898a594c429 	HostApplication=C:\Windows\System32\WindowsPowerShell\v1.0\powershell.exe -noexit -command try { . ""c:\Users\yaswa\AppData\Local\Programs\Microsoft VS Code\e4c7e7b1d6\resources\app\out\vs\workbench\contrib\terminal\common\scripts\shellIntegration.ps1"" } catch {} 	EngineVersion=5.1.26100.8875 	RunspaceId=9a98089f-5a2c-4435-80f9-9edc9f735a8a 	PipelineId= 	CommandName= 	CommandType= 	ScriptName= 	CommandPath= 	CommandLine="
"2026-08-02T11:23:25.783Z","6633","600","Windows PowerShell","PowerShell","Information","LAPTOP-8SM7PKPU",,"{""Data"":["""","""",""""]}","Provider ""Variable"" is Started.   Details:  	ProviderName=Variable 	NewProviderState=Started  	SequenceNumber=11  	HostName=ConsoleHost 	HostVersion=5.1.26100.8875 	HostId=2722ff80-3e54-4cba-99b7-a898a594c429 	HostApplication=C:\Windows\System32\WindowsPowerShell\v1.0\powershell.exe -noexit -command try { . ""c:\Users\yaswa\AppData\Local\Programs\Microsoft VS Code\e4c7e7b1d6\resources\app\out\vs\workbench\contrib\terminal\common\scripts\shellIntegration.ps1"" } catch {} 	EngineVersion= 	RunspaceId= 	PipelineId= 	CommandName= 	CommandType= 	ScriptName= 	CommandPath= 	CommandLine="
"2026-08-02T11:23:25.783Z","6632","600","Windows PowerShell","PowerShell","Information","LAPTOP-8SM7PKPU",,"{""Data"":["""","""",""""]}","Provider ""Function"" is Started.   Details:  	ProviderName=Function 	NewProviderState=Started  	SequenceNumber=9  	HostName=ConsoleHost 	HostVersion=5.1.26100.8875 	HostId=2722ff80-3e54-4cba-99b7-a898a594c429 	HostApplication=C:\Windows\System32\WindowsPowerShell\v1.0\powershell.exe -noexit -command try { . ""c:\Users\yaswa\AppData\Local\Programs\Microsoft VS Code\e4c7e7b1d6\resources\app\out\vs\workbench\contrib\terminal\common\scripts\shellIntegration.ps1"" } catch {} 	EngineVersion= 	RunspaceId= 	PipelineId= 	CommandName= 	CommandType= 	ScriptName= 	CommandPath= 	CommandLine="
"2026-08-02T11:23:25.783Z","6631","600","Windows PowerShell","PowerShell","Information","LAPTOP-8SM7PKPU",,"{""Data"":["""","""",""""]}","Provider ""FileSystem"" is Started.   Details:  	ProviderName=FileSystem 	NewProviderState=Started  	SequenceNumber=7  	HostName=ConsoleHost 	HostVersion=5.1.26100.8875 	HostId=2722ff80-3e54-4cba-99b7-a898a594c429 	HostApplication=C:\Windows\System32\WindowsPowerShell\v1.0\powershell.exe -noexit -command try { . ""c:\Users\yaswa\AppData\Local\Programs\Microsoft VS Code\e4c7e7b1d6\resources\app\out\vs\workbench\contrib\terminal\common\scripts\shellIntegration.ps1"" } catch {} 	EngineVersion= 	RunspaceId= 	PipelineId= 	CommandName= 	CommandType= 	ScriptName= 	CommandPath= 	CommandLine="
"2026-08-02T11:23:25.782Z","6630","600","Windows PowerShell","PowerShell","Information","LAPTOP-8SM7PKPU",,"{""Data"":["""","""",""""]}","Provider ""Environment"" is Started.   Details:  	ProviderName=Environment 	NewProviderState=Started  	SequenceNumber=5  	HostName=ConsoleHost 	HostVersion=5.1.26100.8875 	HostId=2722ff80-3e54-4cba-99b7-a898a594c429 	HostApplication=C:\Windows\System32\WindowsPowerShell\v1.0\powershell.exe -noexit -command try { . ""c:\Users\yaswa\AppData\Local\Programs\Microsoft VS Code\e4c7e7b1d6\resources\app\out\vs\workbench\contrib\terminal\common\scripts\shellIntegration.ps1"" } catch {} 	EngineVersion= 	RunspaceId= 	PipelineId= 	CommandName= 	CommandType= 	ScriptName= 	CommandPath= 	CommandLine="
"2026-08-02T11:23:25.782Z","6629","600","Windows PowerShell","PowerShell","Information","LAPTOP-8SM7PKPU",,"{""Data"":["""","""",""""]}","Provider ""Alias"" is Started.   Details:  	ProviderName=Alias 	NewProviderState=Started  	SequenceNumber=3  	HostName=ConsoleHost 	HostVersion=5.1.26100.8875 	HostId=2722ff80-3e54-4cba-99b7-a898a594c429 	HostApplication=C:\Windows\System32\WindowsPowerShell\v1.0\powershell.exe -noexit -command try { . ""c:\Users\yaswa\AppData\Local\Programs\Microsoft VS Code\e4c7e7b1d6\resources\app\out\vs\workbench\contrib\terminal\common\scripts\shellIntegration.ps1"" } catch {} 	EngineVersion= 	RunspaceId= 	PipelineId= 	CommandName= 	CommandType= 	ScriptName= 	CommandPath= 	CommandLine="
"2026-08-02T11:23:25.781Z","6628","600","Windows PowerShell","PowerShell","Information","LAPTOP-8SM7PKPU",,"{""Data"":["""","""",""""]}","Provider ""Registry"" is Started.   Details:  	ProviderName=Registry 	NewProviderState=Started  	SequenceNumber=1  	HostName=ConsoleHost 	HostVersion=5.1.26100.8875 	HostId=2722ff80-3e54-4cba-99b7-a898a594c429 	HostApplication=C:\Windows\System32\WindowsPowerShell\v1.0\powershell.exe -noexit -command try { . ""c:\Users\yaswa\AppData\Local\Programs\Microsoft VS Code\e4c7e7b1d6\resources\app\out\vs\workbench\contrib\terminal\common\scripts\shellIntegration.ps1"" } catch {} 	EngineVersion= 	RunspaceId= 	PipelineId= 	CommandName= 	CommandType= 	ScriptName= 	CommandPath= 	CommandLine="
"2026-08-02T11:23:18.062Z","6627","400","Windows PowerShell","PowerShell","Information","LAPTOP-8SM7PKPU",,"{""Data"":["""","""",""""]}","Engine state is changed from None to Available.   Details:  	NewEngineState=Available 	PreviousEngineState=None  	SequenceNumber=13  	HostName=ConsoleHost 	HostVersion=5.1.26100.8875 	HostId=16b81f50-c514-4b74-a655-83427d07824c 	HostApplication=C:\Windows\System32\WindowsPowerShell\v1.0\powershell.exe -noexit -command try { . ""c:\Users\yaswa\AppData\Local\Programs\Microsoft VS Code\e4c7e7b1d6\resources\app\out\vs\workbench\contrib\terminal\common\scripts\shellIntegration.ps1"" } catch {} 	EngineVersion=5.1.26100.8875 	RunspaceId=2f37c399-f0e4-473a-a47b-99087d13fee3 	PipelineId= 	CommandName= 	CommandType= 	ScriptName= 	CommandPath= 	CommandLine="
"2026-08-02T11:23:18.056Z","6626","600","Windows PowerShell","PowerShell","Information","LAPTOP-8SM7PKPU",,"{""Data"":["""","""",""""]}","Provider ""Variable"" is Started.   Details:  	ProviderName=Variable 	NewProviderState=Started  	SequenceNumber=11  	HostName=ConsoleHost 	HostVersion=5.1.26100.8875 	HostId=16b81f50-c514-4b74-a655-83427d07824c 	HostApplication=C:\Windows\System32\WindowsPowerShell\v1.0\powershell.exe -noexit -command try { . ""c:\Users\yaswa\AppData\Local\Programs\Microsoft VS Code\e4c7e7b1d6\resources\app\out\vs\workbench\contrib\terminal\common\scripts\shellIntegration.ps1"" } catch {} 	EngineVersion= 	RunspaceId= 	PipelineId= 	CommandName= 	CommandType= 	ScriptName= 	CommandPath= 	CommandLine="
"2026-08-02T11:23:18.056Z","6625","600","Windows PowerShell","PowerShell","Information","LAPTOP-8SM7PKPU",,"{""Data"":["""","""",""""]}","Provider ""Function"" is Started.   Details:  	ProviderName=Function 	NewProviderState=Started  	SequenceNumber=9  	HostName=ConsoleHost 	HostVersion=5.1.26100.8875 	HostId=16b81f50-c514-4b74-a655-83427d07824c 	HostApplication=C:\Windows\System32\WindowsPowerShell\v1.0\powershell.exe -noexit -command try { . ""c:\Users\yaswa\AppData\Local\Programs\Microsoft VS Code\e4c7e7b1d6\resources\app\out\vs\workbench\contrib\terminal\common\scripts\shellIntegration.ps1"" } catch {} 	EngineVersion= 	RunspaceId= 	PipelineId= 	CommandName= 	CommandType= 	ScriptName= 	CommandPath= 	CommandLine="
"2026-08-02T11:23:18.056Z","6624","600","Windows PowerShell","PowerShell","Information","LAPTOP-8SM7PKPU",,"{""Data"":["""","""",""""]}","Provider ""FileSystem"" is Started.   Details:  	ProviderName=FileSystem 	NewProviderState=Started  	SequenceNumber=7  	HostName=ConsoleHost 	HostVersion=5.1.26100.8875 	HostId=16b81f50-c514-4b74-a655-83427d07824c 	HostApplication=C:\Windows\System32\WindowsPowerShell\v1.0\powershell.exe -noexit -command try { . ""c:\Users\yaswa\AppData\Local\Programs\Microsoft VS Code\e4c7e7b1d6\resources\app\out\vs\workbench\contrib\terminal\common\scripts\shellIntegration.ps1"" } catch {} 	EngineVersion= 	RunspaceId= 	PipelineId= 	CommandName= 	CommandType= 	ScriptName= 	CommandPath= 	CommandLine="
"2026-08-02T11:23:18.055Z","6623","600","Windows PowerShell","PowerShell","Information","LAPTOP-8SM7PKPU",,"{""Data"":["""","""",""""]}","Provider ""Environment"" is Started.   Details:  	ProviderName=Environment 	NewProviderState=Started  	SequenceNumber=5  	HostName=ConsoleHost 	HostVersion=5.1.26100.8875 	HostId=16b81f50-c514-4b74-a655-83427d07824c 	HostApplication=C:\Windows\System32\WindowsPowerShell\v1.0\powershell.exe -noexit -command try { . ""c:\Users\yaswa\AppData\Local\Programs\Microsoft VS Code\e4c7e7b1d6\resources\app\out\vs\workbench\contrib\terminal\common\scripts\shellIntegration.ps1"" } catch {} 	EngineVersion= 	RunspaceId= 	PipelineId= 	CommandName= 	CommandType= 	ScriptName= 	CommandPath= 	CommandLine="
"2026-08-02T11:23:18.055Z","6622","600","Windows PowerShell","PowerShell","Information","LAPTOP-8SM7PKPU",,"{""Data"":["""","""",""""]}","Provider ""Alias"" is Started.   Details:  	ProviderName=Alias 	NewProviderState=Started  	SequenceNumber=3  	HostName=ConsoleHost 	HostVersion=5.1.26100.8875 	HostId=16b81f50-c514-4b74-a655-83427d07824c 	HostApplication=C:\Windows\System32\WindowsPowerShell\v1.0\powershell.exe -noexit -command try { . ""c:\Users\yaswa\AppData\Local\Programs\Microsoft VS Code\e4c7e7b1d6\resources\app\out\vs\workbench\contrib\terminal\common\scripts\shellIntegration.ps1"" } catch {} 	EngineVersion= 	RunspaceId= 	PipelineId= 	CommandName= 	CommandType= 	ScriptName= 	CommandPath= 	CommandLine="
"2026-08-02T11:23:18.055Z","6621","600","Windows PowerShell","PowerShell","Information","LAPTOP-8SM7PKPU",,"{""Data"":["""","""",""""]}","Provider ""Registry"" is Started.   Details:  	ProviderName=Registry 	NewProviderState=Started  	SequenceNumber=1  	HostName=ConsoleHost 	HostVersion=5.1.26100.8875 	HostId=16b81f50-c514-4b74-a655-83427d07824c 	HostApplication=C:\Windows\System32\WindowsPowerShell\v1.0\powershell.exe -noexit -command try { . ""c:\Users\yaswa\AppData\Local\Programs\Microsoft VS Code\e4c7e7b1d6\resources\app\out\vs\workbench\contrib\terminal\common\scripts\shellIntegration.ps1"" } catch {} 	EngineVersion= 	RunspaceId= 	PipelineId= 	CommandName= 	CommandType= 	ScriptName= 	CommandPath= 	CommandLine="
"2026-08-02T11:13:03.071Z","6620","403","Windows PowerShell","PowerShell","Information","LAPTOP-8SM7PKPU",,"{""Data"":["""","""",""""]}","Engine state is changed from Available to Stopped.   Details:  	NewEngineState=Stopped 	PreviousEngineState=Available  	SequenceNumber=134  	HostName=Default Host 	HostVersion=5.1.26100.8875 	HostId=174142ec-40a8-45ca-8cc7-c75fccf69d05 	HostApplication=C:\Windows\System32\WindowsPowerShell\v1.0\powershell.exe -NoProfile -ExecutionPolicy Bypass -Command Import-Module 'c:\Users\yaswa\.vscode\extensions\ms-vscode.powershell-2025.4.0\modules\PowerShellEditorServices\PowerShellEditorServices.psd1'; Start-EditorServices -HostName 'Visual Studio Code Host' -HostProfileId 'Microsoft.VSCode' -HostVersion '2025.4.0' -BundledModulesPath 'c:\Users\yaswa\.vscode\extensions\ms-vscode.powershell-2025.4.0\modules' -EnableConsoleRepl -StartupBanner ""PowerShell Extension v2025.4.0 Copyright (c) Microsoft Corporation.  https://aka.ms/vscode-powershell Type 'help' to get help. "" -LogLevel 'Warning' -LogPath 'c:\Users\yaswa\AppData\Roaming\Code\logs\20260730T121325\window3\exthost\ms-vscode.powershell' -SessionDetailsPath 'c:\Users\yaswa\AppData\Roaming\Code\User\globalStorage\ms-vscode.powershell\sessions\PSES-VSCode-20148-876616.json' -FeatureFlags @()  	EngineVersion=5.1.26100.8875 	RunspaceId=54e3ea20-23bc-418c-9fe7-6a725aa8b410 	PipelineId= 	CommandName= 	CommandType= 	ScriptName= 	CommandPath= 	CommandLine="
"2026-08-02T10:58:03.062Z","6619","400","Windows PowerShell","PowerShell","Information","LAPTOP-8SM7PKPU",,"{""Data"":["""","""",""""]}","Engine state is changed from None to Available.   Details:  	NewEngineState=Available 	PreviousEngineState=None  	SequenceNumber=124  	HostName=Default Host 	HostVersion=5.1.26100.8875 	HostId=174142ec-40a8-45ca-8cc7-c75fccf69d05 	HostApplication=C:\Windows\System32\WindowsPowerShell\v1.0\powershell.exe -NoProfile -ExecutionPolicy Bypass -Command Import-Module 'c:\Users\yaswa\.vscode\extensions\ms-vscode.powershell-2025.4.0\modules\PowerShellEditorServices\PowerShellEditorServices.psd1'; Start-EditorServices -HostName 'Visual Studio Code Host' -HostProfileId 'Microsoft.VSCode' -HostVersion '2025.4.0' -BundledModulesPath 'c:\Users\yaswa\.vscode\extensions\ms-vscode.powershell-2025.4.0\modules' -EnableConsoleRepl -StartupBanner ""PowerShell Extension v2025.4.0 Copyright (c) Microsoft Corporation.  https://aka.ms/vscode-powershell Type 'help' to get help. "" -LogLevel 'Warning' -LogPath 'c:\Users\yaswa\AppData\Roaming\Code\logs\20260730T121325\window3\exthost\ms-vscode.powershell' -SessionDetailsPath 'c:\Users\yaswa\AppData\Roaming\Code\User\globalStorage\ms-vscode.powershell\sessions\PSES-VSCode-20148-876616.json' -FeatureFlags @()  	EngineVersion=5.1.26100.8875 	RunspaceId=bd2b4454-fd0b-4798-82d8-4d8e5d6d6069 	PipelineId= 	CommandName= 	CommandType= 	ScriptName= 	CommandPath= 	CommandLine="
"2026-08-02T10:58:03.061Z","6618","600","Windows PowerShell","PowerShell","Information","LAPTOP-8SM7PKPU",,"{""Data"":["""","""",""""]}","Provider ""WSMan"" is Started.   Details:  	ProviderName=WSMan 	NewProviderState=Started  	SequenceNumber=122  	HostName=Default Host 	HostVersion=5.1.26100.8875 	HostId=174142ec-40a8-45ca-8cc7-c75fccf69d05 	HostApplication=C:\Windows\System32\WindowsPowerShell\v1.0\powershell.exe -NoProfile -ExecutionPolicy Bypass -Command Import-Module 'c:\Users\yaswa\.vscode\extensions\ms-vscode.powershell-2025.4.0\modules\PowerShellEditorServices\PowerShellEditorServices.psd1'; Start-EditorServices -HostName 'Visual Studio Code Host' -HostProfileId 'Microsoft.VSCode' -HostVersion '2025.4.0' -BundledModulesPath 'c:\Users\yaswa\.vscode\extensions\ms-vscode.powershell-2025.4.0\modules' -EnableConsoleRepl -StartupBanner ""PowerShell Extension v2025.4.0 Copyright (c) Microsoft Corporation.  https://aka.ms/vscode-powershell Type 'help' to get help. "" -LogLevel 'Warning' -LogPath 'c:\Users\yaswa\AppData\Roaming\Code\logs\20260730T121325\window3\exthost\ms-vscode.powershell' -SessionDetailsPath 'c:\Users\yaswa\AppData\Roaming\Code\User\globalStorage\ms-vscode.powershell\sessions\PSES-VSCode-20148-876616.json' -FeatureFlags @()  	EngineVersion= 	RunspaceId= 	PipelineId= 	CommandName= 	CommandType= 	ScriptName= 	CommandPath= 	CommandLine="
"2026-08-02T10:58:03.061Z","6617","600","Windows PowerShell","PowerShell","Information","LAPTOP-8SM7PKPU",,"{""Data"":["""","""",""""]}","Provider ""Certificate"" is Started.   Details:  	ProviderName=Certificate 	NewProviderState=Started  	SequenceNumber=120  	HostName=Default Host 	HostVersion=5.1.26100.8875 	HostId=174142ec-40a8-45ca-8cc7-c75fccf69d05 	HostApplication=C:\Windows\System32\WindowsPowerShell\v1.0\powershell.exe -NoProfile -ExecutionPolicy Bypass -Command Import-Module 'c:\Users\yaswa\.vscode\extensions\ms-vscode.powershell-2025.4.0\modules\PowerShellEditorServices\PowerShellEditorServices.psd1'; Start-EditorServices -HostName 'Visual Studio Code Host' -HostProfileId 'Microsoft.VSCode' -HostVersion '2025.4.0' -BundledModulesPath 'c:\Users\yaswa\.vscode\extensions\ms-vscode.powershell-2025.4.0\modules' -EnableConsoleRepl -StartupBanner ""PowerShell Extension v2025.4.0 Copyright (c) Microsoft Corporation.  https://aka.ms/vscode-powershell Type 'help' to get help. "" -LogLevel 'Warning' -LogPath 'c:\Users\yaswa\AppData\Roaming\Code\logs\20260730T121325\window3\exthost\ms-vscode.powershell' -SessionDetailsPath 'c:\Users\yaswa\AppData\Roaming\Code\User\globalStorage\ms-vscode.powershell\sessions\PSES-VSCode-20148-876616.json' -FeatureFlags @()  	EngineVersion= 	RunspaceId= 	PipelineId= 	CommandName= 	CommandType= 	ScriptName= 	CommandPath= 	CommandLine="
"2026-08-02T10:58:03.061Z","6616","600","Windows PowerShell","PowerShell","Information","LAPTOP-8SM7PKPU",,"{""Data"":["""","""",""""]}","Provider ""Variable"" is Started.   Details:  	ProviderName=Variable 	NewProviderState=Started  	SequenceNumber=118  	HostName=Default Host 	HostVersion=5.1.26100.8875 	HostId=174142ec-40a8-45ca-8cc7-c75fccf69d05 	HostApplication=C:\Windows\System32\WindowsPowerShell\v1.0\powershell.exe -NoProfile -ExecutionPolicy Bypass -Command Import-Module 'c:\Users\yaswa\.vscode\extensions\ms-vscode.powershell-2025.4.0\modules\PowerShellEditorServices\PowerShellEditorServices.psd1'; Start-EditorServices -HostName 'Visual Studio Code Host' -HostProfileId 'Microsoft.VSCode' -HostVersion '2025.4.0' -BundledModulesPath 'c:\Users\yaswa\.vscode\extensions\ms-vscode.powershell-2025.4.0\modules' -EnableConsoleRepl -StartupBanner ""PowerShell Extension v2025.4.0 Copyright (c) Microsoft Corporation.  https://aka.ms/vscode-powershell Type 'help' to get help. "" -LogLevel 'Warning' -LogPath 'c:\Users\yaswa\AppData\Roaming\Code\logs\20260730T121325\window3\exthost\ms-vscode.powershell' -SessionDetailsPath 'c:\Users\yaswa\AppData\Roaming\Code\User\globalStorage\ms-vscode.powershell\sessions\PSES-VSCode-20148-876616.json' -FeatureFlags @()  	EngineVersion= 	RunspaceId= 	PipelineId= 	CommandName= 	CommandType= 	ScriptName= 	CommandPath= 	CommandLine="
"2026-08-02T10:58:03.060Z","6615","600","Windows PowerShell","PowerShell","Information","LAPTOP-8SM7PKPU",,"{""Data"":["""","""",""""]}","Provider ""Function"" is Started.   Details:  	ProviderName=Function 	NewProviderState=Started  	SequenceNumber=116  	HostName=Default Host 	HostVersion=5.1.26100.8875 	HostId=174142ec-40a8-45ca-8cc7-c75fccf69d05 	HostApplication=C:\Windows\System32\WindowsPowerShell\v1.0\powershell.exe -NoProfile -ExecutionPolicy Bypass -Command Import-Module 'c:\Users\yaswa\.vscode\extensions\ms-vscode.powershell-2025.4.0\modules\PowerShellEditorServices\PowerShellEditorServices.psd1'; Start-EditorServices -HostName 'Visual Studio Code Host' -HostProfileId 'Microsoft.VSCode' -HostVersion '2025.4.0' -BundledModulesPath 'c:\Users\yaswa\.vscode\extensions\ms-vscode.powershell-2025.4.0\modules' -EnableConsoleRepl -StartupBanner ""PowerShell Extension v2025.4.0 Copyright (c) Microsoft Corporation.  https://aka.ms/vscode-powershell Type 'help' to get help. "" -LogLevel 'Warning' -LogPath 'c:\Users\yaswa\AppData\Roaming\Code\logs\20260730T121325\window3\exthost\ms-vscode.powershell' -SessionDetailsPath 'c:\Users\yaswa\AppData\Roaming\Code\User\globalStorage\ms-vscode.powershell\sessions\PSES-VSCode-20148-876616.json' -FeatureFlags @()  	EngineVersion= 	RunspaceId= 	PipelineId= 	CommandName= 	CommandType= 	ScriptName= 	CommandPath= 	CommandLine="
"2026-08-02T10:58:03.060Z","6614","600","Windows PowerShell","PowerShell","Information","LAPTOP-8SM7PKPU",,"{""Data"":["""","""",""""]}","Provider ""FileSystem"" is Started.   Details:  	ProviderName=FileSystem 	NewProviderState=Started  	SequenceNumber=114  	HostName=Default Host 	HostVersion=5.1.26100.8875 	HostId=174142ec-40a8-45ca-8cc7-c75fccf69d05 	HostApplication=C:\Windows\System32\WindowsPowerShell\v1.0\powershell.exe -NoProfile -ExecutionPolicy Bypass -Command Import-Module 'c:\Users\yaswa\.vscode\extensions\ms-vscode.powershell-2025.4.0\modules\PowerShellEditorServices\PowerShellEditorServices.psd1'; Start-EditorServices -HostName 'Visual Studio Code Host' -HostProfileId 'Microsoft.VSCode' -HostVersion '2025.4.0' -BundledModulesPath 'c:\Users\yaswa\.vscode\extensions\ms-vscode.powershell-2025.4.0\modules' -EnableConsoleRepl -StartupBanner ""PowerShell Extension v2025.4.0 Copyright (c) Microsoft Corporation.  https://aka.ms/vscode-powershell Type 'help' to get help. "" -LogLevel 'Warning' -LogPath 'c:\Users\yaswa\AppData\Roaming\Code\logs\20260730T121325\window3\exthost\ms-vscode.powershell' -SessionDetailsPath 'c:\Users\yaswa\AppData\Roaming\Code\User\globalStorage\ms-vscode.powershell\sessions\PSES-VSCode-20148-876616.json' -FeatureFlags @()  	EngineVersion= 	RunspaceId= 	PipelineId= 	CommandName= 	CommandType= 	ScriptName= 	CommandPath= 	CommandLine="
"2026-08-02T10:58:03.060Z","6613","600","Windows PowerShell","PowerShell","Information","LAPTOP-8SM7PKPU",,"{""Data"":["""","""",""""]}","Provider ""Environment"" is Started.   Details:  	ProviderName=Environment 	NewProviderState=Started  	SequenceNumber=112  	HostName=Default Host 	HostVersion=5.1.26100.8875 	HostId=174142ec-40a8-45ca-8cc7-c75fccf69d05 	HostApplication=C:\Windows\System32\WindowsPowerShell\v1.0\powershell.exe -NoProfile -ExecutionPolicy Bypass -Command Import-Module 'c:\Users\yaswa\.vscode\extensions\ms-vscode.powershell-2025.4.0\modules\PowerShellEditorServices\PowerShellEditorServices.psd1'; Start-EditorServices -HostName 'Visual Studio Code Host' -HostProfileId 'Microsoft.VSCode' -HostVersion '2025.4.0' -BundledModulesPath 'c:\Users\yaswa\.vscode\extensions\ms-vscode.powershell-2025.4.0\modules' -EnableConsoleRepl -StartupBanner ""PowerShell Extension v2025.4.0 Copyright (c) Microsoft Corporation.  https://aka.ms/vscode-powershell Type 'help' to get help. "" -LogLevel 'Warning' -LogPath 'c:\Users\yaswa\AppData\Roaming\Code\logs\20260730T121325\window3\exthost\ms-vscode.powershell' -SessionDetailsPath 'c:\Users\yaswa\AppData\Roaming\Code\User\globalStorage\ms-vscode.powershell\sessions\PSES-VSCode-20148-876616.json' -FeatureFlags @()  	EngineVersion= 	RunspaceId= 	PipelineId= 	CommandName= 	CommandType= 	ScriptName= 	CommandPath= 	CommandLine="
"2026-08-02T10:58:03.060Z","6612","600","Windows PowerShell","PowerShell","Information","LAPTOP-8SM7PKPU",,"{""Data"":["""","""",""""]}","Provider ""Alias"" is Started.   Details:  	ProviderName=Alias 	NewProviderState=Started  	SequenceNumber=110  	HostName=Default Host 	HostVersion=5.1.26100.8875 	HostId=174142ec-40a8-45ca-8cc7-c75fccf69d05 	HostApplication=C:\Windows\System32\WindowsPowerShell\v1.0\powershell.exe -NoProfile -ExecutionPolicy Bypass -Command Import-Module 'c:\Users\yaswa\.vscode\extensions\ms-vscode.powershell-2025.4.0\modules\PowerShellEditorServices\PowerShellEditorServices.psd1'; Start-EditorServices -HostName 'Visual Studio Code Host' -HostProfileId 'Microsoft.VSCode' -HostVersion '2025.4.0' -BundledModulesPath 'c:\Users\yaswa\.vscode\extensions\ms-vscode.powershell-2025.4.0\modules' -EnableConsoleRepl -StartupBanner ""PowerShell Extension v2025.4.0 Copyright (c) Microsoft Corporation.  https://aka.ms/vscode-powershell Type 'help' to get help. "" -LogLevel 'Warning' -LogPath 'c:\Users\yaswa\AppData\Roaming\Code\logs\20260730T121325\window3\exthost\ms-vscode.powershell' -SessionDetailsPath 'c:\Users\yaswa\AppData\Roaming\Code\User\globalStorage\ms-vscode.powershell\sessions\PSES-VSCode-20148-876616.json' -FeatureFlags @()  	EngineVersion= 	RunspaceId= 	PipelineId= 	CommandName= 	CommandType= 	ScriptName= 	CommandPath= 	CommandLine="
"2026-08-02T10:58:03.060Z","6611","600","Windows PowerShell","PowerShell","Information","LAPTOP-8SM7PKPU",,"{""Data"":["""","""",""""]}","Provider ""Registry"" is Started.   Details:  	ProviderName=Registry 	NewProviderState=Started  	SequenceNumber=108  	HostName=Default Host 	HostVersion=5.1.26100.8875 	HostId=174142ec-40a8-45ca-8cc7-c75fccf69d05 	HostApplication=C:\Windows\System32\WindowsPowerShell\v1.0\powershell.exe -NoProfile -ExecutionPolicy Bypass -Command Import-Module 'c:\Users\yaswa\.vscode\extensions\ms-vscode.powershell-2025.4.0\modules\PowerShellEditorServices\PowerShellEditorServices.psd1'; Start-EditorServices -HostName 'Visual Studio Code Host' -HostProfileId 'Microsoft.VSCode' -HostVersion '2025.4.0' -BundledModulesPath 'c:\Users\yaswa\.vscode\extensions\ms-vscode.powershell-2025.4.0\modules' -EnableConsoleRepl -StartupBanner ""PowerShell Extension v2025.4.0 Copyright (c) Microsoft Corporation.  https://aka.ms/vscode-powershell Type 'help' to get help. "" -LogLevel 'Warning' -LogPath 'c:\Users\yaswa\AppData\Roaming\Code\logs\20260730T121325\window3\exthost\ms-vscode.powershell' -SessionDetailsPath 'c:\Users\yaswa\AppData\Roaming\Code\User\globalStorage\ms-vscode.powershell\sessions\PSES-VSCode-20148-876616.json' -FeatureFlags @()  	EngineVersion= 	RunspaceId= 	PipelineId= 	CommandName= 	CommandType= 	ScriptName= 	CommandPath= 	CommandLine="
"2026-08-02T10:58:03.055Z","6610","400","Windows PowerShell","PowerShell","Information","LAPTOP-8SM7PKPU",,"{""Data"":["""","""",""""]}","Engine state is changed from None to Available.   Details:  	NewEngineState=Available 	PreviousEngineState=None  	SequenceNumber=106  	HostName=Default Host 	HostVersion=5.1.26100.8875 	HostId=174142ec-40a8-45ca-8cc7-c75fccf69d05 	HostApplication=C:\Windows\System32\WindowsPowerShell\v1.0\powershell.exe -NoProfile -ExecutionPolicy Bypass -Command Import-Module 'c:\Users\yaswa\.vscode\extensions\ms-vscode.powershell-2025.4.0\modules\PowerShellEditorServices\PowerShellEditorServices.psd1'; Start-EditorServices -HostName 'Visual Studio Code Host' -HostProfileId 'Microsoft.VSCode' -HostVersion '2025.4.0' -BundledModulesPath 'c:\Users\yaswa\.vscode\extensions\ms-vscode.powershell-2025.4.0\modules' -EnableConsoleRepl -StartupBanner ""PowerShell Extension v2025.4.0 Copyright (c) Microsoft Corporation.  https://aka.ms/vscode-powershell Type 'help' to get help. "" -LogLevel 'Warning' -LogPath 'c:\Users\yaswa\AppData\Roaming\Code\logs\20260730T121325\window3\exthost\ms-vscode.powershell' -SessionDetailsPath 'c:\Users\yaswa\AppData\Roaming\Code\User\globalStorage\ms-vscode.powershell\sessions\PSES-VSCode-20148-876616.json' -FeatureFlags @()  	EngineVersion=5.1.26100.8875 	RunspaceId=54e3ea20-23bc-418c-9fe7-6a725aa8b410 	PipelineId= 	CommandName= 	CommandType= 	ScriptName= 	CommandPath= 	CommandLine="
"2026-08-02T10:58:03.054Z","6609","600","Windows PowerShell","PowerShell","Information","LAPTOP-8SM7PKPU",,"{""Data"":["""","""",""""]}","Provider ""WSMan"" is Started.   Details:  	ProviderName=WSMan 	NewProviderState=Started  	SequenceNumber=104  	HostName=Default Host 	HostVersion=5.1.26100.8875 	HostId=174142ec-40a8-45ca-8cc7-c75fccf69d05 	HostApplication=C:\Windows\System32\WindowsPowerShell\v1.0\powershell.exe -NoProfile -ExecutionPolicy Bypass -Command Import-Module 'c:\Users\yaswa\.vscode\extensions\ms-vscode.powershell-2025.4.0\modules\PowerShellEditorServices\PowerShellEditorServices.psd1'; Start-EditorServices -HostName 'Visual Studio Code Host' -HostProfileId 'Microsoft.VSCode' -HostVersion '2025.4.0' -BundledModulesPath 'c:\Users\yaswa\.vscode\extensions\ms-vscode.powershell-2025.4.0\modules' -EnableConsoleRepl -StartupBanner ""PowerShell Extension v2025.4.0 Copyright (c) Microsoft Corporation.  https://aka.ms/vscode-powershell Type 'help' to get help. "" -LogLevel 'Warning' -LogPath 'c:\Users\yaswa\AppData\Roaming\Code\logs\20260730T121325\window3\exthost\ms-vscode.powershell' -SessionDetailsPath 'c:\Users\yaswa\AppData\Roaming\Code\User\globalStorage\ms-vscode.powershell\sessions\PSES-VSCode-20148-876616.json' -FeatureFlags @()  	EngineVersion= 	RunspaceId= 	PipelineId= 	CommandName= 	CommandType= 	ScriptName= 	CommandPath= 	CommandLine="
"2026-08-02T10:58:03.054Z","6608","600","Windows PowerShell","PowerShell","Information","LAPTOP-8SM7PKPU",,"{""Data"":["""","""",""""]}","Provider ""Certificate"" is Started.   Details:  	ProviderName=Certificate 	NewProviderState=Started  	SequenceNumber=102  	HostName=Default Host 	HostVersion=5.1.26100.8875 	HostId=174142ec-40a8-45ca-8cc7-c75fccf69d05 	HostApplication=C:\Windows\System32\WindowsPowerShell\v1.0\powershell.exe -NoProfile -ExecutionPolicy Bypass -Command Import-Module 'c:\Users\yaswa\.vscode\extensions\ms-vscode.powershell-2025.4.0\modules\PowerShellEditorServices\PowerShellEditorServices.psd1'; Start-EditorServices -HostName 'Visual Studio Code Host' -HostProfileId 'Microsoft.VSCode' -HostVersion '2025.4.0' -BundledModulesPath 'c:\Users\yaswa\.vscode\extensions\ms-vscode.powershell-2025.4.0\modules' -EnableConsoleRepl -StartupBanner ""PowerShell Extension v2025.4.0 Copyright (c) Microsoft Corporation.  https://aka.ms/vscode-powershell Type 'help' to get help. "" -LogLevel 'Warning' -LogPath 'c:\Users\yaswa\AppData\Roaming\Code\logs\20260730T121325\window3\exthost\ms-vscode.powershell' -SessionDetailsPath 'c:\Users\yaswa\AppData\Roaming\Code\User\globalStorage\ms-vscode.powershell\sessions\PSES-VSCode-20148-876616.json' -FeatureFlags @()  	EngineVersion= 	RunspaceId= 	PipelineId= 	CommandName= 	CommandType= 	ScriptName= 	CommandPath= 	CommandLine="
"2026-08-02T10:58:03.054Z","6607","600","Windows PowerShell","PowerShell","Information","LAPTOP-8SM7PKPU",,"{""Data"":["""","""",""""]}","Provider ""Variable"" is Started.   Details:  	ProviderName=Variable 	NewProviderState=Started  	SequenceNumber=100  	HostName=Default Host 	HostVersion=5.1.26100.8875 	HostId=174142ec-40a8-45ca-8cc7-c75fccf69d05 	HostApplication=C:\Windows\System32\WindowsPowerShell\v1.0\powershell.exe -NoProfile -ExecutionPolicy Bypass -Command Import-Module 'c:\Users\yaswa\.vscode\extensions\ms-vscode.powershell-2025.4.0\modules\PowerShellEditorServices\PowerShellEditorServices.psd1'; Start-EditorServices -HostName 'Visual Studio Code Host' -HostProfileId 'Microsoft.VSCode' -HostVersion '2025.4.0' -BundledModulesPath 'c:\Users\yaswa\.vscode\extensions\ms-vscode.powershell-2025.4.0\modules' -EnableConsoleRepl -StartupBanner ""PowerShell Extension v2025.4.0 Copyright (c) Microsoft Corporation.  https://aka.ms/vscode-powershell Type 'help' to get help. "" -LogLevel 'Warning' -LogPath 'c:\Users\yaswa\AppData\Roaming\Code\logs\20260730T121325\window3\exthost\ms-vscode.powershell' -SessionDetailsPath 'c:\Users\yaswa\AppData\Roaming\Code\User\globalStorage\ms-vscode.powershell\sessions\PSES-VSCode-20148-876616.json' -FeatureFlags @()  	EngineVersion= 	RunspaceId= 	PipelineId= 	CommandName= 	CommandType= 	ScriptName= 	CommandPath= 	CommandLine="
"2026-08-02T10:58:03.053Z","6606","600","Windows PowerShell","PowerShell","Information","LAPTOP-8SM7PKPU",,"{""Data"":["""","""",""""]}","Provider ""Function"" is Started.   Details:  	ProviderName=Function 	NewProviderState=Started  	SequenceNumber=98  	HostName=Default Host 	HostVersion=5.1.26100.8875 	HostId=174142ec-40a8-45ca-8cc7-c75fccf69d05 	HostApplication=C:\Windows\System32\WindowsPowerShell\v1.0\powershell.exe -NoProfile -ExecutionPolicy Bypass -Command Import-Module 'c:\Users\yaswa\.vscode\extensions\ms-vscode.powershell-2025.4.0\modules\PowerShellEditorServices\PowerShellEditorServices.psd1'; Start-EditorServices -HostName 'Visual Studio Code Host' -HostProfileId 'Microsoft.VSCode' -HostVersion '2025.4.0' -BundledModulesPath 'c:\Users\yaswa\.vscode\extensions\ms-vscode.powershell-2025.4.0\modules' -EnableConsoleRepl -StartupBanner ""PowerShell Extension v2025.4.0 Copyright (c) Microsoft Corporation.  https://aka.ms/vscode-powershell Type 'help' to get help. "" -LogLevel 'Warning' -LogPath 'c:\Users\yaswa\AppData\Roaming\Code\logs\20260730T121325\window3\exthost\ms-vscode.powershell' -SessionDetailsPath 'c:\Users\yaswa\AppData\Roaming\Code\User\globalStorage\ms-vscode.powershell\sessions\PSES-VSCode-20148-876616.json' -FeatureFlags @()  	EngineVersion= 	RunspaceId= 	PipelineId= 	CommandName= 	CommandType= 	ScriptName= 	CommandPath= 	CommandLine="
"2026-08-02T10:58:03.053Z","6605","600","Windows PowerShell","PowerShell","Information","LAPTOP-8SM7PKPU",,"{""Data"":["""","""",""""]}","Provider ""FileSystem"" is Started.   Details:  	ProviderName=FileSystem 	NewProviderState=Started  	SequenceNumber=96  	HostName=Default Host 	HostVersion=5.1.26100.8875 	HostId=174142ec-40a8-45ca-8cc7-c75fccf69d05 	HostApplication=C:\Windows\System32\WindowsPowerShell\v1.0\powershell.exe -NoProfile -ExecutionPolicy Bypass -Command Import-Module 'c:\Users\yaswa\.vscode\extensions\ms-vscode.powershell-2025.4.0\modules\PowerShellEditorServices\PowerShellEditorServices.psd1'; Start-EditorServices -HostName 'Visual Studio Code Host' -HostProfileId 'Microsoft.VSCode' -HostVersion '2025.4.0' -BundledModulesPath 'c:\Users\yaswa\.vscode\extensions\ms-vscode.powershell-2025.4.0\modules' -EnableConsoleRepl -StartupBanner ""PowerShell Extension v2025.4.0 Copyright (c) Microsoft Corporation.  https://aka.ms/vscode-powershell Type 'help' to get help. "" -LogLevel 'Warning' -LogPath 'c:\Users\yaswa\AppData\Roaming\Code\logs\20260730T121325\window3\exthost\ms-vscode.powershell' -SessionDetailsPath 'c:\Users\yaswa\AppData\Roaming\Code\User\globalStorage\ms-vscode.powershell\sessions\PSES-VSCode-20148-876616.json' -FeatureFlags @()  	EngineVersion= 	RunspaceId= 	PipelineId= 	CommandName= 	CommandType= 	ScriptName= 	CommandPath= 	CommandLine="
"2026-08-02T10:58:03.053Z","6604","600","Windows PowerShell","PowerShell","Information","LAPTOP-8SM7PKPU",,"{""Data"":["""","""",""""]}","Provider ""Environment"" is Started.   Details:  	ProviderName=Environment 	NewProviderState=Started  	SequenceNumber=94  	HostName=Default Host 	HostVersion=5.1.26100.8875 	HostId=174142ec-40a8-45ca-8cc7-c75fccf69d05 	HostApplication=C:\Windows\System32\WindowsPowerShell\v1.0\powershell.exe -NoProfile -ExecutionPolicy Bypass -Command Import-Module 'c:\Users\yaswa\.vscode\extensions\ms-vscode.powershell-2025.4.0\modules\PowerShellEditorServices\PowerShellEditorServices.psd1'; Start-EditorServices -HostName 'Visual Studio Code Host' -HostProfileId 'Microsoft.VSCode' -HostVersion '2025.4.0' -BundledModulesPath 'c:\Users\yaswa\.vscode\extensions\ms-vscode.powershell-2025.4.0\modules' -EnableConsoleRepl -StartupBanner ""PowerShell Extension v2025.4.0 Copyright (c) Microsoft Corporation.  https://aka.ms/vscode-powershell Type 'help' to get help. "" -LogLevel 'Warning' -LogPath 'c:\Users\yaswa\AppData\Roaming\Code\logs\20260730T121325\window3\exthost\ms-vscode.powershell' -SessionDetailsPath 'c:\Users\yaswa\AppData\Roaming\Code\User\globalStorage\ms-vscode.powershell\sessions\PSES-VSCode-20148-876616.json' -FeatureFlags @()  	EngineVersion= 	RunspaceId= 	PipelineId= 	CommandName= 	CommandType= 	ScriptName= 	CommandPath= 	CommandLine="
"2026-08-02T10:58:03.053Z","6603","600","Windows PowerShell","PowerShell","Information","LAPTOP-8SM7PKPU",,"{""Data"":["""","""",""""]}","Provider ""Alias"" is Started.   Details:  	ProviderName=Alias 	NewProviderState=Started  	SequenceNumber=92  	HostName=Default Host 	HostVersion=5.1.26100.8875 	HostId=174142ec-40a8-45ca-8cc7-c75fccf69d05 	HostApplication=C:\Windows\System32\WindowsPowerShell\v1.0\powershell.exe -NoProfile -ExecutionPolicy Bypass -Command Import-Module 'c:\Users\yaswa\.vscode\extensions\ms-vscode.powershell-2025.4.0\modules\PowerShellEditorServices\PowerShellEditorServices.psd1'; Start-EditorServices -HostName 'Visual Studio Code Host' -HostProfileId 'Microsoft.VSCode' -HostVersion '2025.4.0' -BundledModulesPath 'c:\Users\yaswa\.vscode\extensions\ms-vscode.powershell-2025.4.0\modules' -EnableConsoleRepl -StartupBanner ""PowerShell Extension v2025.4.0 Copyright (c) Microsoft Corporation.  https://aka.ms/vscode-powershell Type 'help' to get help. "" -LogLevel 'Warning' -LogPath 'c:\Users\yaswa\AppData\Roaming\Code\logs\20260730T121325\window3\exthost\ms-vscode.powershell' -SessionDetailsPath 'c:\Users\yaswa\AppData\Roaming\Code\User\globalStorage\ms-vscode.powershell\sessions\PSES-VSCode-20148-876616.json' -FeatureFlags @()  	EngineVersion= 	RunspaceId= 	PipelineId= 	CommandName= 	CommandType= 	ScriptName= 	CommandPath= 	CommandLine="
"2026-08-02T10:58:03.053Z","6602","600","Windows PowerShell","PowerShell","Information","LAPTOP-8SM7PKPU",,"{""Data"":["""","""",""""]}","Provider ""Registry"" is Started.   Details:  	ProviderName=Registry 	NewProviderState=Started  	SequenceNumber=90  	HostName=Default Host 	HostVersion=5.1.26100.8875 	HostId=174142ec-40a8-45ca-8cc7-c75fccf69d05 	HostApplication=C:\Windows\System32\WindowsPowerShell\v1.0\powershell.exe -NoProfile -ExecutionPolicy Bypass -Command Import-Module 'c:\Users\yaswa\.vscode\extensions\ms-vscode.powershell-2025.4.0\modules\PowerShellEditorServices\PowerShellEditorServices.psd1'; Start-EditorServices -HostName 'Visual Studio Code Host' -HostProfileId 'Microsoft.VSCode' -HostVersion '2025.4.0' -BundledModulesPath 'c:\Users\yaswa\.vscode\extensions\ms-vscode.powershell-2025.4.0\modules' -EnableConsoleRepl -StartupBanner ""PowerShell Extension v2025.4.0 Copyright (c) Microsoft Corporation.  https://aka.ms/vscode-powershell Type 'help' to get help. "" -LogLevel 'Warning' -LogPath 'c:\Users\yaswa\AppData\Roaming\Code\logs\20260730T121325\window3\exthost\ms-vscode.powershell' -SessionDetailsPath 'c:\Users\yaswa\AppData\Roaming\Code\User\globalStorage\ms-vscode.powershell\sessions\PSES-VSCode-20148-876616.json' -FeatureFlags @()  	EngineVersion= 	RunspaceId= 	PipelineId= 	CommandName= 	CommandType= 	ScriptName= 	CommandPath= 	CommandLine="
"2026-08-02T10:58:02.782Z","6601","800","Windows PowerShell","PowerShell","Information","LAPTOP-8SM7PKPU",,"{""Data"":["""","""",""""]}","Pipeline execution details for command line:     Add-Type -Path ""$PSScriptRoot/Newtonsoft.Json.dll"" .   Context Information:  	DetailSequence=1 	DetailTotal=1  	SequenceNumber=88  	UserId=LAPTOP-8SM7PKPU\yaswa 	HostName=Default Host 	HostVersion=5.1.26100.8875 	HostId=163bc22f-a12c-49f8-9d09-883f98b20a99 	HostApplication=C:\Windows\System32\WindowsPowerShell\v1.0\powershell.exe -NoProfile -ExecutionPolicy Bypass -Command Import-Module 'c:\Users\yaswa\.vscode\extensions\ms-vscode.powershell-2025.4.0\modules\PowerShellEditorServices\PowerShellEditorServices.psd1'; Start-EditorServices -HostName 'Visual Studio Code Host' -HostProfileId 'Microsoft.VSCode' -HostVersion '2025.4.0' -BundledModulesPath 'c:\Users\yaswa\.vscode\extensions\ms-vscode.powershell-2025.4.0\modules' -EnableConsoleRepl -StartupBanner ""PowerShell Extension v2025.4.0 Copyright (c) Microsoft Corporation.  https://aka.ms/vscode-powershell Type 'help' to get help. "" -LogLevel 'Warning' -LogPath 'c:\Users\yaswa\AppData\Roaming\Code\logs\20260730T121325\window3\exthost\ms-vscode.powershell' -SessionDetailsPath 'c:\Users\yaswa\AppData\Roaming\Code\User\globalStorage\ms-vscode.powershell\sessions\PSES-VSCode-20148-876616.json' -FeatureFlags @()  	EngineVersion=5.1.26100.8875 	RunspaceId=1f2a5821-eee4-49ae-a704-d621f04e032d 	PipelineId=1 	ScriptName=C:\Users\yaswa\.vscode\extensions\ms-vscode.powershell-2025.4.0\modules\PSScriptAnalyzer\1.24.0\PSScriptAnalyzer.psm1 	CommandLine=    Add-Type -Path ""$PSScriptRoot/Newtonsoft.Json.dll""    Details:  CommandInvocation(Add-Type): ""Add-Type"" ParameterBinding(Add-Type): name=""Path""; value=""C:\Users\yaswa\.vscode\extensions\ms-vscode.powershell-2025.4.0\modules\PSScriptAnalyzer\1.24.0/Newtonsoft.Json.dll"" "
"2026-08-02T10:58:02.654Z","6600","400","Windows PowerShell","PowerShell","Information","LAPTOP-8SM7PKPU",,"{""Data"":["""","""",""""]}","Engine state is changed from None to Available.   Details:  	NewEngineState=Available 	PreviousEngineState=None  	SequenceNumber=86  	HostName=Default Host 	HostVersion=5.1.26100.8875 	HostId=163bc22f-a12c-49f8-9d09-883f98b20a99 	HostApplication=C:\Windows\System32\WindowsPowerShell\v1.0\powershell.exe -NoProfile -ExecutionPolicy Bypass -Command Import-Module 'c:\Users\yaswa\.vscode\extensions\ms-vscode.powershell-2025.4.0\modules\PowerShellEditorServices\PowerShellEditorServices.psd1'; Start-EditorServices -HostName 'Visual Studio Code Host' -HostProfileId 'Microsoft.VSCode' -HostVersion '2025.4.0' -BundledModulesPath 'c:\Users\yaswa\.vscode\extensions\ms-vscode.powershell-2025.4.0\modules' -EnableConsoleRepl -StartupBanner ""PowerShell Extension v2025.4.0 Copyright (c) Microsoft Corporation.  https://aka.ms/vscode-powershell Type 'help' to get help. "" -LogLevel 'Warning' -LogPath 'c:\Users\yaswa\AppData\Roaming\Code\logs\20260730T121325\window3\exthost\ms-vscode.powershell' -SessionDetailsPath 'c:\Users\yaswa\AppData\Roaming\Code\User\globalStorage\ms-vscode.powershell\sessions\PSES-VSCode-20148-876616.json' -FeatureFlags @()  	EngineVersion=5.1.26100.8875 	RunspaceId=1f2a5821-eee4-49ae-a704-d621f04e032d 	PipelineId= 	CommandName= 	CommandType= 	ScriptName= 	CommandPath= 	CommandLine="
"2026-08-02T10:58:02.653Z","6599","600","Windows PowerShell","PowerShell","Information","LAPTOP-8SM7PKPU",,"{""Data"":["""","""",""""]}","Provider ""Variable"" is Started.   Details:  	ProviderName=Variable 	NewProviderState=Started  	SequenceNumber=84  	HostName=Default Host 	HostVersion=5.1.26100.8875 	HostId=163bc22f-a12c-49f8-9d09-883f98b20a99 	HostApplication=C:\Windows\System32\WindowsPowerShell\v1.0\powershell.exe -NoProfile -ExecutionPolicy Bypass -Command Import-Module 'c:\Users\yaswa\.vscode\extensions\ms-vscode.powershell-2025.4.0\modules\PowerShellEditorServices\PowerShellEditorServices.psd1'; Start-EditorServices -HostName 'Visual Studio Code Host' -HostProfileId 'Microsoft.VSCode' -HostVersion '2025.4.0' -BundledModulesPath 'c:\Users\yaswa\.vscode\extensions\ms-vscode.powershell-2025.4.0\modules' -EnableConsoleRepl -StartupBanner ""PowerShell Extension v2025.4.0 Copyright (c) Microsoft Corporation.  https://aka.ms/vscode-powershell Type 'help' to get help. "" -LogLevel 'Warning' -LogPath 'c:\Users\yaswa\AppData\Roaming\Code\logs\20260730T121325\window3\exthost\ms-vscode.powershell' -SessionDetailsPath 'c:\Users\yaswa\AppData\Roaming\Code\User\globalStorage\ms-vscode.powershell\sessions\PSES-VSCode-20148-876616.json' -FeatureFlags @()  	EngineVersion= 	RunspaceId= 	PipelineId= 	CommandName= 	CommandType= 	ScriptName= 	CommandPath= 	CommandLine="
"2026-08-02T10:58:02.653Z","6598","600","Windows PowerShell","PowerShell","Information","LAPTOP-8SM7PKPU",,"{""Data"":["""","""",""""]}","Provider ""Function"" is Started.   Details:  	ProviderName=Function 	NewProviderState=Started  	SequenceNumber=82  	HostName=Default Host 	HostVersion=5.1.26100.8875 	HostId=163bc22f-a12c-49f8-9d09-883f98b20a99 	HostApplication=C:\Windows\System32\WindowsPowerShell\v1.0\powershell.exe -NoProfile -ExecutionPolicy Bypass -Command Import-Module 'c:\Users\yaswa\.vscode\extensions\ms-vscode.powershell-2025.4.0\modules\PowerShellEditorServices\PowerShellEditorServices.psd1'; Start-EditorServices -HostName 'Visual Studio Code Host' -HostProfileId 'Microsoft.VSCode' -HostVersion '2025.4.0' -BundledModulesPath 'c:\Users\yaswa\.vscode\extensions\ms-vscode.powershell-2025.4.0\modules' -EnableConsoleRepl -StartupBanner ""PowerShell Extension v2025.4.0 Copyright (c) Microsoft Corporation.  https://aka.ms/vscode-powershell Type 'help' to get help. "" -LogLevel 'Warning' -LogPath 'c:\Users\yaswa\AppData\Roaming\Code\logs\20260730T121325\window3\exthost\ms-vscode.powershell' -SessionDetailsPath 'c:\Users\yaswa\AppData\Roaming\Code\User\globalStorage\ms-vscode.powershell\sessions\PSES-VSCode-20148-876616.json' -FeatureFlags @()  	EngineVersion= 	RunspaceId= 	PipelineId= 	CommandName= 	CommandType= 	ScriptName= 	CommandPath= 	CommandLine="
"2026-08-02T10:58:02.652Z","6597","600","Windows PowerShell","PowerShell","Information","LAPTOP-8SM7PKPU",,"{""Data"":["""","""",""""]}","Provider ""FileSystem"" is Started.   Details:  	ProviderName=FileSystem 	NewProviderState=Started  	SequenceNumber=80  	HostName=Default Host 	HostVersion=5.1.26100.8875 	HostId=163bc22f-a12c-49f8-9d09-883f98b20a99 	HostApplication=C:\Windows\System32\WindowsPowerShell\v1.0\powershell.exe -NoProfile -ExecutionPolicy Bypass -Command Import-Module 'c:\Users\yaswa\.vscode\extensions\ms-vscode.powershell-2025.4.0\modules\PowerShellEditorServices\PowerShellEditorServices.psd1'; Start-EditorServices -HostName 'Visual Studio Code Host' -HostProfileId 'Microsoft.VSCode' -HostVersion '2025.4.0' -BundledModulesPath 'c:\Users\yaswa\.vscode\extensions\ms-vscode.powershell-2025.4.0\modules' -EnableConsoleRepl -StartupBanner ""PowerShell Extension v2025.4.0 Copyright (c) Microsoft Corporation.  https://aka.ms/vscode-powershell Type 'help' to get help. "" -LogLevel 'Warning' -LogPath 'c:\Users\yaswa\AppData\Roaming\Code\logs\20260730T121325\window3\exthost\ms-vscode.powershell' -SessionDetailsPath 'c:\Users\yaswa\AppData\Roaming\Code\User\globalStorage\ms-vscode.powershell\sessions\PSES-VSCode-20148-876616.json' -FeatureFlags @()  	EngineVersion= 	RunspaceId= 	PipelineId= 	CommandName= 	CommandType= 	ScriptName= 	CommandPath= 	CommandLine="
"2026-08-02T10:58:02.652Z","6596","600","Windows PowerShell","PowerShell","Information","LAPTOP-8SM7PKPU",,"{""Data"":["""","""",""""]}","Provider ""Environment"" is Started.   Details:  	ProviderName=Environment 	NewProviderState=Started  	SequenceNumber=78  	HostName=Default Host 	HostVersion=5.1.26100.8875 	HostId=163bc22f-a12c-49f8-9d09-883f98b20a99 	HostApplication=C:\Windows\System32\WindowsPowerShell\v1.0\powershell.exe -NoProfile -ExecutionPolicy Bypass -Command Import-Module 'c:\Users\yaswa\.vscode\extensions\ms-vscode.powershell-2025.4.0\modules\PowerShellEditorServices\PowerShellEditorServices.psd1'; Start-EditorServices -HostName 'Visual Studio Code Host' -HostProfileId 'Microsoft.VSCode' -HostVersion '2025.4.0' -BundledModulesPath 'c:\Users\yaswa\.vscode\extensions\ms-vscode.powershell-2025.4.0\modules' -EnableConsoleRepl -StartupBanner ""PowerShell Extension v2025.4.0 Copyright (c) Microsoft Corporation.  https://aka.ms/vscode-powershell Type 'help' to get help. "" -LogLevel 'Warning' -LogPath 'c:\Users\yaswa\AppData\Roaming\Code\logs\20260730T121325\window3\exthost\ms-vscode.powershell' -SessionDetailsPath 'c:\Users\yaswa\AppData\Roaming\Code\User\globalStorage\ms-vscode.powershell\sessions\PSES-VSCode-20148-876616.json' -FeatureFlags @()  	EngineVersion= 	RunspaceId= 	PipelineId= 	CommandName= 	CommandType= 	ScriptName= 	CommandPath= 	CommandLine="
"2026-08-02T10:58:02.652Z","6595","600","Windows PowerShell","PowerShell","Information","LAPTOP-8SM7PKPU",,"{""Data"":["""","""",""""]}","Provider ""Alias"" is Started.   Details:  	ProviderName=Alias 	NewProviderState=Started  	SequenceNumber=76  	HostName=Default Host 	HostVersion=5.1.26100.8875 	HostId=163bc22f-a12c-49f8-9d09-883f98b20a99 	HostApplication=C:\Windows\System32\WindowsPowerShell\v1.0\powershell.exe -NoProfile -ExecutionPolicy Bypass -Command Import-Module 'c:\Users\yaswa\.vscode\extensions\ms-vscode.powershell-2025.4.0\modules\PowerShellEditorServices\PowerShellEditorServices.psd1'; Start-EditorServices -HostName 'Visual Studio Code Host' -HostProfileId 'Microsoft.VSCode' -HostVersion '2025.4.0' -BundledModulesPath 'c:\Users\yaswa\.vscode\extensions\ms-vscode.powershell-2025.4.0\modules' -EnableConsoleRepl -StartupBanner ""PowerShell Extension v2025.4.0 Copyright (c) Microsoft Corporation.  https://aka.ms/vscode-powershell Type 'help' to get help. "" -LogLevel 'Warning' -LogPath 'c:\Users\yaswa\AppData\Roaming\Code\logs\20260730T121325\window3\exthost\ms-vscode.powershell' -SessionDetailsPath 'c:\Users\yaswa\AppData\Roaming\Code\User\globalStorage\ms-vscode.powershell\sessions\PSES-VSCode-20148-876616.json' -FeatureFlags @()  	EngineVersion= 	RunspaceId= 	PipelineId= 	CommandName= 	CommandType= 	ScriptName= 	CommandPath= 	CommandLine="
"2026-08-02T10:58:02.652Z","6594","600","Windows PowerShell","PowerShell","Information","LAPTOP-8SM7PKPU",,"{""Data"":["""","""",""""]}","Provider ""Registry"" is Started.   Details:  	ProviderName=Registry 	NewProviderState=Started  	SequenceNumber=74  	HostName=Default Host 	HostVersion=5.1.26100.8875 	HostId=163bc22f-a12c-49f8-9d09-883f98b20a99 	HostApplication=C:\Windows\System32\WindowsPowerShell\v1.0\powershell.exe -NoProfile -ExecutionPolicy Bypass -Command Import-Module 'c:\Users\yaswa\.vscode\extensions\ms-vscode.powershell-2025.4.0\modules\PowerShellEditorServices\PowerShellEditorServices.psd1'; Start-EditorServices -HostName 'Visual Studio Code Host' -HostProfileId 'Microsoft.VSCode' -HostVersion '2025.4.0' -BundledModulesPath 'c:\Users\yaswa\.vscode\extensions\ms-vscode.powershell-2025.4.0\modules' -EnableConsoleRepl -StartupBanner ""PowerShell Extension v2025.4.0 Copyright (c) Microsoft Corporation.  https://aka.ms/vscode-powershell Type 'help' to get help. "" -LogLevel 'Warning' -LogPath 'c:\Users\yaswa\AppData\Roaming\Code\logs\20260730T121325\window3\exthost\ms-vscode.powershell' -SessionDetailsPath 'c:\Users\yaswa\AppData\Roaming\Code\User\globalStorage\ms-vscode.powershell\sessions\PSES-VSCode-20148-876616.json' -FeatureFlags @()  	EngineVersion= 	RunspaceId= 	PipelineId= 	CommandName= 	CommandType= 	ScriptName= 	CommandPath= 	CommandLine="
"2026-08-02T10:58:00.975Z","6593","600","Windows PowerShell","PowerShell","Information","LAPTOP-8SM7PKPU",,"{""Data"":["""","""",""""]}","Provider ""Certificate"" is Started.   Details:  	ProviderName=Certificate 	NewProviderState=Started  	SequenceNumber=69  	HostName=Visual Studio Code Host 	HostVersion=2025.4.0 	HostId=eba7ad3a-ba65-4d04-be04-c760678eb620 	HostApplication=C:\Windows\System32\WindowsPowerShell\v1.0\powershell.exe -NoProfile -ExecutionPolicy Bypass -Command Import-Module 'c:\Users\yaswa\.vscode\extensions\ms-vscode.powershell-2025.4.0\modules\PowerShellEditorServices\PowerShellEditorServices.psd1'; Start-EditorServices -HostName 'Visual Studio Code Host' -HostProfileId 'Microsoft.VSCode' -HostVersion '2025.4.0' -BundledModulesPath 'c:\Users\yaswa\.vscode\extensions\ms-vscode.powershell-2025.4.0\modules' -EnableConsoleRepl -StartupBanner ""PowerShell Extension v2025.4.0 Copyright (c) Microsoft Corporation.  https://aka.ms/vscode-powershell Type 'help' to get help. "" -LogLevel 'Warning' -LogPath 'c:\Users\yaswa\AppData\Roaming\Code\logs\20260730T121325\window3\exthost\ms-vscode.powershell' -SessionDetailsPath 'c:\Users\yaswa\AppData\Roaming\Code\User\globalStorage\ms-vscode.powershell\sessions\PSES-VSCode-20148-876616.json' -FeatureFlags @()  	EngineVersion=5.1.26100.8875 	RunspaceId=b2b9c8f5-1f0c-4928-af6e-269b2c2642ba 	PipelineId=5 	CommandName= 	CommandType= 	ScriptName= 	CommandPath= 	CommandLine="
"2026-08-02T10:58:00.791Z","6592","400","Windows PowerShell","PowerShell","Information","LAPTOP-8SM7PKPU",,"{""Data"":["""","""",""""]}","Engine state is changed from None to Available.   Details:  	NewEngineState=Available 	PreviousEngineState=None  	SequenceNumber=67  	HostName=Visual Studio Code Host 	HostVersion=2025.4.0 	HostId=eba7ad3a-ba65-4d04-be04-c760678eb620 	HostApplication=C:\Windows\System32\WindowsPowerShell\v1.0\powershell.exe -NoProfile -ExecutionPolicy Bypass -Command Import-Module 'c:\Users\yaswa\.vscode\extensions\ms-vscode.powershell-2025.4.0\modules\PowerShellEditorServices\PowerShellEditorServices.psd1'; Start-EditorServices -HostName 'Visual Studio Code Host' -HostProfileId 'Microsoft.VSCode' -HostVersion '2025.4.0' -BundledModulesPath 'c:\Users\yaswa\.vscode\extensions\ms-vscode.powershell-2025.4.0\modules' -EnableConsoleRepl -StartupBanner ""PowerShell Extension v2025.4.0 Copyright (c) Microsoft Corporation.  https://aka.ms/vscode-powershell Type 'help' to get help. "" -LogLevel 'Warning' -LogPath 'c:\Users\yaswa\AppData\Roaming\Code\logs\20260730T121325\window3\exthost\ms-vscode.powershell' -SessionDetailsPath 'c:\Users\yaswa\AppData\Roaming\Code\User\globalStorage\ms-vscode.powershell\sessions\PSES-VSCode-20148-876616.json' -FeatureFlags @()  	EngineVersion=5.1.26100.8875 	RunspaceId=b2b9c8f5-1f0c-4928-af6e-269b2c2642ba 	PipelineId= 	CommandName= 	CommandType= 	ScriptName= 	CommandPath= 	CommandLine="
"2026-08-02T10:58:00.791Z","6591","600","Windows PowerShell","PowerShell","Information","LAPTOP-8SM7PKPU",,"{""Data"":["""","""",""""]}","Provider ""Variable"" is Started.   Details:  	ProviderName=Variable 	NewProviderState=Started  	SequenceNumber=65  	HostName=Visual Studio Code Host 	HostVersion=2025.4.0 	HostId=eba7ad3a-ba65-4d04-be04-c760678eb620 	HostApplication=C:\Windows\System32\WindowsPowerShell\v1.0\powershell.exe -NoProfile -ExecutionPolicy Bypass -Command Import-Module 'c:\Users\yaswa\.vscode\extensions\ms-vscode.powershell-2025.4.0\modules\PowerShellEditorServices\PowerShellEditorServices.psd1'; Start-EditorServices -HostName 'Visual Studio Code Host' -HostProfileId 'Microsoft.VSCode' -HostVersion '2025.4.0' -BundledModulesPath 'c:\Users\yaswa\.vscode\extensions\ms-vscode.powershell-2025.4.0\modules' -EnableConsoleRepl -StartupBanner ""PowerShell Extension v2025.4.0 Copyright (c) Microsoft Corporation.  https://aka.ms/vscode-powershell Type 'help' to get help. "" -LogLevel 'Warning' -LogPath 'c:\Users\yaswa\AppData\Roaming\Code\logs\20260730T121325\window3\exthost\ms-vscode.powershell' -SessionDetailsPath 'c:\Users\yaswa\AppData\Roaming\Code\User\globalStorage\ms-vscode.powershell\sessions\PSES-VSCode-20148-876616.json' -FeatureFlags @()  	EngineVersion= 	RunspaceId= 	PipelineId= 	CommandName= 	CommandType= 	ScriptName= 	CommandPath= 	CommandLine="
"2026-08-02T10:58:00.791Z","6590","600","Windows PowerShell","PowerShell","Information","LAPTOP-8SM7PKPU",,"{""Data"":["""","""",""""]}","Provider ""Function"" is Started.   Details:  	ProviderName=Function 	NewProviderState=Started  	SequenceNumber=63  	HostName=Visual Studio Code Host 	HostVersion=2025.4.0 	HostId=eba7ad3a-ba65-4d04-be04-c760678eb620 	HostApplication=C:\Windows\System32\WindowsPowerShell\v1.0\powershell.exe -NoProfile -ExecutionPolicy Bypass -Command Import-Module 'c:\Users\yaswa\.vscode\extensions\ms-vscode.powershell-2025.4.0\modules\PowerShellEditorServices\PowerShellEditorServices.psd1'; Start-EditorServices -HostName 'Visual Studio Code Host' -HostProfileId 'Microsoft.VSCode' -HostVersion '2025.4.0' -BundledModulesPath 'c:\Users\yaswa\.vscode\extensions\ms-vscode.powershell-2025.4.0\modules' -EnableConsoleRepl -StartupBanner ""PowerShell Extension v2025.4.0 Copyright (c) Microsoft Corporation.  https://aka.ms/vscode-powershell Type 'help' to get help. "" -LogLevel 'Warning' -LogPath 'c:\Users\yaswa\AppData\Roaming\Code\logs\20260730T121325\window3\exthost\ms-vscode.powershell' -SessionDetailsPath 'c:\Users\yaswa\AppData\Roaming\Code\User\globalStorage\ms-vscode.powershell\sessions\PSES-VSCode-20148-876616.json' -FeatureFlags @()  	EngineVersion= 	RunspaceId= 	PipelineId= 	CommandName= 	CommandType= 	ScriptName= 	CommandPath= 	CommandLine="
"2026-08-02T10:58:00.790Z","6589","600","Windows PowerShell","PowerShell","Information","LAPTOP-8SM7PKPU",,"{""Data"":["""","""",""""]}","Provider ""FileSystem"" is Started.   Details:  	ProviderName=FileSystem 	NewProviderState=Started  	SequenceNumber=61  	HostName=Visual Studio Code Host 	HostVersion=2025.4.0 	HostId=eba7ad3a-ba65-4d04-be04-c760678eb620 	HostApplication=C:\Windows\System32\WindowsPowerShell\v1.0\powershell.exe -NoProfile -ExecutionPolicy Bypass -Command Import-Module 'c:\Users\yaswa\.vscode\extensions\ms-vscode.powershell-2025.4.0\modules\PowerShellEditorServices\PowerShellEditorServices.psd1'; Start-EditorServices -HostName 'Visual Studio Code Host' -HostProfileId 'Microsoft.VSCode' -HostVersion '2025.4.0' -BundledModulesPath 'c:\Users\yaswa\.vscode\extensions\ms-vscode.powershell-2025.4.0\modules' -EnableConsoleRepl -StartupBanner ""PowerShell Extension v2025.4.0 Copyright (c) Microsoft Corporation.  https://aka.ms/vscode-powershell Type 'help' to get help. "" -LogLevel 'Warning' -LogPath 'c:\Users\yaswa\AppData\Roaming\Code\logs\20260730T121325\window3\exthost\ms-vscode.powershell' -SessionDetailsPath 'c:\Users\yaswa\AppData\Roaming\Code\User\globalStorage\ms-vscode.powershell\sessions\PSES-VSCode-20148-876616.json' -FeatureFlags @()  	EngineVersion= 	RunspaceId= 	PipelineId= 	CommandName= 	CommandType= 	ScriptName= 	CommandPath= 	CommandLine="
"2026-08-02T10:58:00.790Z","6588","600","Windows PowerShell","PowerShell","Information","LAPTOP-8SM7PKPU",,"{""Data"":["""","""",""""]}","Provider ""Environment"" is Started.   Details:  	ProviderName=Environment 	NewProviderState=Started  	SequenceNumber=59  	HostName=Visual Studio Code Host 	HostVersion=2025.4.0 	HostId=eba7ad3a-ba65-4d04-be04-c760678eb620 	HostApplication=C:\Windows\System32\WindowsPowerShell\v1.0\powershell.exe -NoProfile -ExecutionPolicy Bypass -Command Import-Module 'c:\Users\yaswa\.vscode\extensions\ms-vscode.powershell-2025.4.0\modules\PowerShellEditorServices\PowerShellEditorServices.psd1'; Start-EditorServices -HostName 'Visual Studio Code Host' -HostProfileId 'Microsoft.VSCode' -HostVersion '2025.4.0' -BundledModulesPath 'c:\Users\yaswa\.vscode\extensions\ms-vscode.powershell-2025.4.0\modules' -EnableConsoleRepl -StartupBanner ""PowerShell Extension v2025.4.0 Copyright (c) Microsoft Corporation.  https://aka.ms/vscode-powershell Type 'help' to get help. "" -LogLevel 'Warning' -LogPath 'c:\Users\yaswa\AppData\Roaming\Code\logs\20260730T121325\window3\exthost\ms-vscode.powershell' -SessionDetailsPath 'c:\Users\yaswa\AppData\Roaming\Code\User\globalStorage\ms-vscode.powershell\sessions\PSES-VSCode-20148-876616.json' -FeatureFlags @()  	EngineVersion= 	RunspaceId= 	PipelineId= 	CommandName= 	CommandType= 	ScriptName= 	CommandPath= 	CommandLine="
"2026-08-02T10:58:00.790Z","6587","600","Windows PowerShell","PowerShell","Information","LAPTOP-8SM7PKPU",,"{""Data"":["""","""",""""]}","Provider ""Alias"" is Started.   Details:  	ProviderName=Alias 	NewProviderState=Started  	SequenceNumber=57  	HostName=Visual Studio Code Host 	HostVersion=2025.4.0 	HostId=eba7ad3a-ba65-4d04-be04-c760678eb620 	HostApplication=C:\Windows\System32\WindowsPowerShell\v1.0\powershell.exe -NoProfile -ExecutionPolicy Bypass -Command Import-Module 'c:\Users\yaswa\.vscode\extensions\ms-vscode.powershell-2025.4.0\modules\PowerShellEditorServices\PowerShellEditorServices.psd1'; Start-EditorServices -HostName 'Visual Studio Code Host' -HostProfileId 'Microsoft.VSCode' -HostVersion '2025.4.0' -BundledModulesPath 'c:\Users\yaswa\.vscode\extensions\ms-vscode.powershell-2025.4.0\modules' -EnableConsoleRepl -StartupBanner ""PowerShell Extension v2025.4.0 Copyright (c) Microsoft Corporation.  https://aka.ms/vscode-powershell Type 'help' to get help. "" -LogLevel 'Warning' -LogPath 'c:\Users\yaswa\AppData\Roaming\Code\logs\20260730T121325\window3\exthost\ms-vscode.powershell' -SessionDetailsPath 'c:\Users\yaswa\AppData\Roaming\Code\User\globalStorage\ms-vscode.powershell\sessions\PSES-VSCode-20148-876616.json' -FeatureFlags @()  	EngineVersion= 	RunspaceId= 	PipelineId= 	CommandName= 	CommandType= 	ScriptName= 	CommandPath= 	CommandLine="
"2026-08-02T10:58:00.790Z","6586","600","Windows PowerShell","PowerShell","Information","LAPTOP-8SM7PKPU",,"{""Data"":["""","""",""""]}","Provider ""Registry"" is Started.   Details:  	ProviderName=Registry 	NewProviderState=Started  	SequenceNumber=55  	HostName=Visual Studio Code Host 	HostVersion=2025.4.0 	HostId=eba7ad3a-ba65-4d04-be04-c760678eb620 	HostApplication=C:\Windows\System32\WindowsPowerShell\v1.0\powershell.exe -NoProfile -ExecutionPolicy Bypass -Command Import-Module 'c:\Users\yaswa\.vscode\extensions\ms-vscode.powershell-2025.4.0\modules\PowerShellEditorServices\PowerShellEditorServices.psd1'; Start-EditorServices -HostName 'Visual Studio Code Host' -HostProfileId 'Microsoft.VSCode' -HostVersion '2025.4.0' -BundledModulesPath 'c:\Users\yaswa\.vscode\extensions\ms-vscode.powershell-2025.4.0\modules' -EnableConsoleRepl -StartupBanner ""PowerShell Extension v2025.4.0 Copyright (c) Microsoft Corporation.  https://aka.ms/vscode-powershell Type 'help' to get help. "" -LogLevel 'Warning' -LogPath 'c:\Users\yaswa\AppData\Roaming\Code\logs\20260730T121325\window3\exthost\ms-vscode.powershell' -SessionDetailsPath 'c:\Users\yaswa\AppData\Roaming\Code\User\globalStorage\ms-vscode.powershell\sessions\PSES-VSCode-20148-876616.json' -FeatureFlags @()  	EngineVersion= 	RunspaceId= 	PipelineId= 	CommandName= 	CommandType= 	ScriptName= 	CommandPath= 	CommandLine="
"2026-08-02T10:57:59.564Z","6585","403","Windows PowerShell","PowerShell","Information","LAPTOP-8SM7PKPU",,"{""Data"":["""","""",""""]}","Engine state is changed from Available to Stopped.   Details:  	NewEngineState=Stopped 	PreviousEngineState=Available  	SequenceNumber=53  	HostName=Default Host 	HostVersion=5.1.26100.8875 	HostId=aa124efb-9e08-45f9-9654-a6f21514a7ce 	HostApplication=C:\Windows\System32\WindowsPowerShell\v1.0\powershell.exe -NoProfile -ExecutionPolicy Bypass -Command Import-Module 'c:\Users\yaswa\.vscode\extensions\ms-vscode.powershell-2025.4.0\modules\PowerShellEditorServices\PowerShellEditorServices.psd1'; Start-EditorServices -HostName 'Visual Studio Code Host' -HostProfileId 'Microsoft.VSCode' -HostVersion '2025.4.0' -BundledModulesPath 'c:\Users\yaswa\.vscode\extensions\ms-vscode.powershell-2025.4.0\modules' -EnableConsoleRepl -StartupBanner ""PowerShell Extension v2025.4.0 Copyright (c) Microsoft Corporation.  https://aka.ms/vscode-powershell Type 'help' to get help. "" -LogLevel 'Warning' -LogPath 'c:\Users\yaswa\AppData\Roaming\Code\logs\20260730T121325\window3\exthost\ms-vscode.powershell' -SessionDetailsPath 'c:\Users\yaswa\AppData\Roaming\Code\User\globalStorage\ms-vscode.powershell\sessions\PSES-VSCode-20148-876616.json' -FeatureFlags @()  	EngineVersion=5.1.26100.8875 	RunspaceId=c499acfc-f9f5-4307-a93e-b6648bb9ebcb 	PipelineId= 	CommandName= 	CommandType= 	ScriptName= 	CommandPath= 	CommandLine="
"2026-08-02T10:57:59.513Z","6584","400","Windows PowerShell","PowerShell","Information","LAPTOP-8SM7PKPU",,"{""Data"":["""","""",""""]}","Engine state is changed from None to Available.   Details:  	NewEngineState=Available 	PreviousEngineState=None  	SequenceNumber=51  	HostName=Default Host 	HostVersion=5.1.26100.8875 	HostId=aa124efb-9e08-45f9-9654-a6f21514a7ce 	HostApplication=C:\Windows\System32\WindowsPowerShell\v1.0\powershell.exe -NoProfile -ExecutionPolicy Bypass -Command Import-Module 'c:\Users\yaswa\.vscode\extensions\ms-vscode.powershell-2025.4.0\modules\PowerShellEditorServices\PowerShellEditorServices.psd1'; Start-EditorServices -HostName 'Visual Studio Code Host' -HostProfileId 'Microsoft.VSCode' -HostVersion '2025.4.0' -BundledModulesPath 'c:\Users\yaswa\.vscode\extensions\ms-vscode.powershell-2025.4.0\modules' -EnableConsoleRepl -StartupBanner ""PowerShell Extension v2025.4.0 Copyright (c) Microsoft Corporation.  https://aka.ms/vscode-powershell Type 'help' to get help. "" -LogLevel 'Warning' -LogPath 'c:\Users\yaswa\AppData\Roaming\Code\logs\20260730T121325\window3\exthost\ms-vscode.powershell' -SessionDetailsPath 'c:\Users\yaswa\AppData\Roaming\Code\User\globalStorage\ms-vscode.powershell\sessions\PSES-VSCode-20148-876616.json' -FeatureFlags @()  	EngineVersion=5.1.26100.8875 	RunspaceId=c499acfc-f9f5-4307-a93e-b6648bb9ebcb 	PipelineId= 	CommandName= 	CommandType= 	ScriptName= 	CommandPath= 	CommandLine="
"2026-08-02T10:57:59.512Z","6583","600","Windows PowerShell","PowerShell","Information","LAPTOP-8SM7PKPU",,"{""Data"":["""","""",""""]}","Provider ""WSMan"" is Started.   Details:  	ProviderName=WSMan 	NewProviderState=Started  	SequenceNumber=49  	HostName=Default Host 	HostVersion=5.1.26100.8875 	HostId=aa124efb-9e08-45f9-9654-a6f21514a7ce 	HostApplication=C:\Windows\System32\WindowsPowerShell\v1.0\powershell.exe -NoProfile -ExecutionPolicy Bypass -Command Import-Module 'c:\Users\yaswa\.vscode\extensions\ms-vscode.powershell-2025.4.0\modules\PowerShellEditorServices\PowerShellEditorServices.psd1'; Start-EditorServices -HostName 'Visual Studio Code Host' -HostProfileId 'Microsoft.VSCode' -HostVersion '2025.4.0' -BundledModulesPath 'c:\Users\yaswa\.vscode\extensions\ms-vscode.powershell-2025.4.0\modules' -EnableConsoleRepl -StartupBanner ""PowerShell Extension v2025.4.0 Copyright (c) Microsoft Corporation.  https://aka.ms/vscode-powershell Type 'help' to get help. "" -LogLevel 'Warning' -LogPath 'c:\Users\yaswa\AppData\Roaming\Code\logs\20260730T121325\window3\exthost\ms-vscode.powershell' -SessionDetailsPath 'c:\Users\yaswa\AppData\Roaming\Code\User\globalStorage\ms-vscode.powershell\sessions\PSES-VSCode-20148-876616.json' -FeatureFlags @()  	EngineVersion= 	RunspaceId= 	PipelineId= 	CommandName= 	CommandType= 	ScriptName= 	CommandPath= 	CommandLine="
"2026-08-02T10:57:59.511Z","6582","600","Windows PowerShell","PowerShell","Information","LAPTOP-8SM7PKPU",,"{""Data"":["""","""",""""]}","Provider ""Certificate"" is Started.   Details:  	ProviderName=Certificate 	NewProviderState=Started  	SequenceNumber=47  	HostName=Default Host 	HostVersion=5.1.26100.8875 	HostId=aa124efb-9e08-45f9-9654-a6f21514a7ce 	HostApplication=C:\Windows\System32\WindowsPowerShell\v1.0\powershell.exe -NoProfile -ExecutionPolicy Bypass -Command Import-Module 'c:\Users\yaswa\.vscode\extensions\ms-vscode.powershell-2025.4.0\modules\PowerShellEditorServices\PowerShellEditorServices.psd1'; Start-EditorServices -HostName 'Visual Studio Code Host' -HostProfileId 'Microsoft.VSCode' -HostVersion '2025.4.0' -BundledModulesPath 'c:\Users\yaswa\.vscode\extensions\ms-vscode.powershell-2025.4.0\modules' -EnableConsoleRepl -StartupBanner ""PowerShell Extension v2025.4.0 Copyright (c) Microsoft Corporation.  https://aka.ms/vscode-powershell Type 'help' to get help. "" -LogLevel 'Warning' -LogPath 'c:\Users\yaswa\AppData\Roaming\Code\logs\20260730T121325\window3\exthost\ms-vscode.powershell' -SessionDetailsPath 'c:\Users\yaswa\AppData\Roaming\Code\User\globalStorage\ms-vscode.powershell\sessions\PSES-VSCode-20148-876616.json' -FeatureFlags @()  	EngineVersion= 	RunspaceId= 	PipelineId= 	CommandName= 	CommandType= 	ScriptName= 	CommandPath= 	CommandLine="
"2026-08-02T10:57:59.511Z","6581","600","Windows PowerShell","PowerShell","Information","LAPTOP-8SM7PKPU",,"{""Data"":["""","""",""""]}","Provider ""Variable"" is Started.   Details:  	ProviderName=Variable 	NewProviderState=Started  	SequenceNumber=45  	HostName=Default Host 	HostVersion=5.1.26100.8875 	HostId=aa124efb-9e08-45f9-9654-a6f21514a7ce 	HostApplication=C:\Windows\System32\WindowsPowerShell\v1.0\powershell.exe -NoProfile -ExecutionPolicy Bypass -Command Import-Module 'c:\Users\yaswa\.vscode\extensions\ms-vscode.powershell-2025.4.0\modules\PowerShellEditorServices\PowerShellEditorServices.psd1'; Start-EditorServices -HostName 'Visual Studio Code Host' -HostProfileId 'Microsoft.VSCode' -HostVersion '2025.4.0' -BundledModulesPath 'c:\Users\yaswa\.vscode\extensions\ms-vscode.powershell-2025.4.0\modules' -EnableConsoleRepl -StartupBanner ""PowerShell Extension v2025.4.0 Copyright (c) Microsoft Corporation.  https://aka.ms/vscode-powershell Type 'help' to get help. "" -LogLevel 'Warning' -LogPath 'c:\Users\yaswa\AppData\Roaming\Code\logs\20260730T121325\window3\exthost\ms-vscode.powershell' -SessionDetailsPath 'c:\Users\yaswa\AppData\Roaming\Code\User\globalStorage\ms-vscode.powershell\sessions\PSES-VSCode-20148-876616.json' -FeatureFlags @()  	EngineVersion= 	RunspaceId= 	PipelineId= 	CommandName= 	CommandType= 	ScriptName= 	CommandPath= 	CommandLine="
"2026-08-02T10:57:59.511Z","6580","600","Windows PowerShell","PowerShell","Information","LAPTOP-8SM7PKPU",,"{""Data"":["""","""",""""]}","Provider ""Function"" is Started.   Details:  	ProviderName=Function 	NewProviderState=Started  	SequenceNumber=43  	HostName=Default Host 	HostVersion=5.1.26100.8875 	HostId=aa124efb-9e08-45f9-9654-a6f21514a7ce 	HostApplication=C:\Windows\System32\WindowsPowerShell\v1.0\powershell.exe -NoProfile -ExecutionPolicy Bypass -Command Import-Module 'c:\Users\yaswa\.vscode\extensions\ms-vscode.powershell-2025.4.0\modules\PowerShellEditorServices\PowerShellEditorServices.psd1'; Start-EditorServices -HostName 'Visual Studio Code Host' -HostProfileId 'Microsoft.VSCode' -HostVersion '2025.4.0' -BundledModulesPath 'c:\Users\yaswa\.vscode\extensions\ms-vscode.powershell-2025.4.0\modules' -EnableConsoleRepl -StartupBanner ""PowerShell Extension v2025.4.0 Copyright (c) Microsoft Corporation.  https://aka.ms/vscode-powershell Type 'help' to get help. "" -LogLevel 'Warning' -LogPath 'c:\Users\yaswa\AppData\Roaming\Code\logs\20260730T121325\window3\exthost\ms-vscode.powershell' -SessionDetailsPath 'c:\Users\yaswa\AppData\Roaming\Code\User\globalStorage\ms-vscode.powershell\sessions\PSES-VSCode-20148-876616.json' -FeatureFlags @()  	EngineVersion= 	RunspaceId= 	PipelineId= 	CommandName= 	CommandType= 	ScriptName= 	CommandPath= 	CommandLine="
"2026-08-02T10:57:59.511Z","6579","600","Windows PowerShell","PowerShell","Information","LAPTOP-8SM7PKPU",,"{""Data"":["""","""",""""]}","Provider ""FileSystem"" is Started.   Details:  	ProviderName=FileSystem 	NewProviderState=Started  	SequenceNumber=41  	HostName=Default Host 	HostVersion=5.1.26100.8875 	HostId=aa124efb-9e08-45f9-9654-a6f21514a7ce 	HostApplication=C:\Windows\System32\WindowsPowerShell\v1.0\powershell.exe -NoProfile -ExecutionPolicy Bypass -Command Import-Module 'c:\Users\yaswa\.vscode\extensions\ms-vscode.powershell-2025.4.0\modules\PowerShellEditorServices\PowerShellEditorServices.psd1'; Start-EditorServices -HostName 'Visual Studio Code Host' -HostProfileId 'Microsoft.VSCode' -HostVersion '2025.4.0' -BundledModulesPath 'c:\Users\yaswa\.vscode\extensions\ms-vscode.powershell-2025.4.0\modules' -EnableConsoleRepl -StartupBanner ""PowerShell Extension v2025.4.0 Copyright (c) Microsoft Corporation.  https://aka.ms/vscode-powershell Type 'help' to get help. "" -LogLevel 'Warning' -LogPath 'c:\Users\yaswa\AppData\Roaming\Code\logs\20260730T121325\window3\exthost\ms-vscode.powershell' -SessionDetailsPath 'c:\Users\yaswa\AppData\Roaming\Code\User\globalStorage\ms-vscode.powershell\sessions\PSES-VSCode-20148-876616.json' -FeatureFlags @()  	EngineVersion= 	RunspaceId= 	PipelineId= 	CommandName= 	CommandType= 	ScriptName= 	CommandPath= 	CommandLine="
"2026-08-02T10:57:59.510Z","6578","600","Windows PowerShell","PowerShell","Information","LAPTOP-8SM7PKPU",,"{""Data"":["""","""",""""]}","Provider ""Environment"" is Started.   Details:  	ProviderName=Environment 	NewProviderState=Started  	SequenceNumber=39  	HostName=Default Host 	HostVersion=5.1.26100.8875 	HostId=aa124efb-9e08-45f9-9654-a6f21514a7ce 	HostApplication=C:\Windows\System32\WindowsPowerShell\v1.0\powershell.exe -NoProfile -ExecutionPolicy Bypass -Command Import-Module 'c:\Users\yaswa\.vscode\extensions\ms-vscode.powershell-2025.4.0\modules\PowerShellEditorServices\PowerShellEditorServices.psd1'; Start-EditorServices -HostName 'Visual Studio Code Host' -HostProfileId 'Microsoft.VSCode' -HostVersion '2025.4.0' -BundledModulesPath 'c:\Users\yaswa\.vscode\extensions\ms-vscode.powershell-2025.4.0\modules' -EnableConsoleRepl -StartupBanner ""PowerShell Extension v2025.4.0 Copyright (c) Microsoft Corporation.  https://aka.ms/vscode-powershell Type 'help' to get help. "" -LogLevel 'Warning' -LogPath 'c:\Users\yaswa\AppData\Roaming\Code\logs\20260730T121325\window3\exthost\ms-vscode.powershell' -SessionDetailsPath 'c:\Users\yaswa\AppData\Roaming\Code\User\globalStorage\ms-vscode.powershell\sessions\PSES-VSCode-20148-876616.json' -FeatureFlags @()  	EngineVersion= 	RunspaceId= 	PipelineId= 	CommandName= 	CommandType= 	ScriptName= 	CommandPath= 	CommandLine="
"2026-08-02T10:57:59.510Z","6577","600","Windows PowerShell","PowerShell","Information","LAPTOP-8SM7PKPU",,"{""Data"":["""","""",""""]}","Provider ""Alias"" is Started.   Details:  	ProviderName=Alias 	NewProviderState=Started  	SequenceNumber=37  	HostName=Default Host 	HostVersion=5.1.26100.8875 	HostId=aa124efb-9e08-45f9-9654-a6f21514a7ce 	HostApplication=C:\Windows\System32\WindowsPowerShell\v1.0\powershell.exe -NoProfile -ExecutionPolicy Bypass -Command Import-Module 'c:\Users\yaswa\.vscode\extensions\ms-vscode.powershell-2025.4.0\modules\PowerShellEditorServices\PowerShellEditorServices.psd1'; Start-EditorServices -HostName 'Visual Studio Code Host' -HostProfileId 'Microsoft.VSCode' -HostVersion '2025.4.0' -BundledModulesPath 'c:\Users\yaswa\.vscode\extensions\ms-vscode.powershell-2025.4.0\modules' -EnableConsoleRepl -StartupBanner ""PowerShell Extension v2025.4.0 Copyright (c) Microsoft Corporation.  https://aka.ms/vscode-powershell Type 'help' to get help. "" -LogLevel 'Warning' -LogPath 'c:\Users\yaswa\AppData\Roaming\Code\logs\20260730T121325\window3\exthost\ms-vscode.powershell' -SessionDetailsPath 'c:\Users\yaswa\AppData\Roaming\Code\User\globalStorage\ms-vscode.powershell\sessions\PSES-VSCode-20148-876616.json' -FeatureFlags @()  	EngineVersion= 	RunspaceId= 	PipelineId= 	CommandName= 	CommandType= 	ScriptName= 	CommandPath= 	CommandLine="
"2026-08-02T10:57:59.510Z","6576","600","Windows PowerShell","PowerShell","Information","LAPTOP-8SM7PKPU",,"{""Data"":["""","""",""""]}","Provider ""Registry"" is Started.   Details:  	ProviderName=Registry 	NewProviderState=Started  	SequenceNumber=35  	HostName=Default Host 	HostVersion=5.1.26100.8875 	HostId=aa124efb-9e08-45f9-9654-a6f21514a7ce 	HostApplication=C:\Windows\System32\WindowsPowerShell\v1.0\powershell.exe -NoProfile -ExecutionPolicy Bypass -Command Import-Module 'c:\Users\yaswa\.vscode\extensions\ms-vscode.powershell-2025.4.0\modules\PowerShellEditorServices\PowerShellEditorServices.psd1'; Start-EditorServices -HostName 'Visual Studio Code Host' -HostProfileId 'Microsoft.VSCode' -HostVersion '2025.4.0' -BundledModulesPath 'c:\Users\yaswa\.vscode\extensions\ms-vscode.powershell-2025.4.0\modules' -EnableConsoleRepl -StartupBanner ""PowerShell Extension v2025.4.0 Copyright (c) Microsoft Corporation.  https://aka.ms/vscode-powershell Type 'help' to get help. "" -LogLevel 'Warning' -LogPath 'c:\Users\yaswa\AppData\Roaming\Code\logs\20260730T121325\window3\exthost\ms-vscode.powershell' -SessionDetailsPath 'c:\Users\yaswa\AppData\Roaming\Code\User\globalStorage\ms-vscode.powershell\sessions\PSES-VSCode-20148-876616.json' -FeatureFlags @()  	EngineVersion= 	RunspaceId= 	PipelineId= 	CommandName= 	CommandType= 	ScriptName= 	CommandPath= 	CommandLine="
"2026-08-02T10:57:59.470Z","6575","403","Windows PowerShell","PowerShell","Information","LAPTOP-8SM7PKPU",,"{""Data"":["""","""",""""]}","Engine state is changed from Available to Stopped.   Details:  	NewEngineState=Stopped 	PreviousEngineState=Available  	SequenceNumber=33  	HostName=Default Host 	HostVersion=5.1.26100.8875 	HostId=81d753cb-e85d-4a1e-91c8-16d57a86d2a2 	HostApplication=C:\Windows\System32\WindowsPowerShell\v1.0\powershell.exe -NoProfile -ExecutionPolicy Bypass -Command Import-Module 'c:\Users\yaswa\.vscode\extensions\ms-vscode.powershell-2025.4.0\modules\PowerShellEditorServices\PowerShellEditorServices.psd1'; Start-EditorServices -HostName 'Visual Studio Code Host' -HostProfileId 'Microsoft.VSCode' -HostVersion '2025.4.0' -BundledModulesPath 'c:\Users\yaswa\.vscode\extensions\ms-vscode.powershell-2025.4.0\modules' -EnableConsoleRepl -StartupBanner ""PowerShell Extension v2025.4.0 Copyright (c) Microsoft Corporation.  https://aka.ms/vscode-powershell Type 'help' to get help. "" -LogLevel 'Warning' -LogPath 'c:\Users\yaswa\AppData\Roaming\Code\logs\20260730T121325\window3\exthost\ms-vscode.powershell' -SessionDetailsPath 'c:\Users\yaswa\AppData\Roaming\Code\User\globalStorage\ms-vscode.powershell\sessions\PSES-VSCode-20148-876616.json' -FeatureFlags @()  	EngineVersion=5.1.26100.8875 	RunspaceId=2f8598cf-daaa-41a5-a76a-40b6242b1b4e 	PipelineId= 	CommandName= 	CommandType= 	ScriptName= 	CommandPath= 	CommandLine="
"2026-08-02T10:57:59.451Z","6574","400","Windows PowerShell","PowerShell","Information","LAPTOP-8SM7PKPU",,"{""Data"":["""","""",""""]}","Engine state is changed from None to Available.   Details:  	NewEngineState=Available 	PreviousEngineState=None  	SequenceNumber=31  	HostName=Default Host 	HostVersion=5.1.26100.8875 	HostId=81d753cb-e85d-4a1e-91c8-16d57a86d2a2 	HostApplication=C:\Windows\System32\WindowsPowerShell\v1.0\powershell.exe -NoProfile -ExecutionPolicy Bypass -Command Import-Module 'c:\Users\yaswa\.vscode\extensions\ms-vscode.powershell-2025.4.0\modules\PowerShellEditorServices\PowerShellEditorServices.psd1'; Start-EditorServices -HostName 'Visual Studio Code Host' -HostProfileId 'Microsoft.VSCode' -HostVersion '2025.4.0' -BundledModulesPath 'c:\Users\yaswa\.vscode\extensions\ms-vscode.powershell-2025.4.0\modules' -EnableConsoleRepl -StartupBanner ""PowerShell Extension v2025.4.0 Copyright (c) Microsoft Corporation.  https://aka.ms/vscode-powershell Type 'help' to get help. "" -LogLevel 'Warning' -LogPath 'c:\Users\yaswa\AppData\Roaming\Code\logs\20260730T121325\window3\exthost\ms-vscode.powershell' -SessionDetailsPath 'c:\Users\yaswa\AppData\Roaming\Code\User\globalStorage\ms-vscode.powershell\sessions\PSES-VSCode-20148-876616.json' -FeatureFlags @()  	EngineVersion=5.1.26100.8875 	RunspaceId=2f8598cf-daaa-41a5-a76a-40b6242b1b4e 	PipelineId= 	CommandName= 	CommandType= 	ScriptName= 	CommandPath= 	CommandLine="
"2026-08-02T10:57:59.450Z","6573","600","Windows PowerShell","PowerShell","Information","LAPTOP-8SM7PKPU",,"{""Data"":["""","""",""""]}","Provider ""WSMan"" is Started.   Details:  	ProviderName=WSMan 	NewProviderState=Started  	SequenceNumber=29  	HostName=Default Host 	HostVersion=5.1.26100.8875 	HostId=81d753cb-e85d-4a1e-91c8-16d57a86d2a2 	HostApplication=C:\Windows\System32\WindowsPowerShell\v1.0\powershell.exe -NoProfile -ExecutionPolicy Bypass -Command Import-Module 'c:\Users\yaswa\.vscode\extensions\ms-vscode.powershell-2025.4.0\modules\PowerShellEditorServices\PowerShellEditorServices.psd1'; Start-EditorServices -HostName 'Visual Studio Code Host' -HostProfileId 'Microsoft.VSCode' -HostVersion '2025.4.0' -BundledModulesPath 'c:\Users\yaswa\.vscode\extensions\ms-vscode.powershell-2025.4.0\modules' -EnableConsoleRepl -StartupBanner ""PowerShell Extension v2025.4.0 Copyright (c) Microsoft Corporation.  https://aka.ms/vscode-powershell Type 'help' to get help. "" -LogLevel 'Warning' -LogPath 'c:\Users\yaswa\AppData\Roaming\Code\logs\20260730T121325\window3\exthost\ms-vscode.powershell' -SessionDetailsPath 'c:\Users\yaswa\AppData\Roaming\Code\User\globalStorage\ms-vscode.powershell\sessions\PSES-VSCode-20148-876616.json' -FeatureFlags @()  	EngineVersion= 	RunspaceId= 	PipelineId= 	CommandName= 	CommandType= 	ScriptName= 	CommandPath= 	CommandLine="
"2026-08-02T10:57:59.449Z","6572","600","Windows PowerShell","PowerShell","Information","LAPTOP-8SM7PKPU",,"{""Data"":["""","""",""""]}","Provider ""Certificate"" is Started.   Details:  	ProviderName=Certificate 	NewProviderState=Started  	SequenceNumber=27  	HostName=Default Host 	HostVersion=5.1.26100.8875 	HostId=81d753cb-e85d-4a1e-91c8-16d57a86d2a2 	HostApplication=C:\Windows\System32\WindowsPowerShell\v1.0\powershell.exe -NoProfile -ExecutionPolicy Bypass -Command Import-Module 'c:\Users\yaswa\.vscode\extensions\ms-vscode.powershell-2025.4.0\modules\PowerShellEditorServices\PowerShellEditorServices.psd1'; Start-EditorServices -HostName 'Visual Studio Code Host' -HostProfileId 'Microsoft.VSCode' -HostVersion '2025.4.0' -BundledModulesPath 'c:\Users\yaswa\.vscode\extensions\ms-vscode.powershell-2025.4.0\modules' -EnableConsoleRepl -StartupBanner ""PowerShell Extension v2025.4.0 Copyright (c) Microsoft Corporation.  https://aka.ms/vscode-powershell Type 'help' to get help. "" -LogLevel 'Warning' -LogPath 'c:\Users\yaswa\AppData\Roaming\Code\logs\20260730T121325\window3\exthost\ms-vscode.powershell' -SessionDetailsPath 'c:\Users\yaswa\AppData\Roaming\Code\User\globalStorage\ms-vscode.powershell\sessions\PSES-VSCode-20148-876616.json' -FeatureFlags @()  	EngineVersion= 	RunspaceId= 	PipelineId= 	CommandName= 	CommandType= 	ScriptName= 	CommandPath= 	CommandLine="
"2026-08-02T10:57:59.448Z","6571","600","Windows PowerShell","PowerShell","Information","LAPTOP-8SM7PKPU",,"{""Data"":["""","""",""""]}","Provider ""Variable"" is Started.   Details:  	ProviderName=Variable 	NewProviderState=Started  	SequenceNumber=25  	HostName=Default Host 	HostVersion=5.1.26100.8875 	HostId=81d753cb-e85d-4a1e-91c8-16d57a86d2a2 	HostApplication=C:\Windows\System32\WindowsPowerShell\v1.0\powershell.exe -NoProfile -ExecutionPolicy Bypass -Command Import-Module 'c:\Users\yaswa\.vscode\extensions\ms-vscode.powershell-2025.4.0\modules\PowerShellEditorServices\PowerShellEditorServices.psd1'; Start-EditorServices -HostName 'Visual Studio Code Host' -HostProfileId 'Microsoft.VSCode' -HostVersion '2025.4.0' -BundledModulesPath 'c:\Users\yaswa\.vscode\extensions\ms-vscode.powershell-2025.4.0\modules' -EnableConsoleRepl -StartupBanner ""PowerShell Extension v2025.4.0 Copyright (c) Microsoft Corporation.  https://aka.ms/vscode-powershell Type 'help' to get help. "" -LogLevel 'Warning' -LogPath 'c:\Users\yaswa\AppData\Roaming\Code\logs\20260730T121325\window3\exthost\ms-vscode.powershell' -SessionDetailsPath 'c:\Users\yaswa\AppData\Roaming\Code\User\globalStorage\ms-vscode.powershell\sessions\PSES-VSCode-20148-876616.json' -FeatureFlags @()  	EngineVersion= 	RunspaceId= 	PipelineId= 	CommandName= 	CommandType= 	ScriptName= 	CommandPath= 	CommandLine="
"2026-08-02T10:57:59.447Z","6570","600","Windows PowerShell","PowerShell","Information","LAPTOP-8SM7PKPU",,"{""Data"":["""","""",""""]}","Provider ""Function"" is Started.   Details:  	ProviderName=Function 	NewProviderState=Started  	SequenceNumber=23  	HostName=Default Host 	HostVersion=5.1.26100.8875 	HostId=81d753cb-e85d-4a1e-91c8-16d57a86d2a2 	HostApplication=C:\Windows\System32\WindowsPowerShell\v1.0\powershell.exe -NoProfile -ExecutionPolicy Bypass -Command Import-Module 'c:\Users\yaswa\.vscode\extensions\ms-vscode.powershell-2025.4.0\modules\PowerShellEditorServices\PowerShellEditorServices.psd1'; Start-EditorServices -HostName 'Visual Studio Code Host' -HostProfileId 'Microsoft.VSCode' -HostVersion '2025.4.0' -BundledModulesPath 'c:\Users\yaswa\.vscode\extensions\ms-vscode.powershell-2025.4.0\modules' -EnableConsoleRepl -StartupBanner ""PowerShell Extension v2025.4.0 Copyright (c) Microsoft Corporation.  https://aka.ms/vscode-powershell Type 'help' to get help. "" -LogLevel 'Warning' -LogPath 'c:\Users\yaswa\AppData\Roaming\Code\logs\20260730T121325\window3\exthost\ms-vscode.powershell' -SessionDetailsPath 'c:\Users\yaswa\AppData\Roaming\Code\User\globalStorage\ms-vscode.powershell\sessions\PSES-VSCode-20148-876616.json' -FeatureFlags @()  	EngineVersion= 	RunspaceId= 	PipelineId= 	CommandName= 	CommandType= 	ScriptName= 	CommandPath= 	CommandLine="
"2026-08-02T10:57:59.445Z","6569","600","Windows PowerShell","PowerShell","Information","LAPTOP-8SM7PKPU",,"{""Data"":["""","""",""""]}","Provider ""FileSystem"" is Started.   Details:  	ProviderName=FileSystem 	NewProviderState=Started  	SequenceNumber=21  	HostName=Default Host 	HostVersion=5.1.26100.8875 	HostId=81d753cb-e85d-4a1e-91c8-16d57a86d2a2 	HostApplication=C:\Windows\System32\WindowsPowerShell\v1.0\powershell.exe -NoProfile -ExecutionPolicy Bypass -Command Import-Module 'c:\Users\yaswa\.vscode\extensions\ms-vscode.powershell-2025.4.0\modules\PowerShellEditorServices\PowerShellEditorServices.psd1'; Start-EditorServices -HostName 'Visual Studio Code Host' -HostProfileId 'Microsoft.VSCode' -HostVersion '2025.4.0' -BundledModulesPath 'c:\Users\yaswa\.vscode\extensions\ms-vscode.powershell-2025.4.0\modules' -EnableConsoleRepl -StartupBanner ""PowerShell Extension v2025.4.0 Copyright (c) Microsoft Corporation.  https://aka.ms/vscode-powershell Type 'help' to get help. "" -LogLevel 'Warning' -LogPath 'c:\Users\yaswa\AppData\Roaming\Code\logs\20260730T121325\window3\exthost\ms-vscode.powershell' -SessionDetailsPath 'c:\Users\yaswa\AppData\Roaming\Code\User\globalStorage\ms-vscode.powershell\sessions\PSES-VSCode-20148-876616.json' -FeatureFlags @()  	EngineVersion= 	RunspaceId= 	PipelineId= 	CommandName= 	CommandType= 	ScriptName= 	CommandPath= 	CommandLine="
"2026-08-02T10:57:59.445Z","6568","600","Windows PowerShell","PowerShell","Information","LAPTOP-8SM7PKPU",,"{""Data"":["""","""",""""]}","Provider ""Environment"" is Started.   Details:  	ProviderName=Environment 	NewProviderState=Started  	SequenceNumber=19  	HostName=Default Host 	HostVersion=5.1.26100.8875 	HostId=81d753cb-e85d-4a1e-91c8-16d57a86d2a2 	HostApplication=C:\Windows\System32\WindowsPowerShell\v1.0\powershell.exe -NoProfile -ExecutionPolicy Bypass -Command Import-Module 'c:\Users\yaswa\.vscode\extensions\ms-vscode.powershell-2025.4.0\modules\PowerShellEditorServices\PowerShellEditorServices.psd1'; Start-EditorServices -HostName 'Visual Studio Code Host' -HostProfileId 'Microsoft.VSCode' -HostVersion '2025.4.0' -BundledModulesPath 'c:\Users\yaswa\.vscode\extensions\ms-vscode.powershell-2025.4.0\modules' -EnableConsoleRepl -StartupBanner ""PowerShell Extension v2025.4.0 Copyright (c) Microsoft Corporation.  https://aka.ms/vscode-powershell Type 'help' to get help. "" -LogLevel 'Warning' -LogPath 'c:\Users\yaswa\AppData\Roaming\Code\logs\20260730T121325\window3\exthost\ms-vscode.powershell' -SessionDetailsPath 'c:\Users\yaswa\AppData\Roaming\Code\User\globalStorage\ms-vscode.powershell\sessions\PSES-VSCode-20148-876616.json' -FeatureFlags @()  	EngineVersion= 	RunspaceId= 	PipelineId= 	CommandName= 	CommandType= 	ScriptName= 	CommandPath= 	CommandLine="
"2026-08-02T10:57:59.444Z","6567","600","Windows PowerShell","PowerShell","Information","LAPTOP-8SM7PKPU",,"{""Data"":["""","""",""""]}","Provider ""Alias"" is Started.   Details:  	ProviderName=Alias 	NewProviderState=Started  	SequenceNumber=17  	HostName=Default Host 	HostVersion=5.1.26100.8875 	HostId=81d753cb-e85d-4a1e-91c8-16d57a86d2a2 	HostApplication=C:\Windows\System32\WindowsPowerShell\v1.0\powershell.exe -NoProfile -ExecutionPolicy Bypass -Command Import-Module 'c:\Users\yaswa\.vscode\extensions\ms-vscode.powershell-2025.4.0\modules\PowerShellEditorServices\PowerShellEditorServices.psd1'; Start-EditorServices -HostName 'Visual Studio Code Host' -HostProfileId 'Microsoft.VSCode' -HostVersion '2025.4.0' -BundledModulesPath 'c:\Users\yaswa\.vscode\extensions\ms-vscode.powershell-2025.4.0\modules' -EnableConsoleRepl -StartupBanner ""PowerShell Extension v2025.4.0 Copyright (c) Microsoft Corporation.  https://aka.ms/vscode-powershell Type 'help' to get help. "" -LogLevel 'Warning' -LogPath 'c:\Users\yaswa\AppData\Roaming\Code\logs\20260730T121325\window3\exthost\ms-vscode.powershell' -SessionDetailsPath 'c:\Users\yaswa\AppData\Roaming\Code\User\globalStorage\ms-vscode.powershell\sessions\PSES-VSCode-20148-876616.json' -FeatureFlags @()  	EngineVersion= 	RunspaceId= 	PipelineId= 	CommandName= 	CommandType= 	ScriptName= 	CommandPath= 	CommandLine="
"2026-08-02T10:57:59.444Z","6566","600","Windows PowerShell","PowerShell","Information","LAPTOP-8SM7PKPU",,"{""Data"":["""","""",""""]}","Provider ""Registry"" is Started.   Details:  	ProviderName=Registry 	NewProviderState=Started  	SequenceNumber=15  	HostName=Default Host 	HostVersion=5.1.26100.8875 	HostId=81d753cb-e85d-4a1e-91c8-16d57a86d2a2 	HostApplication=C:\Windows\System32\WindowsPowerShell\v1.0\powershell.exe -NoProfile -ExecutionPolicy Bypass -Command Import-Module 'c:\Users\yaswa\.vscode\extensions\ms-vscode.powershell-2025.4.0\modules\PowerShellEditorServices\PowerShellEditorServices.psd1'; Start-EditorServices -HostName 'Visual Studio Code Host' -HostProfileId 'Microsoft.VSCode' -HostVersion '2025.4.0' -BundledModulesPath 'c:\Users\yaswa\.vscode\extensions\ms-vscode.powershell-2025.4.0\modules' -EnableConsoleRepl -StartupBanner ""PowerShell Extension v2025.4.0 Copyright (c) Microsoft Corporation.  https://aka.ms/vscode-powershell Type 'help' to get help. "" -LogLevel 'Warning' -LogPath 'c:\Users\yaswa\AppData\Roaming\Code\logs\20260730T121325\window3\exthost\ms-vscode.powershell' -SessionDetailsPath 'c:\Users\yaswa\AppData\Roaming\Code\User\globalStorage\ms-vscode.powershell\sessions\PSES-VSCode-20148-876616.json' -FeatureFlags @()  	EngineVersion= 	RunspaceId= 	PipelineId= 	CommandName= 	CommandType= 	ScriptName= 	CommandPath= 	CommandLine="
"2026-08-02T10:57:59.318Z","6565","400","Windows PowerShell","PowerShell","Information","LAPTOP-8SM7PKPU",,"{""Data"":["""","""",""""]}","Engine state is changed from None to Available.   Details:  	NewEngineState=Available 	PreviousEngineState=None  	SequenceNumber=13  	HostName=ConsoleHost 	HostVersion=5.1.26100.8875 	HostId=01307c26-0d40-4f26-be3c-da1f1acb9e10 	HostApplication=C:\Windows\System32\WindowsPowerShell\v1.0\powershell.exe -NoProfile -ExecutionPolicy Bypass -Command Import-Module 'c:\Users\yaswa\.vscode\extensions\ms-vscode.powershell-2025.4.0\modules\PowerShellEditorServices\PowerShellEditorServices.psd1'; Start-EditorServices -HostName 'Visual Studio Code Host' -HostProfileId 'Microsoft.VSCode' -HostVersion '2025.4.0' -BundledModulesPath 'c:\Users\yaswa\.vscode\extensions\ms-vscode.powershell-2025.4.0\modules' -EnableConsoleRepl -StartupBanner ""PowerShell Extension v2025.4.0 Copyright (c) Microsoft Corporation.  https://aka.ms/vscode-powershell Type 'help' to get help. "" -LogLevel 'Warning' -LogPath 'c:\Users\yaswa\AppData\Roaming\Code\logs\20260730T121325\window3\exthost\ms-vscode.powershell' -SessionDetailsPath 'c:\Users\yaswa\AppData\Roaming\Code\User\globalStorage\ms-vscode.powershell\sessions\PSES-VSCode-20148-876616.json' -FeatureFlags @()  	EngineVersion=5.1.26100.8875 	RunspaceId=3a704437-255e-40c2-bf0e-42432350e9ca 	PipelineId= 	CommandName= 	CommandType= 	ScriptName= 	CommandPath= 	CommandLine="
"2026-08-02T10:57:59.314Z","6564","600","Windows PowerShell","PowerShell","Information","LAPTOP-8SM7PKPU",,"{""Data"":["""","""",""""]}","Provider ""Variable"" is Started.   Details:  	ProviderName=Variable 	NewProviderState=Started  	SequenceNumber=11  	HostName=ConsoleHost 	HostVersion=5.1.26100.8875 	HostId=01307c26-0d40-4f26-be3c-da1f1acb9e10 	HostApplication=C:\Windows\System32\WindowsPowerShell\v1.0\powershell.exe -NoProfile -ExecutionPolicy Bypass -Command Import-Module 'c:\Users\yaswa\.vscode\extensions\ms-vscode.powershell-2025.4.0\modules\PowerShellEditorServices\PowerShellEditorServices.psd1'; Start-EditorServices -HostName 'Visual Studio Code Host' -HostProfileId 'Microsoft.VSCode' -HostVersion '2025.4.0' -BundledModulesPath 'c:\Users\yaswa\.vscode\extensions\ms-vscode.powershell-2025.4.0\modules' -EnableConsoleRepl -StartupBanner ""PowerShell Extension v2025.4.0 Copyright (c) Microsoft Corporation.  https://aka.ms/vscode-powershell Type 'help' to get help. "" -LogLevel 'Warning' -LogPath 'c:\Users\yaswa\AppData\Roaming\Code\logs\20260730T121325\window3\exthost\ms-vscode.powershell' -SessionDetailsPath 'c:\Users\yaswa\AppData\Roaming\Code\User\globalStorage\ms-vscode.powershell\sessions\PSES-VSCode-20148-876616.json' -FeatureFlags @()  	EngineVersion= 	RunspaceId= 	PipelineId= 	CommandName= 	CommandType= 	ScriptName= 	CommandPath= 	CommandLine="
"2026-08-02T10:57:59.313Z","6563","600","Windows PowerShell","PowerShell","Information","LAPTOP-8SM7PKPU",,"{""Data"":["""","""",""""]}","Provider ""Function"" is Started.   Details:  	ProviderName=Function 	NewProviderState=Started  	SequenceNumber=9  	HostName=ConsoleHost 	HostVersion=5.1.26100.8875 	HostId=01307c26-0d40-4f26-be3c-da1f1acb9e10 	HostApplication=C:\Windows\System32\WindowsPowerShell\v1.0\powershell.exe -NoProfile -ExecutionPolicy Bypass -Command Import-Module 'c:\Users\yaswa\.vscode\extensions\ms-vscode.powershell-2025.4.0\modules\PowerShellEditorServices\PowerShellEditorServices.psd1'; Start-EditorServices -HostName 'Visual Studio Code Host' -HostProfileId 'Microsoft.VSCode' -HostVersion '2025.4.0' -BundledModulesPath 'c:\Users\yaswa\.vscode\extensions\ms-vscode.powershell-2025.4.0\modules' -EnableConsoleRepl -StartupBanner ""PowerShell Extension v2025.4.0 Copyright (c) Microsoft Corporation.  https://aka.ms/vscode-powershell Type 'help' to get help. "" -LogLevel 'Warning' -LogPath 'c:\Users\yaswa\AppData\Roaming\Code\logs\20260730T121325\window3\exthost\ms-vscode.powershell' -SessionDetailsPath 'c:\Users\yaswa\AppData\Roaming\Code\User\globalStorage\ms-vscode.powershell\sessions\PSES-VSCode-20148-876616.json' -FeatureFlags @()  	EngineVersion= 	RunspaceId= 	PipelineId= 	CommandName= 	CommandType= 	ScriptName= 	CommandPath= 	CommandLine="
"2026-08-02T10:57:59.313Z","6562","600","Windows PowerShell","PowerShell","Information","LAPTOP-8SM7PKPU",,"{""Data"":["""","""",""""]}","Provider ""FileSystem"" is Started.   Details:  	ProviderName=FileSystem 	NewProviderState=Started  	SequenceNumber=7  	HostName=ConsoleHost 	HostVersion=5.1.26100.8875 	HostId=01307c26-0d40-4f26-be3c-da1f1acb9e10 	HostApplication=C:\Windows\System32\WindowsPowerShell\v1.0\powershell.exe -NoProfile -ExecutionPolicy Bypass -Command Import-Module 'c:\Users\yaswa\.vscode\extensions\ms-vscode.powershell-2025.4.0\modules\PowerShellEditorServices\PowerShellEditorServices.psd1'; Start-EditorServices -HostName 'Visual Studio Code Host' -HostProfileId 'Microsoft.VSCode' -HostVersion '2025.4.0' -BundledModulesPath 'c:\Users\yaswa\.vscode\extensions\ms-vscode.powershell-2025.4.0\modules' -EnableConsoleRepl -StartupBanner ""PowerShell Extension v2025.4.0 Copyright (c) Microsoft Corporation.  https://aka.ms/vscode-powershell Type 'help' to get help. "" -LogLevel 'Warning' -LogPath 'c:\Users\yaswa\AppData\Roaming\Code\logs\20260730T121325\window3\exthost\ms-vscode.powershell' -SessionDetailsPath 'c:\Users\yaswa\AppData\Roaming\Code\User\globalStorage\ms-vscode.powershell\sessions\PSES-VSCode-20148-876616.json' -FeatureFlags @()  	EngineVersion= 	RunspaceId= 	PipelineId= 	CommandName= 	CommandType= 	ScriptName= 	CommandPath= 	CommandLine="
"2026-08-02T10:57:59.313Z","6561","600","Windows PowerShell","PowerShell","Information","LAPTOP-8SM7PKPU",,"{""Data"":["""","""",""""]}","Provider ""Environment"" is Started.   Details:  	ProviderName=Environment 	NewProviderState=Started  	SequenceNumber=5  	HostName=ConsoleHost 	HostVersion=5.1.26100.8875 	HostId=01307c26-0d40-4f26-be3c-da1f1acb9e10 	HostApplication=C:\Windows\System32\WindowsPowerShell\v1.0\powershell.exe -NoProfile -ExecutionPolicy Bypass -Command Import-Module 'c:\Users\yaswa\.vscode\extensions\ms-vscode.powershell-2025.4.0\modules\PowerShellEditorServices\PowerShellEditorServices.psd1'; Start-EditorServices -HostName 'Visual Studio Code Host' -HostProfileId 'Microsoft.VSCode' -HostVersion '2025.4.0' -BundledModulesPath 'c:\Users\yaswa\.vscode\extensions\ms-vscode.powershell-2025.4.0\modules' -EnableConsoleRepl -StartupBanner ""PowerShell Extension v2025.4.0 Copyright (c) Microsoft Corporation.  https://aka.ms/vscode-powershell Type 'help' to get help. "" -LogLevel 'Warning' -LogPath 'c:\Users\yaswa\AppData\Roaming\Code\logs\20260730T121325\window3\exthost\ms-vscode.powershell' -SessionDetailsPath 'c:\Users\yaswa\AppData\Roaming\Code\User\globalStorage\ms-vscode.powershell\sessions\PSES-VSCode-20148-876616.json' -FeatureFlags @()  	EngineVersion= 	RunspaceId= 	PipelineId= 	CommandName= 	CommandType= 	ScriptName= 	CommandPath= 	CommandLine="
"2026-08-02T10:57:59.313Z","6560","600","Windows PowerShell","PowerShell","Information","LAPTOP-8SM7PKPU",,"{""Data"":["""","""",""""]}","Provider ""Alias"" is Started.   Details:  	ProviderName=Alias 	NewProviderState=Started  	SequenceNumber=3  	HostName=ConsoleHost 	HostVersion=5.1.26100.8875 	HostId=01307c26-0d40-4f26-be3c-da1f1acb9e10 	HostApplication=C:\Windows\System32\WindowsPowerShell\v1.0\powershell.exe -NoProfile -ExecutionPolicy Bypass -Command Import-Module 'c:\Users\yaswa\.vscode\extensions\ms-vscode.powershell-2025.4.0\modules\PowerShellEditorServices\PowerShellEditorServices.psd1'; Start-EditorServices -HostName 'Visual Studio Code Host' -HostProfileId 'Microsoft.VSCode' -HostVersion '2025.4.0' -BundledModulesPath 'c:\Users\yaswa\.vscode\extensions\ms-vscode.powershell-2025.4.0\modules' -EnableConsoleRepl -StartupBanner ""PowerShell Extension v2025.4.0 Copyright (c) Microsoft Corporation.  https://aka.ms/vscode-powershell Type 'help' to get help. "" -LogLevel 'Warning' -LogPath 'c:\Users\yaswa\AppData\Roaming\Code\logs\20260730T121325\window3\exthost\ms-vscode.powershell' -SessionDetailsPath 'c:\Users\yaswa\AppData\Roaming\Code\User\globalStorage\ms-vscode.powershell\sessions\PSES-VSCode-20148-876616.json' -FeatureFlags @()  	EngineVersion= 	RunspaceId= 	PipelineId= 	CommandName= 	CommandType= 	ScriptName= 	CommandPath= 	CommandLine="
"2026-08-02T10:57:59.313Z","6559","600","Windows PowerShell","PowerShell","Information","LAPTOP-8SM7PKPU",,"{""Data"":["""","""",""""]}","Provider ""Registry"" is Started.   Details:  	ProviderName=Registry 	NewProviderState=Started  	SequenceNumber=1  	HostName=ConsoleHost 	HostVersion=5.1.26100.8875 	HostId=01307c26-0d40-4f26-be3c-da1f1acb9e10 	HostApplication=C:\Windows\System32\WindowsPowerShell\v1.0\powershell.exe -NoProfile -ExecutionPolicy Bypass -Command Import-Module 'c:\Users\yaswa\.vscode\extensions\ms-vscode.powershell-2025.4.0\modules\PowerShellEditorServices\PowerShellEditorServices.psd1'; Start-EditorServices -HostName 'Visual Studio Code Host' -HostProfileId 'Microsoft.VSCode' -HostVersion '2025.4.0' -BundledModulesPath 'c:\Users\yaswa\.vscode\extensions\ms-vscode.powershell-2025.4.0\modules' -EnableConsoleRepl -StartupBanner ""PowerShell Extension v2025.4.0 Copyright (c) Microsoft Corporation.  https://aka.ms/vscode-powershell Type 'help' to get help. "" -LogLevel 'Warning' -LogPath 'c:\Users\yaswa\AppData\Roaming\Code\logs\20260730T121325\window3\exthost\ms-vscode.powershell' -SessionDetailsPath 'c:\Users\yaswa\AppData\Roaming\Code\User\globalStorage\ms-vscode.powershell\sessions\PSES-VSCode-20148-876616.json' -FeatureFlags @()  	EngineVersion= 	RunspaceId= 	PipelineId= 	CommandName= 	CommandType= 	ScriptName= 	CommandPath= 	CommandLine="
"2026-08-02T10:57:59.002Z","6558","400","Windows PowerShell","PowerShell","Information","LAPTOP-8SM7PKPU",,"{""Data"":["""","""",""""]}","Engine state is changed from None to Available.   Details:  	NewEngineState=Available 	PreviousEngineState=None  	SequenceNumber=13  	HostName=ConsoleHost 	HostVersion=5.1.26100.8875 	HostId=3c32f279-09fc-40d0-95c0-963e15a8b9dc 	HostApplication=C:\Windows\System32\WindowsPowerShell\v1.0\powershell.exe -noexit -command try { . ""c:\Users\yaswa\AppData\Local\Programs\Microsoft VS Code\e4c7e7b1d6\resources\app\out\vs\workbench\contrib\terminal\common\scripts\shellIntegration.ps1"" } catch {} 	EngineVersion=5.1.26100.8875 	RunspaceId=0ec290d7-cb76-4485-8284-da47e3f0ae6a 	PipelineId= 	CommandName= 	CommandType= 	ScriptName= 	CommandPath= 	CommandLine="
"2026-08-02T10:57:58.996Z","6557","600","Windows PowerShell","PowerShell","Information","LAPTOP-8SM7PKPU",,"{""Data"":["""","""",""""]}","Provider ""Variable"" is Started.   Details:  	ProviderName=Variable 	NewProviderState=Started  	SequenceNumber=11  	HostName=ConsoleHost 	HostVersion=5.1.26100.8875 	HostId=3c32f279-09fc-40d0-95c0-963e15a8b9dc 	HostApplication=C:\Windows\System32\WindowsPowerShell\v1.0\powershell.exe -noexit -command try { . ""c:\Users\yaswa\AppData\Local\Programs\Microsoft VS Code\e4c7e7b1d6\resources\app\out\vs\workbench\contrib\terminal\common\scripts\shellIntegration.ps1"" } catch {} 	EngineVersion= 	RunspaceId= 	PipelineId= 	CommandName= 	CommandType= 	ScriptName= 	CommandPath= 	CommandLine="
"2026-08-02T10:57:58.996Z","6556","600","Windows PowerShell","PowerShell","Information","LAPTOP-8SM7PKPU",,"{""Data"":["""","""",""""]}","Provider ""Function"" is Started.   Details:  	ProviderName=Function 	NewProviderState=Started  	SequenceNumber=9  	HostName=ConsoleHost 	HostVersion=5.1.26100.8875 	HostId=3c32f279-09fc-40d0-95c0-963e15a8b9dc 	HostApplication=C:\Windows\System32\WindowsPowerShell\v1.0\powershell.exe -noexit -command try { . ""c:\Users\yaswa\AppData\Local\Programs\Microsoft VS Code\e4c7e7b1d6\resources\app\out\vs\workbench\contrib\terminal\common\scripts\shellIntegration.ps1"" } catch {} 	EngineVersion= 	RunspaceId= 	PipelineId= 	CommandName= 	CommandType= 	ScriptName= 	CommandPath= 	CommandLine="
"2026-08-02T10:57:58.996Z","6555","600","Windows PowerShell","PowerShell","Information","LAPTOP-8SM7PKPU",,"{""Data"":["""","""",""""]}","Provider ""FileSystem"" is Started.   Details:  	ProviderName=FileSystem 	NewProviderState=Started  	SequenceNumber=7  	HostName=ConsoleHost 	HostVersion=5.1.26100.8875 	HostId=3c32f279-09fc-40d0-95c0-963e15a8b9dc 	HostApplication=C:\Windows\System32\WindowsPowerShell\v1.0\powershell.exe -noexit -command try { . ""c:\Users\yaswa\AppData\Local\Programs\Microsoft VS Code\e4c7e7b1d6\resources\app\out\vs\workbench\contrib\terminal\common\scripts\shellIntegration.ps1"" } catch {} 	EngineVersion= 	RunspaceId= 	PipelineId= 	CommandName= 	CommandType= 	ScriptName= 	CommandPath= 	CommandLine="
"2026-08-02T10:57:58.995Z","6554","600","Windows PowerShell","PowerShell","Information","LAPTOP-8SM7PKPU",,"{""Data"":["""","""",""""]}","Provider ""Environment"" is Started.   Details:  	ProviderName=Environment 	NewProviderState=Started  	SequenceNumber=5  	HostName=ConsoleHost 	HostVersion=5.1.26100.8875 	HostId=3c32f279-09fc-40d0-95c0-963e15a8b9dc 	HostApplication=C:\Windows\System32\WindowsPowerShell\v1.0\powershell.exe -noexit -command try { . ""c:\Users\yaswa\AppData\Local\Programs\Microsoft VS Code\e4c7e7b1d6\resources\app\out\vs\workbench\contrib\terminal\common\scripts\shellIntegration.ps1"" } catch {} 	EngineVersion= 	RunspaceId= 	PipelineId= 	CommandName= 	CommandType= 	ScriptName= 	CommandPath= 	CommandLine="
"2026-08-02T10:57:58.995Z","6553","600","Windows PowerShell","PowerShell","Information","LAPTOP-8SM7PKPU",,"{""Data"":["""","""",""""]}","Provider ""Alias"" is Started.   Details:  	ProviderName=Alias 	NewProviderState=Started  	SequenceNumber=3  	HostName=ConsoleHost 	HostVersion=5.1.26100.8875 	HostId=3c32f279-09fc-40d0-95c0-963e15a8b9dc 	HostApplication=C:\Windows\System32\WindowsPowerShell\v1.0\powershell.exe -noexit -command try { . ""c:\Users\yaswa\AppData\Local\Programs\Microsoft VS Code\e4c7e7b1d6\resources\app\out\vs\workbench\contrib\terminal\common\scripts\shellIntegration.ps1"" } catch {} 	EngineVersion= 	RunspaceId= 	PipelineId= 	CommandName= 	CommandType= 	ScriptName= 	CommandPath= 	CommandLine="
"2026-08-02T10:57:58.994Z","6552","600","Windows PowerShell","PowerShell","Information","LAPTOP-8SM7PKPU",,"{""Data"":["""","""",""""]}","Provider ""Registry"" is Started.   Details:  	ProviderName=Registry 	NewProviderState=Started  	SequenceNumber=1  	HostName=ConsoleHost 	HostVersion=5.1.26100.8875 	HostId=3c32f279-09fc-40d0-95c0-963e15a8b9dc 	HostApplication=C:\Windows\System32\WindowsPowerShell\v1.0\powershell.exe -noexit -command try { . ""c:\Users\yaswa\AppData\Local\Programs\Microsoft VS Code\e4c7e7b1d6\resources\app\out\vs\workbench\contrib\terminal\common\scripts\shellIntegration.ps1"" } catch {} 	EngineVersion= 	RunspaceId= 	PipelineId= 	CommandName= 	CommandType= 	ScriptName= 	CommandPath= 	CommandLine="
"2026-08-02T10:18:00.903Z","6551","403","Windows PowerShell","PowerShell","Information","LAPTOP-8SM7PKPU",,"{""Data"":["""","""",""""]}","Engine state is changed from Available to Stopped.   Details:  	NewEngineState=Stopped 	PreviousEngineState=Available  	SequenceNumber=19  	HostName=Default Host 	HostVersion=5.1.26100.8875 	HostId=a3ed57fd-d152-4391-9e8f-553253b8a52e 	HostApplication=-name 10e70d78-7b09-4f1e-87bb-cd3cf5383823 -runas -pluginName LenovoCompanionAppPlugin -pluginVersion 3.0.0.1 	EngineVersion=5.1.26100.8875 	RunspaceId=08736577-d194-474a-a2bb-f5664f5c6abb 	PipelineId= 	CommandName= 	CommandType= 	ScriptName= 	CommandPath= 	CommandLine="
"2026-08-02T10:17:59.253Z","6550","400","Windows PowerShell","PowerShell","Information","LAPTOP-8SM7PKPU",,"{""Data"":["""","""",""""]}","Engine state is changed from None to Available.   Details:  	NewEngineState=Available 	PreviousEngineState=None  	SequenceNumber=17  	HostName=Default Host 	HostVersion=5.1.26100.8875 	HostId=a3ed57fd-d152-4391-9e8f-553253b8a52e 	HostApplication=-name 10e70d78-7b09-4f1e-87bb-cd3cf5383823 -runas -pluginName LenovoCompanionAppPlugin -pluginVersion 3.0.0.1 	EngineVersion=5.1.26100.8875 	RunspaceId=08736577-d194-474a-a2bb-f5664f5c6abb 	PipelineId= 	CommandName= 	CommandType= 	ScriptName= 	CommandPath= 	CommandLine="
"2026-08-02T10:17:59.191Z","6549","600","Windows PowerShell","PowerShell","Information","LAPTOP-8SM7PKPU",,"{""Data"":["""","""",""""]}","Provider ""WSMan"" is Started.   Details:  	ProviderName=WSMan 	NewProviderState=Started  	SequenceNumber=15  	HostName=Default Host 	HostVersion=5.1.26100.8875 	HostId=a3ed57fd-d152-4391-9e8f-553253b8a52e 	HostApplication=-name 10e70d78-7b09-4f1e-87bb-cd3cf5383823 -runas -pluginName LenovoCompanionAppPlugin -pluginVersion 3.0.0.1 	EngineVersion= 	RunspaceId= 	PipelineId= 	CommandName= 	CommandType= 	ScriptName= 	CommandPath= 	CommandLine="
"2026-08-02T10:17:59.188Z","6548","600","Windows PowerShell","PowerShell","Information","LAPTOP-8SM7PKPU",,"{""Data"":["""","""",""""]}","Provider ""Certificate"" is Started.   Details:  	ProviderName=Certificate 	NewProviderState=Started  	SequenceNumber=13  	HostName=Default Host 	HostVersion=5.1.26100.8875 	HostId=a3ed57fd-d152-4391-9e8f-553253b8a52e 	HostApplication=-name 10e70d78-7b09-4f1e-87bb-cd3cf5383823 -runas -pluginName LenovoCompanionAppPlugin -pluginVersion 3.0.0.1 	EngineVersion= 	RunspaceId= 	PipelineId= 	CommandName= 	CommandType= 	ScriptName= 	CommandPath= 	CommandLine="
"2026-08-02T10:17:59.184Z","6547","600","Windows PowerShell","PowerShell","Information","LAPTOP-8SM7PKPU",,"{""Data"":["""","""",""""]}","Provider ""Variable"" is Started.   Details:  	ProviderName=Variable 	NewProviderState=Started  	SequenceNumber=11  	HostName=Default Host 	HostVersion=5.1.26100.8875 	HostId=a3ed57fd-d152-4391-9e8f-553253b8a52e 	HostApplication=-name 10e70d78-7b09-4f1e-87bb-cd3cf5383823 -runas -pluginName LenovoCompanionAppPlugin -pluginVersion 3.0.0.1 	EngineVersion= 	RunspaceId= 	PipelineId= 	CommandName= 	CommandType= 	ScriptName= 	CommandPath= 	CommandLine="
"2026-08-02T10:17:59.184Z","6546","600","Windows PowerShell","PowerShell","Information","LAPTOP-8SM7PKPU",,"{""Data"":["""","""",""""]}","Provider ""Function"" is Started.   Details:  	ProviderName=Function 	NewProviderState=Started  	SequenceNumber=9  	HostName=Default Host 	HostVersion=5.1.26100.8875 	HostId=a3ed57fd-d152-4391-9e8f-553253b8a52e 	HostApplication=-name 10e70d78-7b09-4f1e-87bb-cd3cf5383823 -runas -pluginName LenovoCompanionAppPlugin -pluginVersion 3.0.0.1 	EngineVersion= 	RunspaceId= 	PipelineId= 	CommandName= 	CommandType= 	ScriptName= 	CommandPath= 	CommandLine="
"2026-08-02T10:17:59.183Z","6545","600","Windows PowerShell","PowerShell","Information","LAPTOP-8SM7PKPU",,"{""Data"":["""","""",""""]}","Provider ""FileSystem"" is Started.   Details:  	ProviderName=FileSystem 	NewProviderState=Started  	SequenceNumber=7  	HostName=Default Host 	HostVersion=5.1.26100.8875 	HostId=a3ed57fd-d152-4391-9e8f-553253b8a52e 	HostApplication=-name 10e70d78-7b09-4f1e-87bb-cd3cf5383823 -runas -pluginName LenovoCompanionAppPlugin -pluginVersion 3.0.0.1 	EngineVersion= 	RunspaceId= 	PipelineId= 	CommandName= 	CommandType= 	ScriptName= 	CommandPath= 	CommandLine="
"2026-08-02T10:17:59.177Z","6544","600","Windows PowerShell","PowerShell","Information","LAPTOP-8SM7PKPU",,"{""Data"":["""","""",""""]}","Provider ""Environment"" is Started.   Details:  	ProviderName=Environment 	NewProviderState=Started  	SequenceNumber=5  	HostName=Default Host 	HostVersion=5.1.26100.8875 	HostId=a3ed57fd-d152-4391-9e8f-553253b8a52e 	HostApplication=-name 10e70d78-7b09-4f1e-87bb-cd3cf5383823 -runas -pluginName LenovoCompanionAppPlugin -pluginVersion 3.0.0.1 	EngineVersion= 	RunspaceId= 	PipelineId= 	CommandName= 	CommandType= 	ScriptName= 	CommandPath= 	CommandLine="
"2026-08-02T10:17:59.177Z","6543","600","Windows PowerShell","PowerShell","Information","LAPTOP-8SM7PKPU",,"{""Data"":["""","""",""""]}","Provider ""Alias"" is Started.   Details:  	ProviderName=Alias 	NewProviderState=Started  	SequenceNumber=3  	HostName=Default Host 	HostVersion=5.1.26100.8875 	HostId=a3ed57fd-d152-4391-9e8f-553253b8a52e 	HostApplication=-name 10e70d78-7b09-4f1e-87bb-cd3cf5383823 -runas -pluginName LenovoCompanionAppPlugin -pluginVersion 3.0.0.1 	EngineVersion= 	RunspaceId= 	PipelineId= 	CommandName= 	CommandType= 	ScriptName= 	CommandPath= 	CommandLine="
"2026-08-02T10:17:59.175Z","6542","600","Windows PowerShell","PowerShell","Information","LAPTOP-8SM7PKPU",,"{""Data"":["""","""",""""]}","Provider ""Registry"" is Started.   Details:  	ProviderName=Registry 	NewProviderState=Started  	SequenceNumber=1  	HostName=Default Host 	HostVersion=5.1.26100.8875 	HostId=a3ed57fd-d152-4391-9e8f-553253b8a52e 	HostApplication=-name 10e70d78-7b09-4f1e-87bb-cd3cf5383823 -runas -pluginName LenovoCompanionAppPlugin -pluginVersion 3.0.0.1 	EngineVersion= 	RunspaceId= 	PipelineId= 	CommandName= 	CommandType= 	ScriptName= 	CommandPath= 	CommandLine="
